{
  "type": "FeatureCollection",
  "exportedFrom": "https://www.vworld.kr/dtmk/dtmk_ntads_s002.do?dsId=30162",
  "file": "(연속수치지형도)건물_001.zip",
  "exportedOn": "2026-10-03",
  "attribution": "Source: 국토지리정보원 (National Geographic Information Institute), 연속수치지형도 건물, downloaded from VWorld. Used under 공공누리 제1유형 (Korea Open Government License type 1, which asks that the source is shown).",
  "features": [
    {
      "type": "Feature",
      "id": "B0010000000RF7I8F",
      "properties": {
        "label": "151동미술관"
      },
      "geometry": {
        "type": "Polygon",
        "coordinates": [
          [
            [126.9499767, 37.466281],
            [126.9497457, 37.4661744],
            [126.9493972, 37.4666578],
            [126.9496296, 37.4667651],
            [126.9499767, 37.466281]
          ]
        ]
      }
    },
    {
      "type": "Feature",
      "id": "B0010000000RF2HBC",
      "properties": {
        "label": "공과대학32-1동서울대학교창업지원단"
      },
      "geometry": {
        "type": "Polygon",
        "coordinates": [
          [
            [126.9498003, 37.4562867],
            [126.9497973, 37.4562821],
            [126.9498718, 37.456288],
            [126.9498982, 37.4561008],
            [126.9498636, 37.4560976],
            [126.9498642, 37.4560819],
            [126.9499792, 37.4560518],
            [126.9499914, 37.4559707],
            [126.9499233, 37.4559536],
            [126.9497054, 37.4560109],
            [126.9497067, 37.4560239],
            [126.949677, 37.4562266],
            [126.9496543, 37.4562563],
            [126.9496871, 37.4563234],
            [126.9498003, 37.4562867]
          ]
        ]
      }
    },
    {
      "type": "Feature",
      "id": "B0010000000RF2AOI",
      "properties": {
        "label": "47동대기환경관측소"
      },
      "geometry": {
        "type": "Polygon",
        "coordinates": [
          [
            [126.9502081, 37.452763],
            [126.9501116, 37.4527552],
            [126.9500916, 37.4529146],
            [126.9500917, 37.4529161],
            [126.950092, 37.4529171],
            [126.9500928, 37.452918],
            [126.9500934, 37.4529187],
            [126.9500941, 37.4529193],
            [126.950095, 37.4529197],
            [126.9500963, 37.4529198],
            [126.9501485, 37.4529239],
            [126.9501433, 37.4529728],
            [126.9501751, 37.4529751],
            [126.9501746, 37.4529789],
            [126.9501963, 37.4529805],
            [126.950194, 37.4530078],
            [126.9502302, 37.4530103],
            [126.9502589, 37.4527904],
            [126.9502244, 37.4527878],
            [126.9502259, 37.4527746],
            [126.9502065, 37.4527732],
            [126.9502081, 37.452763]
          ]
        ]
      }
    },
    {
      "type": "Feature",
      "id": "B0010000000RHCGP1",
      "properties": {
        "label": "공과대학38동글로벌공학교육센터"
      },
      "geometry": {
        "type": "Polygon",
        "coordinates": [
          [
            [126.9509111, 37.4551267],
            [126.9509313, 37.455],
            [126.9509824, 37.4546804],
            [126.9501781, 37.4545995],
            [126.9501143, 37.455],
            [126.9501069, 37.4550469],
            [126.9509111, 37.4551267]
          ]
        ]
      }
    },
    {
      "type": "Feature",
      "id": "B0010000000SIJPTN",
      "properties": {
        "label": "자연대대형강의동(28동)"
      },
      "geometry": {
        "type": "Polygon",
        "coordinates": [
          [
            [126.9501823, 37.4578704],
            [126.9505799, 37.4577416],
            [126.9504341, 37.4574516],
            [126.9500309, 37.4575783],
            [126.9501823, 37.4578704]
          ]
        ]
      }
    },
    {
      "type": "Feature",
      "id": "B0010000000SIJSPM",
      "properties": {
        "label": "해동첨단공학관"
      },
      "geometry": {
        "type": "Polygon",
        "coordinates": [
          [
            [126.9517817, 37.4505651],
            [126.9517977, 37.4505511],
            [126.9518025, 37.4505276],
            [126.9518024, 37.4505022],
            [126.9518248, 37.4505024],
            [126.9518465, 37.4504713],
            [126.9518488, 37.4504505],
            [126.9518424, 37.4504395],
            [126.9518471, 37.4504315],
            [126.9519, 37.4503611],
            [126.9518779, 37.450328],
            [126.9518774, 37.4500494],
            [126.9516352, 37.4500479],
            [126.9515112, 37.45],
            [126.9514175, 37.4499638],
            [126.9513951, 37.45],
            [126.951351, 37.4500716],
            [126.9514628, 37.4501167],
            [126.9513875, 37.4502253],
            [126.9513895, 37.4503676],
            [126.9512918, 37.4503669],
            [126.951292, 37.4504878],
            [126.9515364, 37.4504884],
            [126.951754, 37.4505752],
            [126.9517817, 37.4505651]
          ]
        ]
      }
    },
    {
      "type": "Feature",
      "id": "B0010000000RETCF1",
      "properties": {
        "label": "공과대학31동공학관2실험동"
      },
      "geometry": {
        "type": "Polygon",
        "coordinates": [
          [
            [126.9503438, 37.4570796],
            [126.9503873, 37.4570843],
            [126.9503926, 37.4570509],
            [126.9503493, 37.4570467],
            [126.9503657, 37.4569487],
            [126.95, 37.4569121],
            [126.9496671, 37.4568788],
            [126.9496528, 37.4569777],
            [126.9495565, 37.4569669],
            [126.9495385, 37.4570822],
            [126.9495957, 37.4570648],
            [126.9496036, 37.4570055],
            [126.9496479, 37.4570099],
            [126.9496313, 37.4571094],
            [126.95, 37.4571463],
            [126.9503276, 37.457179],
            [126.9503438, 37.4570796]
          ]
        ]
      }
    },
    {
      "type": "Feature",
      "id": "B0010000000RETCG2",
      "properties": {
        "label": "공과대학31-1동가속기제작실"
      },
      "geometry": {
        "type": "Polygon",
        "coordinates": [
          [
            [126.950218, 37.457178],
            [126.95, 37.4571563],
            [126.9495318, 37.4571095],
            [126.9495167, 37.4572081],
            [126.95, 37.4572555],
            [126.9502024, 37.4572753],
            [126.950218, 37.457178]
          ]
        ]
      }
    },
    {
      "type": "Feature",
      "id": "B0010000000SIJSUR",
      "properties": {
        "label": "자연과학대학27동"
      },
      "geometry": {
        "type": "Polygon",
        "coordinates": [
          [
            [126.9502972, 37.4583498],
            [126.95, 37.4577589],
            [126.9499562, 37.4576719],
            [126.9497269, 37.4577463],
            [126.95, 37.4582858],
            [126.9500515, 37.4583875],
            [126.9500669, 37.4584181],
            [126.9500697, 37.4584234],
            [126.9502972, 37.4583498]
          ]
        ]
      }
    },
    {
      "type": "Feature",
      "id": "B0010000000RETCJ5",
      "properties": {
        "label": "자연과학대학25동"
      },
      "geometry": {
        "type": "Polygon",
        "coordinates": [
          [
            [126.9502568, 37.4590673],
            [126.95, 37.458559],
            [126.9499477, 37.4584553],
            [126.9499322, 37.4584247],
            [126.9498866, 37.4583346],
            [126.9496593, 37.458408],
            [126.95, 37.4590827],
            [126.9500099, 37.4591024],
            [126.9500263, 37.459135],
            [126.9500289, 37.4591399],
            [126.9502568, 37.4590673]
          ]
        ]
      }
    },
    {
      "type": "Feature",
      "id": "B0010000000RETCL7",
      "properties": {
        "label": "자연과학대학24동"
      },
      "geometry": {
        "type": "Polygon",
        "coordinates": [
          [
            [126.95, 37.4597902],
            [126.9501902, 37.4597299],
            [126.95, 37.4593536],
            [126.9499083, 37.4591721],
            [126.9498918, 37.4591395],
            [126.9498478, 37.4590525],
            [126.9496195, 37.4591253],
            [126.9499616, 37.4598024],
            [126.95, 37.4597902]
          ]
        ]
      }
    },
    {
      "type": "Feature",
      "id": "B0010000000RF2H89",
      "properties": {
        "label": "농업생명과학대학75-1동농학도서관,제3학생식당"
      },
      "geometry": {
        "type": "Polygon",
        "coordinates": [
          [
            [126.9487536, 37.4561424],
            [126.9487493, 37.4561353],
            [126.9487191, 37.4561424],
            [126.9486581, 37.456163],
            [126.9485907, 37.4561915],
            [126.948521, 37.4562298],
            [126.9484579, 37.4562746],
            [126.948406, 37.4563225],
            [126.948354, 37.4563815],
            [126.9483146, 37.456445],
            [126.9482873, 37.4565126],
            [126.9482647, 37.4566159],
            [126.9482629, 37.456623],
            [126.9485908, 37.4566417],
            [126.94859, 37.4566552],
            [126.9487434, 37.4566622],
            [126.9487501, 37.4565881],
            [126.9487351, 37.4565876],
            [126.948775, 37.4561712],
            [126.9487298, 37.456168],
            [126.9487325, 37.4561471],
            [126.9487536, 37.4561424]
          ]
        ]
      }
    },
    {
      "type": "Feature",
      "id": "B0010000000RF2H78",
      "properties": {
        "label": "농업생명과학대학201동농생명과학공동기기원"
      },
      "geometry": {
        "type": "Polygon",
        "coordinates": [
          [
            [126.9485089, 37.4570566],
            [126.9485119, 37.4569349],
            [126.9485707, 37.456937],
            [126.9485653, 37.4570185],
            [126.9487316, 37.4570264],
            [126.9487611, 37.456713],
            [126.9485916, 37.4567039],
            [126.9485849, 37.4567836],
            [126.9485309, 37.4567818],
            [126.948536, 37.4567277],
            [126.948536, 37.4566989],
            [126.9482202, 37.4566839],
            [126.9481917, 37.4570411],
            [126.9485089, 37.4570566]
          ]
        ]
      }
    },
    {
      "type": "Feature",
      "id": "B0010000000RF2GPP",
      "properties": {
        "label": "자연과학대학129동상산수리과학관"
      },
      "geometry": {
        "type": "Polygon",
        "coordinates": [
          [
            [126.9497362, 37.4576843],
            [126.9497565, 37.4576765],
            [126.9497671, 37.4576724],
            [126.9497605, 37.4575169],
            [126.9497425, 37.4575167],
            [126.9497192, 37.4575185],
            [126.9496886, 37.4575231],
            [126.9496606, 37.4575297],
            [126.9496309, 37.4575389],
            [126.9495988, 37.4575521],
            [126.9495714, 37.4575665],
            [126.9495515, 37.4575802],
            [126.949534, 37.457592],
            [126.9495166, 37.4575791],
            [126.9495049, 37.457573],
            [126.9494932, 37.4575697],
            [126.9494794, 37.4575672],
            [126.9494637, 37.4575669],
            [126.949449, 37.4575687],
            [126.9494373, 37.457572],
            [126.9494237, 37.4575776],
            [126.9494107, 37.4575868],
            [126.9494021, 37.4575965],
            [126.9493977, 37.4576051],
            [126.949394, 37.4576142],
            [126.9493931, 37.4576236],
            [126.9493934, 37.4576348],
            [126.9493949, 37.4576446],
            [126.949398, 37.4576521],
            [126.9494044, 37.4576624],
            [126.9494118, 37.4576699],
            [126.9494216, 37.4576765],
            [126.9494298, 37.4576808],
            [126.9494412, 37.4576854],
            [126.9494395, 37.4576931],
            [126.9493563, 37.4576791],
            [126.9493092, 37.4578714],
            [126.9493316, 37.4578745],
            [126.9493242, 37.4579029],
            [126.9493526, 37.4579077],
            [126.9493493, 37.45792],
            [126.9493261, 37.4579163],
            [126.9493164, 37.4579557],
            [126.9493889, 37.4579664],
            [126.9493926, 37.4579519],
            [126.9495042, 37.45797],
            [126.9495362, 37.4578474],
            [126.9495212, 37.4578447],
            [126.9495528, 37.457718],
            [126.9495783, 37.4577223],
            [126.9495906, 37.4576701],
            [126.9496607, 37.4577134],
            [126.9497362, 37.4576843]
          ]
        ]
      }
    },
    {
      "type": "Feature",
      "id": "B0010000000RF2GKK",
      "properties": {
        "label": "농업생명과학대학200동"
      },
      "geometry": {
        "type": "Polygon",
        "coordinates": [
          [
            [126.9479984, 37.4577155],
            [126.9479566, 37.4578835],
            [126.9480248, 37.4578933],
            [126.948003, 37.4579911],
            [126.9480168, 37.4579923],
            [126.9480144, 37.4579968],
            [126.9480712, 37.4580045],
            [126.9480683, 37.4580132],
            [126.9485773, 37.4580941],
            [126.94858, 37.4580868],
            [126.9487437, 37.4581119],
            [126.9487624, 37.4580404],
            [126.9488512, 37.4580541],
            [126.9490504, 37.4572532],
            [126.9489326, 37.4572365],
            [126.9489178, 37.4573054],
            [126.94813, 37.4571866],
            [126.9479984, 37.4577155]
          ]
        ]
      }
    },
    {
      "type": "Feature",
      "id": "B0010000000RF2GBB",
      "properties": {
        "label": "농업생명과학대학203동SPC농생명과학및기초과학연구동"
      },
      "geometry": {
        "type": "Polygon",
        "coordinates": [
          [
            [126.9485958, 37.4584736],
            [126.9486012, 37.4584522],
            [126.948656, 37.4584613],
            [126.9486924, 37.4583156],
            [126.9486304, 37.4583044],
            [126.9486308, 37.4583024],
            [126.9486398, 37.4583039],
            [126.9486448, 37.4582824],
            [126.9482672, 37.4582231],
            [126.9482631, 37.4582405],
            [126.9482111, 37.4582324],
            [126.9482119, 37.4582294],
            [126.9481829, 37.4582246],
            [126.9481866, 37.458211],
            [126.9481405, 37.4582039],
            [126.9481428, 37.4581962],
            [126.9479215, 37.4581605],
            [126.947909, 37.4582123],
            [126.9479249, 37.4582154],
            [126.9479183, 37.4582426],
            [126.9479029, 37.4582402],
            [126.9478914, 37.4582882],
            [126.9479061, 37.4582906],
            [126.9478998, 37.4583168],
            [126.9478833, 37.4583143],
            [126.9478704, 37.4583667],
            [126.947894, 37.4583699],
            [126.9478959, 37.4583614],
            [126.9481392, 37.4584007],
            [126.948143, 37.4583867],
            [126.9482243, 37.4583995],
            [126.9482202, 37.4584141],
            [126.9485958, 37.4584736]
          ]
        ]
      }
    },
    {
      "type": "Feature",
      "id": "B0010000000RF2G99",
      "properties": {
        "label": "자연과학대학504동생명과학부"
      },
      "geometry": {
        "type": "Polygon",
        "coordinates": [
          [
            [126.9485238, 37.4588962],
            [126.9485394, 37.4588206],
            [126.9485641, 37.4588242],
            [126.9485875, 37.458724],
            [126.9485673, 37.4587209],
            [126.9485868, 37.4586476],
            [126.9480543, 37.4585634],
            [126.9480453, 37.4586064],
            [126.9480183, 37.4586017],
            [126.9480283, 37.458564],
            [126.9480027, 37.4585599],
            [126.9478577, 37.4585366],
            [126.9478539, 37.4585531],
            [126.9478154, 37.4585478],
            [126.9478009, 37.4586069],
            [126.9478062, 37.458608],
            [126.9478041, 37.4586194],
            [126.9477811, 37.4586158],
            [126.9477637, 37.4586833],
            [126.947785, 37.4586864],
            [126.9477823, 37.4586973],
            [126.9477788, 37.4586967],
            [126.9477634, 37.4587587],
            [126.9478037, 37.4587647],
            [126.9478, 37.458776],
            [126.9478144, 37.4587782],
            [126.9479424, 37.4587978],
            [126.9479406, 37.4588065],
            [126.9485147, 37.4588953],
            [126.9485238, 37.4588962]
          ]
        ]
      }
    },
    {
      "type": "Feature",
      "id": "B0010000000RF2G55",
      "properties": {
        "label": "자연과학대학25-1동"
      },
      "geometry": {
        "type": "Polygon",
        "coordinates": [
          [
            [126.9492792, 37.4590544],
            [126.949341, 37.4590352],
            [126.9493456, 37.4590474],
            [126.9495624, 37.4589785],
            [126.9495705, 37.4589947],
            [126.9496702, 37.4589631],
            [126.9496629, 37.4589472],
            [126.9497917, 37.4589067],
            [126.9497113, 37.4587488],
            [126.949675, 37.458761],
            [126.9496715, 37.4587483],
            [126.9496652, 37.4587307],
            [126.9496572, 37.4587156],
            [126.9496434, 37.458701],
            [126.9496258, 37.4586888],
            [126.9496039, 37.4586797],
            [126.949577, 37.4586752],
            [126.9495555, 37.4586744],
            [126.949534, 37.4586769],
            [126.9495165, 37.4586831],
            [126.9494938, 37.4586957],
            [126.9494797, 37.4587083],
            [126.9494668, 37.4587246],
            [126.9494595, 37.4587439],
            [126.9494593, 37.458758],
            [126.9494609, 37.4587759],
            [126.9494667, 37.4587925],
            [126.9494756, 37.4588067],
            [126.949489, 37.4588194],
            [126.9490071, 37.4589715],
            [126.9490873, 37.4591301],
            [126.9492851, 37.4590652],
            [126.9492792, 37.4590544]
          ]
        ]
      }
    },
    {
      "type": "Feature",
      "id": "B0010000000RF2G33",
      "properties": {
        "label": "자연과학대학503동화학부"
      },
      "geometry": {
        "type": "Polygon",
        "coordinates": [
          [
            [126.9484163, 37.4593439],
            [126.9484356, 37.4592692],
            [126.9484573, 37.4592722],
            [126.948481, 37.4591707],
            [126.9484584, 37.4591669],
            [126.9484773, 37.4590925],
            [126.9484671, 37.4590911],
            [126.9477508, 37.4589803],
            [126.9477466, 37.4589981],
            [126.9477056, 37.4589923],
            [126.9476912, 37.4590527],
            [126.9476955, 37.4590536],
            [126.9476932, 37.4590643],
            [126.9476719, 37.4590615],
            [126.9476546, 37.4591281],
            [126.9476761, 37.4591313],
            [126.9476719, 37.4591433],
            [126.9476694, 37.459143],
            [126.9476538, 37.4592037],
            [126.9476941, 37.4592099],
            [126.9476902, 37.4592257],
            [126.9478317, 37.4592471],
            [126.9478302, 37.4592534],
            [126.9484071, 37.4593426],
            [126.9484163, 37.4593439]
          ]
        ]
      }
    },
    {
      "type": "Feature",
      "id": "B0010000000RF2G11",
      "properties": {
        "label": "자연과학대학502동화학부,생명과학부"
      },
      "geometry": {
        "type": "Polygon",
        "coordinates": [
          [
            [126.948307, 37.4597896],
            [126.9483271, 37.4596935],
            [126.948352, 37.459698],
            [126.948373, 37.4596161],
            [126.9483465, 37.4596126],
            [126.9483668, 37.4595372],
            [126.948358, 37.4595356],
            [126.9476947, 37.459433],
            [126.9476651, 37.4595929],
            [126.9476857, 37.459596],
            [126.9476823, 37.4596069],
            [126.9476798, 37.4596067],
            [126.9476594, 37.4596826],
            [126.9478749, 37.4597152],
            [126.9478856, 37.4596751],
            [126.9479123, 37.4596795],
            [126.9479062, 37.4597071],
            [126.9479035, 37.4597069],
            [126.9478984, 37.4597264],
            [126.948307, 37.4597896]
          ]
        ]
      }
    },
    {
      "type": "Feature",
      "id": "B0010000000RF2FYX",
      "properties": {
        "label": null
      },
      "geometry": {
        "type": "Polygon",
        "coordinates": [
          [
            [126.9484738, 37.4597115],
            [126.9487463, 37.4586026],
            [126.9485786, 37.4586066],
            [126.9485702, 37.4586448],
            [126.948587, 37.4586475],
            [126.9485674, 37.4587208],
            [126.9485877, 37.4587239],
            [126.9485642, 37.4588243],
            [126.9485395, 37.4588207],
            [126.9485239, 37.4588963],
            [126.9485147, 37.4588954],
            [126.9484673, 37.459091],
            [126.9484775, 37.4590925],
            [126.9484586, 37.4591668],
            [126.9484811, 37.4591706],
            [126.9484573, 37.4592723],
            [126.9484357, 37.4592693],
            [126.9484163, 37.459344],
            [126.9484072, 37.4593427],
            [126.9483581, 37.4595356],
            [126.9483669, 37.4595372],
            [126.9483467, 37.4596125],
            [126.9483732, 37.459616],
            [126.9483521, 37.4596981],
            [126.9483272, 37.4596936],
            [126.9483115, 37.4597687],
            [126.9483285, 37.4597711],
            [126.9483809, 37.4599168],
            [126.9485372, 37.4598796],
            [126.9484738, 37.4597115]
          ]
        ]
      }
    },
    {
      "type": "Feature",
      "id": "B0010000000RF2FXW",
      "properties": {
        "label": null
      },
      "geometry": {
        "type": "Polygon",
        "coordinates": [
          [
            [126.9479785, 37.4598788],
            [126.9477997, 37.4598505],
            [126.9477928, 37.4598771],
            [126.9478361, 37.4599158],
            [126.9479649, 37.4599351],
            [126.9479785, 37.4598788]
          ]
        ]
      }
    },
    {
      "type": "Feature",
      "id": "B0010000000RF2FVU",
      "properties": {
        "label": "102동정보화본부"
      },
      "geometry": {
        "type": "Polygon",
        "coordinates": [
          [
            [126.9494672, 37.459344],
            [126.9493915, 37.4592008],
            [126.9493785, 37.4592027],
            [126.9493746, 37.4591964],
            [126.9493652, 37.4591981],
            [126.9493431, 37.4591586],
            [126.9490109, 37.4592671],
            [126.9490418, 37.4593272],
            [126.9490106, 37.4593369],
            [126.9493297, 37.4599621],
            [126.9495593, 37.4598878],
            [126.9493064, 37.4593949],
            [126.9494672, 37.459344]
          ]
        ]
      }
    },
    {
      "type": "Feature",
      "id": "B0010000000RF2ETR",
      "properties": {
        "label": "사범대학11동"
      },
      "geometry": {
        "type": "Polygon",
        "coordinates": [
          [
            [126.9553239, 37.4600997],
            [126.9554149, 37.4600546],
            [126.9554296, 37.4600717],
            [126.9554613, 37.4600567],
            [126.9554474, 37.4600399],
            [126.955524, 37.4600026],
            [126.955522, 37.46],
            [126.955085, 37.4594325],
            [126.955, 37.4594733],
            [126.9548853, 37.4595284],
            [126.955, 37.4596777],
            [126.9552474, 37.46],
            [126.9553239, 37.4600997]
          ]
        ]
      }
    },
    {
      "type": "Feature",
      "id": "B0010000000RF2ESQ",
      "properties": {
        "label": "사범대학9동인문관"
      },
      "geometry": {
        "type": "Polygon",
        "coordinates": [
          [
            [126.9548016, 37.46],
            [126.954677, 37.4598377],
            [126.9544784, 37.4599355],
            [126.9545278, 37.46],
            [126.9549551, 37.4605578],
            [126.955, 37.460536],
            [126.9551553, 37.4604607],
            [126.955, 37.4602585],
            [126.9548016, 37.46]
          ]
        ]
      }
    },
    {
      "type": "Feature",
      "id": "B0010000000RF2ENL",
      "properties": {
        "label": "104-1동반도체공동연구소,설계연구관,산학협동관"
      },
      "geometry": {
        "type": "Polygon",
        "coordinates": [
          [
            [126.9531639, 37.4549443],
            [126.9531594, 37.4549871],
            [126.9531889, 37.4549892],
            [126.9532399, 37.4549915],
            [126.9532412, 37.4549742],
            [126.9532507, 37.4549749],
            [126.9532456, 37.4549774],
            [126.9532611, 37.455],
            [126.9534949, 37.4553407],
            [126.9535032, 37.4553377],
            [126.9535444, 37.4553972],
            [126.9537453, 37.4553045],
            [126.953534, 37.455],
            [126.9534539, 37.4548846],
            [126.9534281, 37.4548961],
            [126.9533877, 37.45484],
            [126.9533897, 37.4548329],
            [126.9533934, 37.4548199],
            [126.9533952, 37.4548098],
            [126.9533962, 37.4547996],
            [126.9533953, 37.4547872],
            [126.953393, 37.4547733],
            [126.9533885, 37.4547601],
            [126.9533829, 37.4547478],
            [126.9533767, 37.4547377],
            [126.9533688, 37.454727],
            [126.9533593, 37.4547186],
            [126.9533488, 37.4547112],
            [126.9533367, 37.4547054],
            [126.9533245, 37.4547009],
            [126.9533118, 37.4546981],
            [126.9533002, 37.4546974],
            [126.9532866, 37.4546985],
            [126.9532726, 37.4547015],
            [126.9532594, 37.4547068],
            [126.9532494, 37.4547115],
            [126.9532385, 37.4547176],
            [126.9532284, 37.4547264],
            [126.9532179, 37.454739],
            [126.9532096, 37.4547513],
            [126.953202, 37.4547667],
            [126.9531991, 37.4547762],
            [126.9531964, 37.4547887],
            [126.9531954, 37.4548005],
            [126.9531952, 37.4548125],
            [126.9531762, 37.4548115],
            [126.9531639, 37.4549443]
          ]
        ]
      }
    },
    {
      "type": "Feature",
      "id": "B0010000000RF2EMK",
      "properties": {
        "label": "104동반도체공동연구소본관"
      },
      "geometry": {
        "type": "Polygon",
        "coordinates": [
          [
            [126.9531594, 37.4549871],
            [126.9531639, 37.4549443],
            [126.9531389, 37.454941],
            [126.9531809, 37.4544937],
            [126.9528256, 37.454474],
            [126.9527789, 37.4549865],
            [126.9528148, 37.4549886],
            [126.9528136, 37.455],
            [126.9527863, 37.4552929],
            [126.9527936, 37.4552933],
            [126.9528404, 37.4552959],
            [126.9528499, 37.4552965],
            [126.9528455, 37.4553472],
            [126.9531692, 37.4553662],
            [126.9531991, 37.4550371],
            [126.9531631, 37.4550352],
            [126.9531637, 37.4550223],
            [126.9531876, 37.4550228],
            [126.9531885, 37.455],
            [126.9531889, 37.4549892],
            [126.9531594, 37.4549871]
          ]
        ]
      }
    },
    {
      "type": "Feature",
      "id": "B0010000000RF2EKI",
      "properties": {
        "label": "132동뉴미디어통신공동연구소"
      },
      "geometry": {
        "type": "Polygon",
        "coordinates": [
          [
            [126.9542594, 37.455],
            [126.9540142, 37.4546517],
            [126.9536912, 37.4547957],
            [126.953835, 37.455],
            [126.9539408, 37.4551504],
            [126.9542642, 37.4550069],
            [126.9542594, 37.455]
          ]
        ]
      }
    },
    {
      "type": "Feature",
      "id": "B0010000000RF2EJH",
      "properties": {
        "label": "공과대학42-1동슬로싱실험동"
      },
      "geometry": {
        "type": "Polygon",
        "coordinates": [
          [
            [126.9523307, 37.4550857],
            [126.9523333, 37.455063],
            [126.9523435, 37.4550633],
            [126.9523502, 37.455],
            [126.9523644, 37.45485],
            [126.9522484, 37.454843],
            [126.9522343, 37.455],
            [126.9522271, 37.4550796],
            [126.9523307, 37.4550857]
          ]
        ]
      }
    },
    {
      "type": "Feature",
      "id": "B0010000000RF2EFD",
      "properties": {
        "label": "사범대학10-1동교육정보관"
      },
      "geometry": {
        "type": "Polygon",
        "coordinates": [
          [
            [126.955714, 37.4602438],
            [126.9557857, 37.4602089],
            [126.9557969, 37.4602223],
            [126.9560811, 37.4600845],
            [126.9560703, 37.4600701],
            [126.9562131, 37.4600016],
            [126.9562119, 37.46],
            [126.9562013, 37.459987],
            [126.9562077, 37.4599843],
            [126.9561577, 37.4599197],
            [126.9561517, 37.4599225],
            [126.9561208, 37.4598808],
            [126.9560643, 37.4599083],
            [126.9560539, 37.4598938],
            [126.9560718, 37.4598853],
            [126.9560611, 37.4598716],
            [126.9560479, 37.4598572],
            [126.9560344, 37.4598449],
            [126.956018, 37.4598321],
            [126.9560003, 37.4598199],
            [126.9559857, 37.459811],
            [126.9559697, 37.4598022],
            [126.9559512, 37.4597943],
            [126.9559314, 37.4597874],
            [126.9559148, 37.4597825],
            [126.9558951, 37.4597778],
            [126.9558759, 37.4597742],
            [126.9558587, 37.459772],
            [126.9558423, 37.4597711],
            [126.9558261, 37.4597706],
            [126.9558102, 37.4597705],
            [126.9557941, 37.4597711],
            [126.9557735, 37.4597733],
            [126.9557546, 37.4597765],
            [126.955739, 37.4597801],
            [126.9557233, 37.459784],
            [126.9557068, 37.4597896],
            [126.955688, 37.4597971],
            [126.9556706, 37.459805],
            [126.9556561, 37.4598125],
            [126.9556396, 37.4598228],
            [126.9556242, 37.459833],
            [126.9556104, 37.4598448],
            [126.9555859, 37.4598693],
            [126.9556935, 37.4599318],
            [126.9557087, 37.459916],
            [126.9557161, 37.4599094],
            [126.9557853, 37.46],
            [126.9558092, 37.4600313],
            [126.955621, 37.4601225],
            [126.9556508, 37.4601632],
            [126.9556405, 37.4601677],
            [126.9556916, 37.4602351],
            [126.9557027, 37.4602297],
            [126.955714, 37.4602438]
          ]
        ]
      }
    },
    {
      "type": "Feature",
      "id": "B0010000000RF2EDB",
      "properties": {
        "label": "인문대학7동인문관6"
      },
      "geometry": {
        "type": "Polygon",
        "coordinates": [
          [
            [126.9544922, 37.4605739],
            [126.9545839, 37.46053],
            [126.9545973, 37.4605464],
            [126.9546265, 37.460532],
            [126.9546144, 37.4605148],
            [126.95469, 37.4604784],
            [126.9543233, 37.46],
            [126.9542521, 37.4599072],
            [126.9540623, 37.46],
            [126.9540542, 37.460004],
            [126.954069, 37.4600254],
            [126.9541722, 37.4601576],
            [126.9544922, 37.4605739]
          ]
        ]
      }
    },
    {
      "type": "Feature",
      "id": "B0010000000RF2ECA",
      "properties": {
        "label": "60동행정관"
      },
      "geometry": {
        "type": "Polygon",
        "coordinates": [
          [
            [126.9515141, 37.4603293],
            [126.9515961, 37.4602611],
            [126.9516002, 37.4602638],
            [126.951596, 37.4602671],
            [126.9516231, 37.4602877],
            [126.9516855, 37.4602345],
            [126.9516582, 37.4602146],
            [126.9516536, 37.4602181],
            [126.9516505, 37.4602155],
            [126.9516974, 37.4601771],
            [126.9514663, 37.46],
            [126.9509996, 37.4596424],
            [126.9508172, 37.4597938],
            [126.9510856, 37.46],
            [126.9515141, 37.4603293]
          ]
        ]
      }
    },
    {
      "type": "Feature",
      "id": "B0010000000RF2E31",
      "properties": {
        "label": "경영대학57-1동행정대학원"
      },
      "geometry": {
        "type": "Polygon",
        "coordinates": [
          [
            [126.9534005, 37.4654149],
            [126.9534715, 37.4653871],
            [126.9534822, 37.4654026],
            [126.9535574, 37.4653707],
            [126.953621, 37.4653445],
            [126.9536246, 37.4653501],
            [126.9536851, 37.4653233],
            [126.953733, 37.4653009],
            [126.9537643, 37.4652846],
            [126.9538108, 37.4652595],
            [126.953851, 37.4652362],
            [126.9539038, 37.4652037],
            [126.9537742, 37.465],
            [126.953697, 37.4648786],
            [126.9536396, 37.4649025],
            [126.9536096, 37.4648549],
            [126.9533479, 37.464963],
            [126.9533532, 37.4649705],
            [126.9533349, 37.4649787],
            [126.953349, 37.465],
            [126.9534056, 37.4650852],
            [126.9534236, 37.4650772],
            [126.9534298, 37.4650855],
            [126.9535132, 37.465051],
            [126.9535859, 37.4651605],
            [126.9533098, 37.4652756],
            [126.9534005, 37.4654149]
          ]
        ]
      }
    },
    {
      "type": "Feature",
      "id": "B0010000000RF2E20",
      "properties": {
        "label": "221동보건대학원"
      },
      "geometry": {
        "type": "Polygon",
        "coordinates": [
          [
            [126.9547341, 37.4648067],
            [126.9547576, 37.4647966],
            [126.9547713, 37.4648186],
            [126.9549858, 37.464727],
            [126.9549091, 37.4646105],
            [126.954701, 37.464696],
            [126.9546945, 37.4646868],
            [126.9546869, 37.4646898],
            [126.9546936, 37.4647004],
            [126.9546663, 37.4647122],
            [126.9546508, 37.4646878],
            [126.9544756, 37.4647638],
            [126.9546319, 37.465],
            [126.9547844, 37.4652307],
            [126.9549631, 37.4651572],
            [126.9548604, 37.465],
            [126.9547341, 37.4648067]
          ]
        ]
      }
    },
    {
      "type": "Feature",
      "id": "B0010000000RF2E1Z",
      "properties": {
        "label": "113동동원생활관"
      },
      "geometry": {
        "type": "Polygon",
        "coordinates": [
          [
            [126.9516208, 37.4651906],
            [126.9516177, 37.4651541],
            [126.9516621, 37.4651518],
            [126.9516606, 37.4651341],
            [126.9516831, 37.465133],
            [126.9516826, 37.4651234],
            [126.9517064, 37.4651224],
            [126.9517044, 37.4651019],
            [126.951709, 37.4651019],
            [126.9517081, 37.4650946],
            [126.9517939, 37.4650886],
            [126.9517927, 37.4650737],
            [126.9517979, 37.4650735],
            [126.9518029, 37.4650728],
            [126.9518067, 37.4650709],
            [126.95181, 37.4650672],
            [126.9518128, 37.4650629],
            [126.9518144, 37.465059],
            [126.9518162, 37.4650557],
            [126.9518185, 37.4650539],
            [126.9518264, 37.4650504],
            [126.9518338, 37.4650466],
            [126.9518367, 37.4650438],
            [126.9518384, 37.4650413],
            [126.9518391, 37.4650378],
            [126.9518391, 37.4650343],
            [126.9518388, 37.465032],
            [126.9520113, 37.4650208],
            [126.9520098, 37.4650026],
            [126.9520486, 37.465],
            [126.952065, 37.4649989],
            [126.9520556, 37.4649117],
            [126.9515877, 37.4649364],
            [126.9515892, 37.464953],
            [126.9515104, 37.4649569],
            [126.9514947, 37.4649494],
            [126.9514931, 37.4649634],
            [126.9514893, 37.4649889],
            [126.9514883, 37.465],
            [126.9514881, 37.465002],
            [126.9514877, 37.465021],
            [126.951488, 37.4650445],
            [126.9514895, 37.4650659],
            [126.9514918, 37.4650848],
            [126.9514954, 37.4651069],
            [126.9515008, 37.4651317],
            [126.9515068, 37.4651564],
            [126.9515161, 37.4651812],
            [126.9515202, 37.4651885],
            [126.9515325, 37.465179],
            [126.9515674, 37.4651774],
            [126.9515697, 37.4651943],
            [126.9516208, 37.4651906]
          ]
        ]
      }
    },
    {
      "type": "Feature",
      "id": "B0010000000RF2DOL",
      "properties": {
        "label": null
      },
      "geometry": {
        "type": "Polygon",
        "coordinates": [
          [
            [126.954697, 37.4668723],
            [126.954824, 37.4667963],
            [126.9548313, 37.4668036],
            [126.955, 37.4667034],
            [126.9552237, 37.4665705],
            [126.95515, 37.4664919],
            [126.9551224, 37.4665075],
            [126.9550547, 37.4664366],
            [126.955, 37.4664694],
            [126.9546868, 37.466657],
            [126.9546937, 37.4666653],
            [126.9545695, 37.4667393],
            [126.9545686, 37.466741],
            [126.9545682, 37.4667435],
            [126.9545683, 37.4667454],
            [126.9545685, 37.4667464],
            [126.9546873, 37.4668713],
            [126.9546895, 37.4668725],
            [126.9546921, 37.4668729],
            [126.9546935, 37.4668729],
            [126.9546947, 37.4668729],
            [126.9546952, 37.4668728],
            [126.954696, 37.4668726],
            [126.954697, 37.4668723]
          ]
        ]
      }
    },
    {
      "type": "Feature",
      "id": "B0010000000RF2AYS",
      "properties": {
        "label": "312동정밀기계공동연구소"
      },
      "geometry": {
        "type": "Polygon",
        "coordinates": [
          [
            [126.9515884, 37.4507863],
            [126.9516593, 37.4510622],
            [126.9516522, 37.4510634],
            [126.9516633, 37.4510984],
            [126.9517087, 37.4510903],
            [126.9517068, 37.4510861],
            [126.9517833, 37.4510728],
            [126.9517762, 37.4510481],
            [126.9517858, 37.4510467],
            [126.9517689, 37.4509847],
            [126.9517867, 37.4509821],
            [126.9517892, 37.4509918],
            [126.9520241, 37.4509527],
            [126.9519999, 37.4508621],
            [126.951916, 37.450875],
            [126.9518853, 37.4507723],
            [126.9517185, 37.4508001],
            [126.9517093, 37.4507661],
            [126.9515884, 37.4507863]
          ]
        ]
      }
    },
    {
      "type": "Feature",
      "id": "B0010000000RF2ASM",
      "properties": {
        "label": "313동정밀기계공동연구소"
      },
      "geometry": {
        "type": "Polygon",
        "coordinates": [
          [
            [126.952075, 37.4513241],
            [126.9520551, 37.4512543],
            [126.9520322, 37.4512577],
            [126.9520233, 37.4512282],
            [126.9521151, 37.4512124],
            [126.9520939, 37.4511425],
            [126.9520699, 37.4511461],
            [126.9520607, 37.4511157],
            [126.9520872, 37.4511117],
            [126.9520712, 37.4510571],
            [126.9516388, 37.451133],
            [126.9516547, 37.4511873],
            [126.9516793, 37.4511832],
            [126.951688, 37.4512131],
            [126.9514474, 37.4512554],
            [126.9514941, 37.4514249],
            [126.952075, 37.4513241]
          ]
        ]
      }
    },
    {
      "type": "Feature",
      "id": "B0010000000RF2AQK",
      "properties": {
        "label": "314동차세대자동차연구센터"
      },
      "geometry": {
        "type": "Polygon",
        "coordinates": [
          [
            [126.9523148, 37.4516764],
            [126.9523385, 37.451729],
            [126.9523526, 37.4517601],
            [126.9523034, 37.4517743],
            [126.9523611, 37.4518997],
            [126.9522794, 37.4519231],
            [126.9523634, 37.4521084],
            [126.952629, 37.4520322],
            [126.9523783, 37.4514775],
            [126.9523498, 37.4514831],
            [126.9523314, 37.4514193],
            [126.9520346, 37.4514762],
            [126.9520785, 37.4516231],
            [126.9521552, 37.4516089],
            [126.952164, 37.4516368],
            [126.952271, 37.4516167],
            [126.9523, 37.4516801],
            [126.9523148, 37.4516764]
          ]
        ]
      }
    },
    {
      "type": "Feature",
      "id": "B0010000000RF2APJ",
      "properties": {
        "label": null
      },
      "geometry": {
        "type": "Polygon",
        "coordinates": [
          [
            [126.9503939, 37.4524588],
            [126.950382, 37.4524361],
            [126.9503564, 37.4524439],
            [126.9503687, 37.4524668],
            [126.9503748, 37.4524668],
            [126.9503781, 37.4524664],
            [126.9503816, 37.4524657],
            [126.9503882, 37.4524626],
            [126.9503939, 37.4524588]
          ]
        ]
      }
    },
    {
      "type": "Feature",
      "id": "B0010000000RF2ANH",
      "properties": {
        "label": null
      },
      "geometry": {
        "type": "Polygon",
        "coordinates": [
          [
            [126.9511, 37.4534026],
            [126.9510248, 37.453394],
            [126.9510107, 37.4534766],
            [126.9510274, 37.4534778],
            [126.951023, 37.4535068],
            [126.9510804, 37.4535132],
            [126.9511, 37.4534026]
          ]
        ]
      }
    },
    {
      "type": "Feature",
      "id": "B0010000000RF2AJD",
      "properties": {
        "label": "공과대학131동신소재공동연구소"
      },
      "geometry": {
        "type": "Polygon",
        "coordinates": [
          [
            [126.9509755, 37.4537041],
            [126.9509806, 37.4536746],
            [126.9510099, 37.4536777],
            [126.9510225, 37.4535949],
            [126.9509936, 37.4535912],
            [126.9510073, 37.453492],
            [126.95102, 37.4534931],
            [126.9510225, 37.4534824],
            [126.95101, 37.453481],
            [126.9510175, 37.4534308],
            [126.9510174, 37.4534293],
            [126.9510172, 37.4534283],
            [126.9510168, 37.4534278],
            [126.9510163, 37.4534272],
            [126.9510155, 37.4534268],
            [126.9510144, 37.4534261],
            [126.9508975, 37.4534153],
            [126.9508966, 37.4534157],
            [126.9508958, 37.4534165],
            [126.950895, 37.4534172],
            [126.9508946, 37.4534176],
            [126.9508936, 37.4534188],
            [126.9508931, 37.45342],
            [126.9508856, 37.4534695],
            [126.9506783, 37.4534488],
            [126.9506859, 37.4533998],
            [126.9506859, 37.4533976],
            [126.9506858, 37.4533967],
            [126.9506854, 37.4533957],
            [126.9506848, 37.4533948],
            [126.9506843, 37.453394],
            [126.9506837, 37.4533934],
            [126.9506827, 37.4533928],
            [126.9506818, 37.4533922],
            [126.9506806, 37.4533918],
            [126.9506794, 37.4533915],
            [126.9505706, 37.4533823],
            [126.950568, 37.4533822],
            [126.9505669, 37.4533823],
            [126.9505657, 37.4533825],
            [126.9505642, 37.453383],
            [126.9505633, 37.4533836],
            [126.9505612, 37.4533862],
            [126.9505607, 37.4533884],
            [126.9505334, 37.4535692],
            [126.9505337, 37.4535714],
            [126.9505345, 37.4535724],
            [126.9505352, 37.4535731],
            [126.9505361, 37.4535737],
            [126.9505373, 37.4535742],
            [126.9505823, 37.4535787],
            [126.9505686, 37.4536627],
            [126.950569, 37.4536644],
            [126.95057, 37.4536668],
            [126.9505707, 37.4536679],
            [126.9505714, 37.4536686],
            [126.950573, 37.4536695],
            [126.9505749, 37.4536699],
            [126.9509681, 37.4537094],
            [126.9509715, 37.4537091],
            [126.9509731, 37.453708],
            [126.9509742, 37.4537068],
            [126.9509747, 37.4537063],
            [126.9509751, 37.4537052],
            [126.9509755, 37.4537041]
          ]
        ]
      }
    },
    {
      "type": "Feature",
      "id": "B0010000000RF2AGA",
      "properties": {
        "label": null
      },
      "geometry": {
        "type": "Polygon",
        "coordinates": [
          [
            [126.9539786, 37.4538349],
            [126.9538896, 37.4536676],
            [126.9538079, 37.4536918],
            [126.9538956, 37.4538583],
            [126.9539786, 37.4538349]
          ]
        ]
      }
    },
    {
      "type": "Feature",
      "id": "B0010000000RF2AE8",
      "properties": {
        "label": "48동지진관측소"
      },
      "geometry": {
        "type": "Polygon",
        "coordinates": [
          [
            [126.9542125, 37.4540439],
            [126.9542493, 37.4540139],
            [126.9543033, 37.4540135],
            [126.9543022, 37.4539743],
            [126.9543361, 37.4539391],
            [126.9542962, 37.4539136],
            [126.9542946, 37.4538708],
            [126.9542422, 37.453873],
            [126.9542025, 37.4538448],
            [126.9541669, 37.4538748],
            [126.9541135, 37.4538761],
            [126.9541149, 37.4539153],
            [126.954071, 37.4539404],
            [126.9541198, 37.4539769],
            [126.9541217, 37.454017],
            [126.9541741, 37.4540161],
            [126.9542125, 37.4540439]
          ]
        ]
      }
    },
    {
      "type": "Feature",
      "id": "B0010000000RF2AD7",
      "properties": {
        "label": "45동물리천문학부,초기우주체연구단"
      },
      "geometry": {
        "type": "Polygon",
        "coordinates": [
          [
            [126.9529021, 37.4539346],
            [126.9526485, 37.4539186],
            [126.9526405, 37.4539204],
            [126.9526314, 37.453924],
            [126.9526234, 37.4539286],
            [126.9526183, 37.453933],
            [126.9526144, 37.4539371],
            [126.9526117, 37.4539416],
            [126.9526104, 37.4539438],
            [126.9526001, 37.4540242],
            [126.952601, 37.4540267],
            [126.952602, 37.4540283],
            [126.9526026, 37.454029],
            [126.9526041, 37.4540293],
            [126.9528917, 37.454044],
            [126.9529021, 37.4539346]
          ]
        ]
      }
    },
    {
      "type": "Feature",
      "id": "B0010000000RF2AB5",
      "properties": {
        "label": "105동유전자공학연구소서관"
      },
      "geometry": {
        "type": "Polygon",
        "coordinates": [
          [
            [126.9532504, 37.4540984],
            [126.9533722, 37.4540423],
            [126.9534059, 37.4540905],
            [126.9535522, 37.4540263],
            [126.953514, 37.4539709],
            [126.9535081, 37.4539734],
            [126.9534841, 37.4539398],
            [126.9535069, 37.4539299],
            [126.9534435, 37.4538389],
            [126.9532216, 37.4539372],
            [126.95323, 37.4539496],
            [126.9531524, 37.4539838],
            [126.9532055, 37.4540614],
            [126.9532115, 37.4540586],
            [126.9532192, 37.454071],
            [126.9532283, 37.4540676],
            [126.9532504, 37.4540984]
          ]
        ]
      }
    },
    {
      "type": "Feature",
      "id": "B0010000000RF2A5Z",
      "properties": {
        "label": "공과대학40동풍동실험동1"
      },
      "geometry": {
        "type": "Polygon",
        "coordinates": [
          [
            [126.9513696, 37.4541489],
            [126.951349, 37.4542733],
            [126.9518064, 37.4543236],
            [126.9518192, 37.4542459],
            [126.951771, 37.4542395],
            [126.951778, 37.4542025],
            [126.9518029, 37.4542049],
            [126.9518105, 37.4541497],
            [126.9516399, 37.4541319],
            [126.9516347, 37.4541626],
            [126.9513719, 37.4541351],
            [126.9513696, 37.4541489]
          ]
        ]
      }
    },
    {
      "type": "Feature",
      "id": "B0010000000RF2A1V",
      "properties": {
        "label": "공과대학135동에너지자원신기술연구소"
      },
      "geometry": {
        "type": "Polygon",
        "coordinates": [
          [
            [126.9521372, 37.4545828],
            [126.9521406, 37.454559],
            [126.9522302, 37.4545691],
            [126.9522978, 37.4541735],
            [126.9520804, 37.4541498],
            [126.9520131, 37.4545455],
            [126.9520724, 37.4545524],
            [126.9520698, 37.4545759],
            [126.9521372, 37.4545828]
          ]
        ]
      }
    },
    {
      "type": "Feature",
      "id": "B0010000000RF29XQ",
      "properties": {
        "label": "105동유전자공학연구소동관"
      },
      "geometry": {
        "type": "Polygon",
        "coordinates": [
          [
            [126.9537567, 37.4542767],
            [126.9537505, 37.454268],
            [126.9537388, 37.4542735],
            [126.9537162, 37.4542415],
            [126.953728, 37.4542368],
            [126.9535901, 37.4540408],
            [126.9535204, 37.4540718],
            [126.9535032, 37.4540486],
            [126.9534664, 37.4540648],
            [126.9534736, 37.4540756],
            [126.953425, 37.4540963],
            [126.9534204, 37.4540892],
            [126.953392, 37.4541019],
            [126.9533849, 37.4540925],
            [126.9532757, 37.4541414],
            [126.9532996, 37.4541759],
            [126.9532834, 37.4541818],
            [126.9533847, 37.4543269],
            [126.9533994, 37.4543202],
            [126.9534903, 37.4544495],
            [126.953474, 37.4544551],
            [126.9535765, 37.454601],
            [126.9535911, 37.4545952],
            [126.9536134, 37.4546271],
            [126.9537239, 37.4545789],
            [126.953716, 37.4545685],
            [126.9537494, 37.454555],
            [126.9537421, 37.4545422],
            [126.9537887, 37.4545218],
            [126.9537937, 37.4545278],
            [126.9537981, 37.4545307],
            [126.9538035, 37.4545325],
            [126.9538102, 37.4545327],
            [126.9538161, 37.4545316],
            [126.9538216, 37.4545289],
            [126.9538269, 37.4545245],
            [126.9538289, 37.4545207],
            [126.9538297, 37.4545175],
            [126.9538298, 37.4545137],
            [126.9538293, 37.4545106],
            [126.9538184, 37.4544939],
            [126.953888, 37.4544629],
            [126.9537567, 37.4542767]
          ]
        ]
      }
    },
    {
      "type": "Feature",
      "id": "B0010000000RF29SL",
      "properties": {
        "label": "공과대학44동항공우주신기술연구소,비행체특화연구센터,풍동실험동"
      },
      "geometry": {
        "type": "Polygon",
        "coordinates": [
          [
            [126.9521681, 37.4548288],
            [126.9521779, 37.4547736],
            [126.9521971, 37.4546652],
            [126.9520635, 37.454651],
            [126.9520646, 37.4546455],
            [126.9520146, 37.4546399],
            [126.9519921, 37.4547553],
            [126.9520048, 37.454757],
            [126.9519815, 37.4548911],
            [126.9520503, 37.4548992],
            [126.9520461, 37.4549241],
            [126.9520497, 37.4549245],
            [126.9520485, 37.4549293],
            [126.9520781, 37.4549331],
            [126.95208, 37.4549247],
            [126.9521295, 37.4549312],
            [126.9521308, 37.4549262],
            [126.952139, 37.454927],
            [126.9521424, 37.4549102],
            [126.9521534, 37.4549115],
            [126.9521681, 37.4548288]
          ]
        ]
      }
    },
    {
      "type": "Feature",
      "id": "B0010000000RF2992",
      "properties": {
        "label": null
      },
      "geometry": {
        "type": "Polygon",
        "coordinates": [
          [
            [126.9533389, 37.4553008],
            [126.9532511, 37.4552987],
            [126.9532496, 37.4553685],
            [126.9533375, 37.4553701],
            [126.9533389, 37.4553008]
          ]
        ]
      }
    },
    {
      "type": "Feature",
      "id": "B0010000000RF296Z",
      "properties": {
        "label": null
      },
      "geometry": {
        "type": "Polygon",
        "coordinates": [
          [
            [126.9508936, 37.4554119],
            [126.9508852, 37.4554731],
            [126.9509038, 37.4554747],
            [126.9509859, 37.4554828],
            [126.9509917, 37.4554538],
            [126.9510065, 37.4554444],
            [126.95095, 37.4553882],
            [126.9509082, 37.4554127],
            [126.9508936, 37.4554119]
          ]
        ]
      }
    },
    {
      "type": "Feature",
      "id": "B0010000000RF295Y",
      "properties": {
        "label": "공과대학44-1동신양학술정보관"
      },
      "geometry": {
        "type": "Polygon",
        "coordinates": [
          [
            [126.9520931, 37.4554566],
            [126.9520937, 37.4554452],
            [126.9521151, 37.4554459],
            [126.9521172, 37.455398],
            [126.9521289, 37.4553988],
            [126.9521646, 37.4550252],
            [126.9521577, 37.4550246],
            [126.9521585, 37.4550187],
            [126.9520382, 37.455013],
            [126.9520382, 37.4550165],
            [126.9519632, 37.4550098],
            [126.9519587, 37.4550616],
            [126.9519538, 37.4550611],
            [126.9519529, 37.4550722],
            [126.951943, 37.4550712],
            [126.9519369, 37.4551276],
            [126.9519303, 37.4551947],
            [126.951929, 37.4552333],
            [126.9519297, 37.4552552],
            [126.951932, 37.455288],
            [126.9519372, 37.4553184],
            [126.9519451, 37.4553455],
            [126.9519556, 37.4553757],
            [126.9519683, 37.4554072],
            [126.9519851, 37.4554371],
            [126.952015, 37.4554833],
            [126.9520716, 37.4554569],
            [126.9520931, 37.4554566]
          ]
        ]
      }
    },
    {
      "type": "Feature",
      "id": "B0010000000RF28XP",
      "properties": {
        "label": "공과대학139동"
      },
      "geometry": {
        "type": "Polygon",
        "coordinates": [
          [
            [126.9543857, 37.4554915],
            [126.954233, 37.45544],
            [126.9539431, 37.4554444],
            [126.9538993, 37.4554451],
            [126.9538997, 37.4554662],
            [126.9538511, 37.4554673],
            [126.9538522, 37.4555295],
            [126.9539, 37.4555283],
            [126.9539032, 37.455596],
            [126.9541871, 37.4555897],
            [126.9541872, 37.4556087],
            [126.9542257, 37.4556152],
            [126.9542367, 37.455598],
            [126.9543825, 37.4556517],
            [126.9544601, 37.4555166],
            [126.9543857, 37.4554915]
          ]
        ]
      }
    },
    {
      "type": "Feature",
      "id": "B0010000000RF28VN",
      "properties": {
        "label": "공과대학41동선체구조실험동"
      },
      "geometry": {
        "type": "Polygon",
        "coordinates": [
          [
            [126.9527712, 37.4556804],
            [126.9527808, 37.4555804],
            [126.9524355, 37.45556],
            [126.9524307, 37.4556085],
            [126.9524182, 37.4556083],
            [126.9524167, 37.4556228],
            [126.9524291, 37.4556234],
            [126.9524255, 37.4556653],
            [126.9527707, 37.4556861],
            [126.9527712, 37.4556804]
          ]
        ]
      }
    },
    {
      "type": "Feature",
      "id": "B0010000000RF28TL",
      "properties": {
        "label": "약학대학141동약학관"
      },
      "geometry": {
        "type": "Polygon",
        "coordinates": [
          [
            [126.9538624, 37.4557907],
            [126.9538696, 37.455758],
            [126.9539061, 37.4557633],
            [126.9539089, 37.4557633],
            [126.9539122, 37.4557624],
            [126.9539143, 37.455761],
            [126.9539157, 37.4557593],
            [126.9539335, 37.4556933],
            [126.9539333, 37.4556905],
            [126.953932, 37.4556876],
            [126.9539293, 37.4556843],
            [126.9539273, 37.4556828],
            [126.9539257, 37.4556822],
            [126.9538888, 37.4556767],
            [126.9538964, 37.4556473],
            [126.9538963, 37.4556452],
            [126.9538958, 37.4556438],
            [126.9538935, 37.4556408],
            [126.9538912, 37.4556399],
            [126.9536994, 37.4556131],
            [126.953696, 37.455613],
            [126.9536915, 37.4556132],
            [126.9536856, 37.455615],
            [126.9536806, 37.4556181],
            [126.9536777, 37.4556216],
            [126.9536753, 37.455634],
            [126.9536717, 37.4556337],
            [126.953661, 37.4556773],
            [126.9536319, 37.4556728],
            [126.9536148, 37.4557233],
            [126.9536519, 37.4557284],
            [126.9536449, 37.4557573],
            [126.953645, 37.4557586],
            [126.9536458, 37.4557605],
            [126.9536475, 37.4557627],
            [126.9536498, 37.4557642],
            [126.9536512, 37.4557646],
            [126.953853, 37.4557946],
            [126.9538564, 37.4557946],
            [126.9538586, 37.4557939],
            [126.9538596, 37.4557933],
            [126.9538607, 37.4557927],
            [126.9538624, 37.4557907]
          ]
        ]
      }
    },
    {
      "type": "Feature",
      "id": "B0010000000RF28PH",
      "properties": {
        "label": "공과대학37동공학관8연구동"
      },
      "geometry": {
        "type": "Polygon",
        "coordinates": [
          [
            [126.9508986, 37.4555056],
            [126.9509038, 37.4554747],
            [126.9508852, 37.4554731],
            [126.9508936, 37.4554119],
            [126.950899, 37.455372],
            [126.9508084, 37.4554011],
            [126.9508064, 37.455415],
            [126.9507757, 37.4554124],
            [126.9507814, 37.4553768],
            [126.950693, 37.455368],
            [126.9506827, 37.4554366],
            [126.9507649, 37.4554453],
            [126.9507595, 37.4554789],
            [126.9506358, 37.4554674],
            [126.9505655, 37.455916],
            [126.9506227, 37.4559213],
            [126.9506172, 37.4559554],
            [126.950608, 37.455954],
            [126.9505805, 37.4559948],
            [126.9506756, 37.4560041],
            [126.9507101, 37.4560075],
            [126.9507053, 37.4560339],
            [126.9507937, 37.4560447],
            [126.9508054, 37.4559736],
            [126.9507921, 37.4559721],
            [126.9507983, 37.4559389],
            [126.9508535, 37.4559446],
            [126.950923, 37.455508],
            [126.9508986, 37.4555056]
          ]
        ]
      }
    },
    {
      "type": "Feature",
      "id": "B0010000000RF28OG",
      "properties": {
        "label": "공과대학138동컴퓨터연구소"
      },
      "geometry": {
        "type": "Polygon",
        "coordinates": [
          [
            [126.9546288, 37.4558375],
            [126.954621, 37.4558577],
            [126.9546502, 37.4558649],
            [126.9546514, 37.4558667],
            [126.9546736, 37.4558989],
            [126.9546944, 37.4560517],
            [126.9547651, 37.456046],
            [126.9547674, 37.4560497],
            [126.9547702, 37.4560522],
            [126.9547742, 37.4560541],
            [126.9547784, 37.4560547],
            [126.9547837, 37.4560547],
            [126.9547888, 37.4560536],
            [126.9547919, 37.4560517],
            [126.954796, 37.4560487],
            [126.9547979, 37.4560456],
            [126.9547986, 37.4560429],
            [126.9548977, 37.4560329],
            [126.9548931, 37.4560038],
            [126.9549034, 37.4560028],
            [126.9548763, 37.4558176],
            [126.9548445, 37.4558202],
            [126.954842, 37.4557976],
            [126.9548063, 37.4557434],
            [126.9547805, 37.4557278],
            [126.9548008, 37.4557071],
            [126.9546171, 37.4555914],
            [126.9546111, 37.4555974],
            [126.9545817, 37.4555791],
            [126.9545177, 37.4556427],
            [126.9544915, 37.4556254],
            [126.9544388, 37.455678],
            [126.9544658, 37.4556951],
            [126.9544546, 37.4557057],
            [126.9546071, 37.4558028],
            [126.9546288, 37.4558375]
          ]
        ]
      }
    },
    {
      "type": "Feature",
      "id": "B0010000000RF28D5",
      "properties": {
        "label": "약학대학29동약학관2"
      },
      "geometry": {
        "type": "Polygon",
        "coordinates": [
          [
            [126.9536329, 37.4563709],
            [126.9537222, 37.456384],
            [126.9537247, 37.4563839],
            [126.9537273, 37.4563832],
            [126.9537293, 37.4563823],
            [126.9537309, 37.4563807],
            [126.9537314, 37.4563794],
            [126.9537876, 37.4561449],
            [126.9537999, 37.4560933],
            [126.9538562, 37.455858],
            [126.953856, 37.4558566],
            [126.9538553, 37.4558551],
            [126.9538535, 37.4558532],
            [126.9538514, 37.4558521],
            [126.9538497, 37.4558516],
            [126.9537607, 37.4558382],
            [126.953769, 37.4557993],
            [126.9536913, 37.455785],
            [126.9536889, 37.4557854],
            [126.9536869, 37.4557865],
            [126.9536851, 37.4557887],
            [126.9536844, 37.4557903],
            [126.9536789, 37.4558112],
            [126.9536789, 37.4558143],
            [126.9536795, 37.4558152],
            [126.9536799, 37.4558157],
            [126.9536805, 37.4558161],
            [126.9536825, 37.4558172],
            [126.9536985, 37.4558203],
            [126.9536967, 37.4558281],
            [126.9536612, 37.4558233],
            [126.9536584, 37.4558234],
            [126.9536559, 37.4558243],
            [126.9536533, 37.4558263],
            [126.9536516, 37.455828],
            [126.9536509, 37.4558298],
            [126.953597, 37.4560561],
            [126.9535816, 37.4561209],
            [126.9535276, 37.4563479],
            [126.9535276, 37.456351],
            [126.9535283, 37.4563526],
            [126.9535297, 37.4563543],
            [126.9535318, 37.4563553],
            [126.9535345, 37.4563561],
            [126.9535742, 37.4563615],
            [126.9535703, 37.4563773],
            [126.9536083, 37.4563839],
            [126.9536284, 37.4563874],
            [126.9536329, 37.4563709]
          ]
        ]
      }
    },
    {
      "type": "Feature",
      "id": "B0010000000RF28B3",
      "properties": {
        "label": null
      },
      "geometry": {
        "type": "Polygon",
        "coordinates": [
          [
            [126.9514256, 37.4564131],
            [126.9514322, 37.4563863],
            [126.951559, 37.4564012],
            [126.951535, 37.4563549],
            [126.9514667, 37.4563474],
            [126.9514302, 37.4563427],
            [126.9513484, 37.4563345],
            [126.9513391, 37.4564025],
            [126.9514256, 37.4564131]
          ]
        ]
      }
    },
    {
      "type": "Feature",
      "id": "B0010000000RF287Z",
      "properties": {
        "label": "자연과학대학19동"
      },
      "geometry": {
        "type": "Polygon",
        "coordinates": [
          [
            [126.9526753, 37.4561465],
            [126.9526687, 37.4561974],
            [126.9526329, 37.4564726],
            [126.9528446, 37.4564903],
            [126.9528717, 37.4562747],
            [126.9528823, 37.4562753],
            [126.9528979, 37.456148],
            [126.9528895, 37.4561468],
            [126.9529146, 37.4559437],
            [126.9528553, 37.4559391],
            [126.9528272, 37.4559369],
            [126.9527038, 37.4559272],
            [126.9526753, 37.4561465]
          ]
        ]
      }
    },
    {
      "type": "Feature",
      "id": "B0010000000RF286Y",
      "properties": {
        "label": null
      },
      "geometry": {
        "type": "Polygon",
        "coordinates": [
          [
            [126.9528377, 37.4564899],
            [126.9527232, 37.4564802],
            [126.9527197, 37.4565053],
            [126.9528018, 37.4565121],
            [126.9527969, 37.4565491],
            [126.9528285, 37.4565519],
            [126.9528377, 37.4564899]
          ]
        ]
      }
    },
    {
      "type": "Feature",
      "id": "B0010000000RF285X",
      "properties": {
        "label": null
      },
      "geometry": {
        "type": "Polygon",
        "coordinates": [
          [
            [126.9507532, 37.4565213],
            [126.9506821, 37.4565133],
            [126.9506597, 37.4566441],
            [126.9507322, 37.4566509],
            [126.9507532, 37.4565213]
          ]
        ]
      }
    },
    {
      "type": "Feature",
      "id": "B0010000000RF282U",
      "properties": {
        "label": "66동제1이학군단"
      },
      "geometry": {
        "type": "Polygon",
        "coordinates": [
          [
            [126.9545822, 37.4564514],
            [126.9545143, 37.4564596],
            [126.9544644, 37.4564656],
            [126.9545157, 37.4567567],
            [126.9546826, 37.4567372],
            [126.9546304, 37.4564456],
            [126.9545822, 37.4564514]
          ]
        ]
      }
    },
    {
      "type": "Feature",
      "id": "B0010000000RF281T",
      "properties": {
        "label": null
      },
      "geometry": {
        "type": "Polygon",
        "coordinates": [
          [
            [126.9540084, 37.4567633],
            [126.9540036, 37.456731],
            [126.9539098, 37.4567423],
            [126.9539149, 37.456774],
            [126.9540084, 37.4567633]
          ]
        ]
      }
    },
    {
      "type": "Feature",
      "id": "B0010000000RF280S",
      "properties": {
        "label": "약학대학142동약학관5"
      },
      "geometry": {
        "type": "Polygon",
        "coordinates": [
          [
            [126.9538185, 37.4568026],
            [126.9538132, 37.4567758],
            [126.9538463, 37.4567719],
            [126.9537804, 37.4564311],
            [126.9534761, 37.4564684],
            [126.9534987, 37.4565873],
            [126.9535972, 37.4565756],
            [126.9536394, 37.456796],
            [126.9537199, 37.4567862],
            [126.9537256, 37.4568135],
            [126.9538185, 37.4568026]
          ]
        ]
      }
    },
    {
      "type": "Feature",
      "id": "B0010000000RF27ZQ",
      "properties": {
        "label": "66동제101학생군사교육단,출판문화원물류센터"
      },
      "geometry": {
        "type": "Polygon",
        "coordinates": [
          [
            [126.9541338, 37.4567517],
            [126.954153, 37.4567499],
            [126.9541596, 37.4567848],
            [126.9543597, 37.4567601],
            [126.9543353, 37.4566309],
            [126.9541406, 37.4566551],
            [126.9541331, 37.4566129],
            [126.9540552, 37.4566232],
            [126.9540053, 37.4563702],
            [126.9538389, 37.4563884],
            [126.9539079, 37.4567411],
            [126.9540445, 37.4567249],
            [126.9540615, 37.4568156],
            [126.9541445, 37.4568057],
            [126.9541338, 37.4567517]
          ]
        ]
      }
    },
    {
      "type": "Feature",
      "id": "B0010000000RF27TK",
      "properties": {
        "label": "공과대학43-1동멀티미디어강의동2"
      },
      "geometry": {
        "type": "Polygon",
        "coordinates": [
          [
            [126.9515668, 37.4564735],
            [126.9514829, 37.456465],
            [126.9514805, 37.4564648],
            [126.9514825, 37.4564534],
            [126.951319, 37.4564361],
            [126.9512809, 37.4566742],
            [126.9512469, 37.4568862],
            [126.9514094, 37.4569025],
            [126.9514146, 37.4568796],
            [126.9514207, 37.4568823],
            [126.9514793, 37.4568127],
            [126.9515085, 37.4567776],
            [126.9515266, 37.456755],
            [126.9515428, 37.4567325],
            [126.9515566, 37.4567099],
            [126.9515676, 37.4566864],
            [126.9515758, 37.4566631],
            [126.951581, 37.4566441],
            [126.9515848, 37.4566252],
            [126.9516084, 37.4564776],
            [126.9515668, 37.4564735]
          ]
        ]
      }
    },
    {
      "type": "Feature",
      "id": "B0010000000RF27QH",
      "properties": {
        "label": "공과대학35동공학관교수동및실험동"
      },
      "geometry": {
        "type": "Polygon",
        "coordinates": [
          [
            [126.9521076, 37.4570418],
            [126.9521327, 37.4568838],
            [126.9522071, 37.4568914],
            [126.9522629, 37.456527],
            [126.9522115, 37.4565211],
            [126.952217, 37.4564789],
            [126.9522819, 37.4564113],
            [126.9522283, 37.4564044],
            [126.9522357, 37.4563833],
            [126.9522236, 37.4563617],
            [126.9522576, 37.4561469],
            [126.9520581, 37.4561271],
            [126.9520575, 37.4561348],
            [126.9519272, 37.4561234],
            [126.951789, 37.456981],
            [126.9519216, 37.4569946],
            [126.951917, 37.4570219],
            [126.9521076, 37.4570418]
          ]
        ]
      }
    },
    {
      "type": "Feature",
      "id": "B0010000000RF27PG",
      "properties": {
        "label": "자연과학대학18동사범관,융합과학기술대학원,자유전공학부"
      },
      "geometry": {
        "type": "Polygon",
        "coordinates": [
          [
            [126.9526812, 37.4567588],
            [126.9526738, 37.4568174],
            [126.9526461, 37.4570354],
            [126.9528549, 37.4570521],
            [126.9528823, 37.4568373],
            [126.9528938, 37.456838],
            [126.9529082, 37.4567221],
            [126.952896, 37.4567209],
            [126.9529191, 37.4565597],
            [126.9527088, 37.4565416],
            [126.9526812, 37.4567588]
          ]
        ]
      }
    },
    {
      "type": "Feature",
      "id": "B0010000000RF27I9",
      "properties": {
        "label": null
      },
      "geometry": {
        "type": "Polygon",
        "coordinates": [
          [
            [126.9505738, 37.4571032],
            [126.9504745, 37.4570931],
            [126.9504648, 37.4571515],
            [126.9504778, 37.4571532],
            [126.9505089, 37.4571857],
            [126.9505802, 37.4571438],
            [126.9505693, 37.4571327],
            [126.9505738, 37.4571032]
          ]
        ]
      }
    },
    {
      "type": "Feature",
      "id": "B0010000000RF27F6",
      "properties": {
        "label": "공과대학30동"
      },
      "geometry": {
        "type": "Polygon",
        "coordinates": [
          [
            [126.9509618, 37.456366],
            [126.9509215, 37.4563617],
            [126.9509085, 37.4564456],
            [126.9508025, 37.4564369],
            [126.9508261, 37.4564862],
            [126.9508361, 37.4564866],
            [126.9508308, 37.4565184],
            [126.9507712, 37.4565124],
            [126.9506814, 37.4570808],
            [126.9506762, 37.4571135],
            [126.950675, 37.4571211],
            [126.9507978, 37.4571337],
            [126.9507925, 37.4571662],
            [126.9507908, 37.4571661],
            [126.9507862, 37.457196],
            [126.9507811, 37.4571951],
            [126.9507786, 37.4572101],
            [126.9509378, 37.4572262],
            [126.9509091, 37.4571748],
            [126.950836, 37.4571684],
            [126.9508407, 37.4571377],
            [126.9509641, 37.4571496],
            [126.9510597, 37.456541],
            [126.9510175, 37.4565365],
            [126.9510223, 37.4565055],
            [126.9510267, 37.456506],
            [126.9510386, 37.4564326],
            [126.9509534, 37.456422],
            [126.9509618, 37.456366]
          ]
        ]
      }
    },
    {
      "type": "Feature",
      "id": "B0010000000RF27E5",
      "properties": {
        "label": null
      },
      "geometry": {
        "type": "Polygon",
        "coordinates": [
          [
            [126.9509378, 37.4572262],
            [126.9507786, 37.4572101],
            [126.9507445, 37.4572064],
            [126.9507482, 37.457179],
            [126.9506915, 37.4571726],
            [126.9506681, 37.4573127],
            [126.950746, 37.4573215],
            [126.9507452, 37.4573282],
            [126.9507715, 37.4573275],
            [126.9508075, 37.4573246],
            [126.9508295, 37.457322],
            [126.9508534, 37.4573177],
            [126.9508758, 37.4573122],
            [126.9508973, 37.4573058],
            [126.9509377, 37.4572927],
            [126.9509283, 37.4572877],
            [126.9509297, 37.4572763],
            [126.9509432, 37.4572778],
            [126.9509492, 37.4572443],
            [126.9509356, 37.4572429],
            [126.9509378, 37.4572262]
          ]
        ]
      }
    },
    {
      "type": "Feature",
      "id": "B0010000000RF26ZP",
      "properties": {
        "label": "자연과학대학56동"
      },
      "geometry": {
        "type": "Polygon",
        "coordinates": [
          [
            [126.9516147, 37.4579804],
            [126.9515562, 37.4578635],
            [126.9515786, 37.4578566],
            [126.9515793, 37.4578545],
            [126.9515794, 37.4578528],
            [126.951392, 37.4574874],
            [126.9513685, 37.4574949],
            [126.9513095, 37.457377],
            [126.9513088, 37.4573764],
            [126.9513079, 37.4573758],
            [126.9513071, 37.4573754],
            [126.9513062, 37.457375],
            [126.9513051, 37.4573748],
            [126.9513025, 37.457375],
            [126.9511416, 37.4574256],
            [126.9511407, 37.4574262],
            [126.9511393, 37.457427],
            [126.9511386, 37.4574283],
            [126.9511385, 37.4574298],
            [126.9511393, 37.4574324],
            [126.9511985, 37.4575478],
            [126.9511799, 37.4575531],
            [126.9511778, 37.4575546],
            [126.9511768, 37.4575551],
            [126.9511761, 37.4575557],
            [126.9511757, 37.4575561],
            [126.9511753, 37.4575571],
            [126.9511752, 37.4575578],
            [126.9511751, 37.4575592],
            [126.9513581, 37.457923],
            [126.9513593, 37.457924],
            [126.9513605, 37.4579248],
            [126.9513615, 37.4579253],
            [126.9513625, 37.4579257],
            [126.9513636, 37.4579259],
            [126.9513644, 37.4579259],
            [126.9513667, 37.4579257],
            [126.9513862, 37.4579195],
            [126.951445, 37.4580355],
            [126.9514459, 37.4580366],
            [126.9514468, 37.4580371],
            [126.9514472, 37.4580373],
            [126.9514477, 37.4580377],
            [126.9514492, 37.4580379],
            [126.9514513, 37.458038],
            [126.9516117, 37.4579863],
            [126.9516135, 37.4579857],
            [126.9516143, 37.457985],
            [126.9516144, 37.4579843],
            [126.9516147, 37.4579834],
            [126.9516147, 37.4579823],
            [126.9516147, 37.4579804]
          ]
        ]
      }
    },
    {
      "type": "Feature",
      "id": "B0010000000RF26YO",
      "properties": {
        "label": "65동교수회관"
      },
      "geometry": {
        "type": "Polygon",
        "coordinates": [
          [
            [126.9539407, 37.4579178],
            [126.9540509, 37.4578302],
            [126.9540381, 37.4578205],
            [126.9542379, 37.4576614],
            [126.9541591, 37.4576014],
            [126.9541685, 37.457594],
            [126.9539956, 37.4574691],
            [126.9537874, 37.4576362],
            [126.9537823, 37.4576318],
            [126.9537487, 37.4576585],
            [126.9536798, 37.4577082],
            [126.9535847, 37.4577841],
            [126.9535892, 37.4577872],
            [126.9535854, 37.4577895],
            [126.9536506, 37.4578418],
            [126.9536004, 37.4578804],
            [126.9535841, 37.4578721],
            [126.9535637, 37.4578774],
            [126.9535509, 37.4578822],
            [126.9535394, 37.4578872],
            [126.9535275, 37.4578936],
            [126.9535143, 37.4579036],
            [126.9535027, 37.4579159],
            [126.9534925, 37.457929],
            [126.9534881, 37.457937],
            [126.9534837, 37.4579489],
            [126.9534818, 37.4579591],
            [126.9534808, 37.4579693],
            [126.9534811, 37.4579788],
            [126.9534829, 37.45799],
            [126.9534867, 37.4580027],
            [126.9534929, 37.4580142],
            [126.9534997, 37.4580243],
            [126.9535085, 37.4580342],
            [126.9535172, 37.458042],
            [126.9535277, 37.4580497],
            [126.9535365, 37.4580548],
            [126.9535466, 37.4580598],
            [126.9535585, 37.4580645],
            [126.9535695, 37.4580681],
            [126.9535831, 37.4580707],
            [126.9535937, 37.458072],
            [126.9536063, 37.4580726],
            [126.9536174, 37.4580723],
            [126.9536297, 37.4580711],
            [126.9536419, 37.4580688],
            [126.9536548, 37.4580652],
            [126.9536657, 37.4580612],
            [126.9536772, 37.4580555],
            [126.9536895, 37.4580479],
            [126.9537021, 37.4580383],
            [126.9537119, 37.4580282],
            [126.9537194, 37.4580182],
            [126.9537274, 37.4580033],
            [126.9537318, 37.4579895],
            [126.9537333, 37.4579775],
            [126.9537333, 37.4579657],
            [126.9537622, 37.4579552],
            [126.9538277, 37.4580074],
            [126.9539407, 37.4579178]
          ]
        ]
      }
    },
    {
      "type": "Feature",
      "id": "B0010000000RF26XN",
      "properties": {
        "label": "약학대학21동약학관1"
      },
      "geometry": {
        "type": "Polygon",
        "coordinates": [
          [
            [126.9525367, 37.4581751],
            [126.9521384, 37.4573889],
            [126.9519087, 37.4574626],
            [126.9523058, 37.4582494],
            [126.9525367, 37.4581751]
          ]
        ]
      }
    },
    {
      "type": "Feature",
      "id": "B0010000000RF26VL",
      "properties": {
        "label": "자연과학대학22동"
      },
      "geometry": {
        "type": "Polygon",
        "coordinates": [
          [
            [126.9508078, 37.4575268],
            [126.9507609, 37.4575418],
            [126.9506611, 37.4575736],
            [126.9510306, 37.4583075],
            [126.9512582, 37.458234],
            [126.950888, 37.4575012],
            [126.9508078, 37.4575268]
          ]
        ]
      }
    },
    {
      "type": "Feature",
      "id": "B0010000000RF26UK",
      "properties": {
        "label": null
      },
      "geometry": {
        "type": "Polygon",
        "coordinates": [
          [
            [126.9524639, 37.4583707],
            [126.9525587, 37.458293],
            [126.9525061, 37.4581857],
            [126.9523907, 37.4582231],
            [126.9523999, 37.4582421],
            [126.9523315, 37.4582622],
            [126.9523665, 37.4583342],
            [126.9523706, 37.4583407],
            [126.9523776, 37.4583486],
            [126.9523929, 37.458362],
            [126.9524503, 37.4583455],
            [126.9524639, 37.4583707]
          ]
        ]
      }
    },
    {
      "type": "Feature",
      "id": "B0010000000RF26TJ",
      "properties": {
        "label": null
      },
      "geometry": {
        "type": "Polygon",
        "coordinates": [
          [
            [126.9511395, 37.4584327],
            [126.9512091, 37.4584109],
            [126.9512202, 37.4584321],
            [126.951263, 37.4584186],
            [126.9511843, 37.4582579],
            [126.9511387, 37.4582726],
            [126.9511545, 37.4583028],
            [126.9510852, 37.4583247],
            [126.9511395, 37.4584327]
          ]
        ]
      }
    },
    {
      "type": "Feature",
      "id": "B0010000000RF26RH",
      "properties": {
        "label": null
      },
      "geometry": {
        "type": "Polygon",
        "coordinates": [
          [
            [126.9531542, 37.4585061],
            [126.9530141, 37.4583984],
            [126.9529877, 37.4584212],
            [126.9531304, 37.458525],
            [126.9531542, 37.4585061]
          ]
        ]
      }
    },
    {
      "type": "Feature",
      "id": "B0010000000RF26QG",
      "properties": {
        "label": "약학대학143동신약개발센터"
      },
      "geometry": {
        "type": "Polygon",
        "coordinates": [
          [
            [126.9528571, 37.4579526],
            [126.9528231, 37.4579628],
            [126.9528126, 37.4579412],
            [126.9528106, 37.4579372],
            [126.9526827, 37.4579773],
            [126.9527975, 37.4582134],
            [126.9528162, 37.4582398],
            [126.9528405, 37.4582648],
            [126.9532084, 37.4585476],
            [126.953255, 37.4585137],
            [126.9532771, 37.4585304],
            [126.9534108, 37.458421],
            [126.9533907, 37.4584032],
            [126.9533995, 37.4583969],
            [126.9533294, 37.4583439],
            [126.9532449, 37.4584142],
            [126.9531781, 37.4583628],
            [126.9532633, 37.4582938],
            [126.953194, 37.458241],
            [126.9531109, 37.4583107],
            [126.9530443, 37.4582588],
            [126.9531287, 37.4581908],
            [126.9530599, 37.4581381],
            [126.952989, 37.4581949],
            [126.9529449, 37.4581612],
            [126.95296, 37.4581517],
            [126.9528628, 37.4579509],
            [126.9528571, 37.4579526]
          ]
        ]
      }
    },
    {
      "type": "Feature",
      "id": "B0010000000RF26OE",
      "properties": {
        "label": "자연과학대학23동"
      },
      "geometry": {
        "type": "Polygon",
        "coordinates": [
          [
            [126.9513955, 37.4585875],
            [126.9513033, 37.4584059],
            [126.9507307, 37.4585885],
            [126.9508229, 37.45877],
            [126.9513955, 37.4585875]
          ]
        ]
      }
    },
    {
      "type": "Feature",
      "id": "B0010000000RF26KA",
      "properties": {
        "label": null
      },
      "geometry": {
        "type": "Polygon",
        "coordinates": [
          [
            [126.9503614, 37.4591059],
            [126.9503241, 37.4591175],
            [126.9503627, 37.459191],
            [126.9503806, 37.4591864],
            [126.9503744, 37.459174],
            [126.9503935, 37.4591694],
            [126.9503614, 37.4591059]
          ]
        ]
      }
    },
    {
      "type": "Feature",
      "id": "B0010000000RF26G6",
      "properties": {
        "label": "사범대학13동과학교육관"
      },
      "geometry": {
        "type": "Polygon",
        "coordinates": [
          [
            [126.9543192, 37.4594743],
            [126.954356, 37.45941],
            [126.9543935, 37.4594238],
            [126.9544212, 37.4593733],
            [126.9543845, 37.4593602],
            [126.9544227, 37.4592936],
            [126.9534527, 37.458942],
            [126.9533506, 37.4591234],
            [126.9543192, 37.4594743]
          ]
        ]
      }
    },
    {
      "type": "Feature",
      "id": "B0010000000RF26E4",
      "properties": {
        "label": null
      },
      "geometry": {
        "type": "Polygon",
        "coordinates": [
          [
            [126.9501851, 37.4595247],
            [126.95016, 37.4594745],
            [126.9501358, 37.4594823],
            [126.9501612, 37.4595325],
            [126.9501851, 37.4595247]
          ]
        ]
      }
    },
    {
      "type": "Feature",
      "id": "B0010000000RF25J8",
      "properties": {
        "label": "20동약학관3"
      },
      "geometry": {
        "type": "Polygon",
        "coordinates": [
          [
            [126.9533521, 37.4588803],
            [126.9525704, 37.4582843],
            [126.9524649, 37.4583718],
            [126.9524716, 37.4583768],
            [126.9524427, 37.4584035],
            [126.9524349, 37.4583983],
            [126.9524104, 37.4584209],
            [126.9530727, 37.4589135],
            [126.95306, 37.4589242],
            [126.9530683, 37.4589396],
            [126.9530789, 37.4589527],
            [126.9530911, 37.4589643],
            [126.9531149, 37.4589828],
            [126.9531445, 37.4589996],
            [126.9531662, 37.4590087],
            [126.9531804, 37.459014],
            [126.9531903, 37.4590158],
            [126.9531985, 37.4590159],
            [126.95321, 37.4590143],
            [126.9532158, 37.4590119],
            [126.9532227, 37.4590042],
            [126.9533521, 37.4588803]
          ]
        ]
      }
    },
    {
      "type": "Feature",
      "id": "B0010000000RF23F2",
      "properties": {
        "label": null
      },
      "geometry": {
        "type": "Polygon",
        "coordinates": [
          [
            [126.9590154, 37.4645456],
            [126.9589903, 37.4645006],
            [126.9589473, 37.4645153],
            [126.9589702, 37.4645572],
            [126.9590154, 37.4645456]
          ]
        ]
      }
    },
    {
      "type": "Feature",
      "id": "B0010000000RF236T",
      "properties": {
        "label": "인문대학8동두산인문관"
      },
      "geometry": {
        "type": "Polygon",
        "coordinates": [
          [
            [126.9538474, 37.4603191],
            [126.9541721, 37.4601576],
            [126.9540689, 37.4600255],
            [126.9538097, 37.4601532],
            [126.9537128, 37.4602361],
            [126.9537556, 37.4602909],
            [126.9538062, 37.4602656],
            [126.9538474, 37.4603191]
          ]
        ]
      }
    },
    {
      "type": "Feature",
      "id": "B0010000000RF234R",
      "properties": {
        "label": "인문대학1동"
      },
      "geometry": {
        "type": "Polygon",
        "coordinates": [
          [
            [126.9520689, 37.4604708],
            [126.9526395, 37.4603038],
            [126.9526488, 37.4603221],
            [126.9527175, 37.4603028],
            [126.9527251, 37.4603003],
            [126.9526379, 37.4601062],
            [126.9519889, 37.4602955],
            [126.9520689, 37.4604708]
          ]
        ]
      }
    },
    {
      "type": "Feature",
      "id": "B0010000000RF232P",
      "properties": {
        "label": "인문대학2동인문관2"
      },
      "geometry": {
        "type": "Polygon",
        "coordinates": [
          [
            [126.9533236, 37.4603945],
            [126.9532417, 37.4602186],
            [126.9527104, 37.4603723],
            [126.9526715, 37.4603837],
            [126.9525958, 37.4604075],
            [126.9526741, 37.4605802],
            [126.9533236, 37.4603945]
          ]
        ]
      }
    },
    {
      "type": "Feature",
      "id": "B0010000000RF22TF",
      "properties": {
        "label": "인문대학6동인문관5"
      },
      "geometry": {
        "type": "Polygon",
        "coordinates": [
          [
            [126.9548247, 37.4607145],
            [126.9547128, 37.4605668],
            [126.9546707, 37.4605871],
            [126.9546569, 37.4605693],
            [126.9546273, 37.4605856],
            [126.9546313, 37.4605916],
            [126.9542436, 37.4607814],
            [126.9543644, 37.4609387],
            [126.9548247, 37.4607145]
          ]
        ]
      }
    },
    {
      "type": "Feature",
      "id": "B0010000000RF22QC",
      "properties": {
        "label": "인문대학5동인문관4"
      },
      "geometry": {
        "type": "Polygon",
        "coordinates": [
          [
            [126.9538473, 37.4603192],
            [126.9538062, 37.4602657],
            [126.9537557, 37.460291],
            [126.9536083, 37.4603604],
            [126.9540847, 37.4609817],
            [126.9542829, 37.4608868],
            [126.9538473, 37.4603192]
          ]
        ]
      }
    },
    {
      "type": "Feature",
      "id": "B0010000000RF22PB",
      "properties": {
        "label": "인문대학3동인문관3"
      },
      "geometry": {
        "type": "Polygon",
        "coordinates": [
          [
            [126.9536599, 37.4610501],
            [126.9537506, 37.4610023],
            [126.9537591, 37.461012],
            [126.9537882, 37.4609991],
            [126.9537809, 37.4609892],
            [126.9538612, 37.4609536],
            [126.9534597, 37.4604325],
            [126.9532606, 37.4605297],
            [126.9536599, 37.4610501]
          ]
        ]
      }
    },
    {
      "type": "Feature",
      "id": "B0010000000RF22OA",
      "properties": {
        "label": "인문대학4동,신양인문학술정보관,우리은행서울대학교지점"
      },
      "geometry": {
        "type": "Polygon",
        "coordinates": [
          [
            [126.9532266, 37.4610669],
            [126.9535184, 37.4609244],
            [126.95347, 37.4608602],
            [126.9534848, 37.4608533],
            [126.9533957, 37.4607371],
            [126.9533266, 37.4607703],
            [126.9532925, 37.4607871],
            [126.9532576, 37.4608054],
            [126.953224, 37.4608242],
            [126.9531902, 37.4608444],
            [126.9531568, 37.4608657],
            [126.9531256, 37.4608875],
            [126.9530957, 37.4609095],
            [126.9530681, 37.4609308],
            [126.9530414, 37.4609528],
            [126.9530028, 37.4609866],
            [126.9531235, 37.4610439],
            [126.9531641, 37.4610241],
            [126.9531934, 37.4610621],
            [126.9532152, 37.4610514],
            [126.9532266, 37.4610669]
          ]
        ]
      }
    },
    {
      "type": "Feature",
      "id": "B0010000000RF22N9",
      "properties": {
        "label": "NH농협은행,자하연식당"
      },
      "geometry": {
        "type": "Polygon",
        "coordinates": [
          [
            [126.9522755, 37.4611034],
            [126.9524901, 37.4610033],
            [126.9525501, 37.461089],
            [126.9526922, 37.4610249],
            [126.9526753, 37.4609992],
            [126.9527477, 37.4609657],
            [126.9526457, 37.4608183],
            [126.9526094, 37.4608348],
            [126.9525897, 37.4608057],
            [126.9522645, 37.4609512],
            [126.9522729, 37.460963],
            [126.9522706, 37.4609648],
            [126.9522681, 37.460967],
            [126.9522661, 37.4609692],
            [126.9522641, 37.4609724],
            [126.9522633, 37.4609748],
            [126.9522626, 37.4609779],
            [126.9522626, 37.4609812],
            [126.952263, 37.4609839],
            [126.9522639, 37.4609868],
            [126.9522654, 37.4609899],
            [126.9522679, 37.4609926],
            [126.9522722, 37.4609954],
            [126.9522597, 37.4609922],
            [126.9522492, 37.460997],
            [126.9522678, 37.4610235],
            [126.9522315, 37.4610384],
            [126.9522755, 37.4611034]
          ]
        ]
      }
    },
    {
      "type": "Feature",
      "id": "B0010000000RF22F1",
      "properties": {
        "label": "법과대학72동법학도서관"
      },
      "geometry": {
        "type": "Polygon",
        "coordinates": [
          [
            [126.9518196, 37.4620459],
            [126.9521683, 37.4617556],
            [126.9521054, 37.4617089],
            [126.9521118, 37.4617046],
            [126.9519238, 37.4615602],
            [126.9518032, 37.4616608],
            [126.9518169, 37.4616714],
            [126.9516986, 37.4617695],
            [126.9516847, 37.461759],
            [126.951565, 37.4618594],
            [126.9517522, 37.4620031],
            [126.9517577, 37.4619983],
            [126.9518196, 37.4620459]
          ]
        ]
      }
    },
    {
      "type": "Feature",
      "id": "B0010000000RF22CY",
      "properties": {
        "label": "법과대학72동법학도서관"
      },
      "geometry": {
        "type": "Polygon",
        "coordinates": [
          [
            [126.9522964, 37.4618822],
            [126.9521652, 37.4617815],
            [126.9521307, 37.461812],
            [126.9521151, 37.4618001],
            [126.9518721, 37.4620023],
            [126.9518881, 37.4620142],
            [126.9518533, 37.4620418],
            [126.9519845, 37.4621417],
            [126.9522964, 37.4618822]
          ]
        ]
      }
    },
    {
      "type": "Feature",
      "id": "B0010000000RF227T",
      "properties": {
        "label": null
      },
      "geometry": {
        "type": "Polygon",
        "coordinates": [
          [
            [126.9507054, 37.4623582],
            [126.9506856, 37.4623422],
            [126.9506381, 37.4623822],
            [126.9506606, 37.4623973],
            [126.9507054, 37.4623582]
          ]
        ]
      }
    },
    {
      "type": "Feature",
      "id": "B0010000000RF225R",
      "properties": {
        "label": "법과대학84동근대법학교육100주년기념관"
      },
      "geometry": {
        "type": "Polygon",
        "coordinates": [
          [
            [126.9522844, 37.4624297],
            [126.9522912, 37.4624201],
            [126.9522937, 37.4624214],
            [126.9523051, 37.4624046],
            [126.9523143, 37.4623897],
            [126.9523229, 37.4623739],
            [126.9523304, 37.4623579],
            [126.9523367, 37.4623405],
            [126.9523419, 37.462324],
            [126.9523461, 37.4623072],
            [126.9523482, 37.462291],
            [126.9523498, 37.4622736],
            [126.9523505, 37.4622563],
            [126.9523503, 37.4622382],
            [126.9523464, 37.4622385],
            [126.9523447, 37.462222],
            [126.9523425, 37.462207],
            [126.9523386, 37.46219],
            [126.9523323, 37.4621729],
            [126.9523212, 37.4621486],
            [126.952306, 37.4621216],
            [126.9523094, 37.4621199],
            [126.9522988, 37.4621044],
            [126.952288, 37.4620902],
            [126.9522771, 37.4620769],
            [126.9522744, 37.4620787],
            [126.9522615, 37.4620639],
            [126.9522408, 37.4620463],
            [126.9522254, 37.4620336],
            [126.9520486, 37.4621805],
            [126.9520554, 37.4621862],
            [126.9520629, 37.4621926],
            [126.9520694, 37.4621999],
            [126.9520768, 37.462209],
            [126.9520807, 37.4622164],
            [126.952086, 37.4622273],
            [126.9520886, 37.4622364],
            [126.9520906, 37.4622448],
            [126.9520917, 37.4622533],
            [126.9520921, 37.4622599],
            [126.9520917, 37.4622686],
            [126.9520909, 37.4622751],
            [126.9520888, 37.4622829],
            [126.9520867, 37.462289],
            [126.9520837, 37.4622967],
            [126.9520796, 37.4623039],
            [126.9520759, 37.4623101],
            [126.9520714, 37.4623162],
            [126.9520647, 37.4623238],
            [126.9520573, 37.4623305],
            [126.9520013, 37.4623774],
            [126.9522156, 37.462541],
            [126.9522446, 37.4625175],
            [126.9522146, 37.4624945],
            [126.952244, 37.4624711],
            [126.9522686, 37.4624483],
            [126.9522844, 37.4624297]
          ]
        ]
      }
    },
    {
      "type": "Feature",
      "id": "B0010000000RF224Q",
      "properties": {
        "label": null
      },
      "geometry": {
        "type": "Polygon",
        "coordinates": [
          [
            [126.9504871, 37.4624181],
            [126.9504529, 37.4623923],
            [126.9504103, 37.4624292],
            [126.9503028, 37.4625225],
            [126.9503366, 37.462547],
            [126.9504871, 37.4624181]
          ]
        ]
      }
    },
    {
      "type": "Feature",
      "id": "B0010000000RF223P",
      "properties": {
        "label": null
      },
      "geometry": {
        "type": "Polygon",
        "coordinates": [
          [
            [126.9520613, 37.4625697],
            [126.9520405, 37.4625543],
            [126.9520382, 37.4625562],
            [126.9520244, 37.4625454],
            [126.951999, 37.4625654],
            [126.952014, 37.4625765],
            [126.9520122, 37.462578],
            [126.952032, 37.4625932],
            [126.9520613, 37.4625697]
          ]
        ]
      }
    },
    {
      "type": "Feature",
      "id": "B0010000000RF221N",
      "properties": {
        "label": "음악대학55동"
      },
      "geometry": {
        "type": "Polygon",
        "coordinates": [
          [
            [126.9529155, 37.4626504],
            [126.9528565, 37.4625447],
            [126.9528821, 37.4625356],
            [126.9528919, 37.4625524],
            [126.9529532, 37.4625314],
            [126.9529435, 37.4625142],
            [126.9529629, 37.4625153],
            [126.9529609, 37.4625278],
            [126.9529681, 37.462535],
            [126.953043, 37.4625405],
            [126.9530513, 37.4625345],
            [126.9530605, 37.4624752],
            [126.9530533, 37.4624676],
            [126.9530286, 37.4624656],
            [126.9530298, 37.4624572],
            [126.9530699, 37.462445],
            [126.9530724, 37.4624131],
            [126.9529745, 37.4622453],
            [126.9528895, 37.4622383],
            [126.9528037, 37.4623337],
            [126.9528328, 37.4623504],
            [126.9528136, 37.4623715],
            [126.9527617, 37.4623425],
            [126.9527048, 37.4624048],
            [126.952743, 37.462475],
            [126.9527556, 37.4624721],
            [126.952754, 37.4624839],
            [126.9526818, 37.4624789],
            [126.9526677, 37.4625819],
            [126.9527748, 37.4626425],
            [126.9528093, 37.4626034],
            [126.9528269, 37.4626127],
            [126.9528054, 37.4626369],
            [126.9528611, 37.4626696],
            [126.9529155, 37.4626504]
          ]
        ]
      }
    },
    {
      "type": "Feature",
      "id": "B0010000000RF21XI",
      "properties": {
        "label": "사회과학대학16-1동신양학술정보관3"
      },
      "geometry": {
        "type": "Polygon",
        "coordinates": [
          [
            [126.9511477, 37.4628309],
            [126.9511523, 37.4628272],
            [126.951155, 37.4628289],
            [126.9511671, 37.4628186],
            [126.9511752, 37.4628251],
            [126.9512424, 37.4627688],
            [126.9509112, 37.4625161],
            [126.9507569, 37.4626444],
            [126.9510826, 37.462897],
            [126.9511018, 37.462882],
            [126.9510973, 37.4628787],
            [126.9511514, 37.4628337],
            [126.9511477, 37.4628309]
          ]
        ]
      }
    },
    {
      "type": "Feature",
      "id": "B0010000000RF21VG",
      "properties": {
        "label": "음악대학54동"
      },
      "geometry": {
        "type": "Polygon",
        "coordinates": [
          [
            [126.9533382, 37.4628676],
            [126.9533458, 37.4628084],
            [126.9533544, 37.4628089],
            [126.9533514, 37.4628305],
            [126.9533586, 37.4628386],
            [126.9534339, 37.462844],
            [126.9534427, 37.4628381],
            [126.9534509, 37.4627766],
            [126.953444, 37.4627703],
            [126.953419, 37.4627686],
            [126.9534265, 37.4627078],
            [126.9534624, 37.4627102],
            [126.9534785, 37.462551],
            [126.9535009, 37.462552],
            [126.953515, 37.462453],
            [126.9532713, 37.4624308],
            [126.9532944, 37.4622685],
            [126.9532695, 37.4622451],
            [126.9531687, 37.4622369],
            [126.9531449, 37.4624252],
            [126.9531856, 37.4624287],
            [126.9531762, 37.4624953],
            [126.9531962, 37.4625157],
            [126.9533096, 37.4625253],
            [126.9532732, 37.4628009],
            [126.9532598, 37.4628055],
            [126.9532556, 37.4627977],
            [126.9531058, 37.4628493],
            [126.9531013, 37.4628411],
            [126.9530395, 37.462862],
            [126.9530901, 37.4629547],
            [126.9533382, 37.4628676]
          ]
        ]
      }
    },
    {
      "type": "Feature",
      "id": "B0010000000RF21QB",
      "properties": {
        "label": "법과대학17동법학전문대학원"
      },
      "geometry": {
        "type": "Polygon",
        "coordinates": [
          [
            [126.9516483, 37.4630861],
            [126.9518472, 37.4629213],
            [126.9518922, 37.4629555],
            [126.9519449, 37.4629114],
            [126.951972, 37.4629321],
            [126.9521626, 37.4627746],
            [126.9520902, 37.4627187],
            [126.9520955, 37.4627133],
            [126.9520976, 37.4627098],
            [126.9520978, 37.4627057],
            [126.9520962, 37.4627011],
            [126.9520931, 37.4626977],
            [126.9520891, 37.4626948],
            [126.9520842, 37.4626927],
            [126.9520804, 37.462692],
            [126.9520757, 37.462692],
            [126.9520711, 37.4626929],
            [126.9520675, 37.4626947],
            [126.9520648, 37.4626968],
            [126.9520526, 37.4627067],
            [126.9520308, 37.4626899],
            [126.9520373, 37.4626855],
            [126.9520015, 37.4626609],
            [126.951829, 37.4628096],
            [126.9517783, 37.4627721],
            [126.9517262, 37.4628161],
            [126.9517235, 37.4628141],
            [126.9515178, 37.4629853],
            [126.9516483, 37.4630861]
          ]
        ]
      }
    },
    {
      "type": "Feature",
      "id": "B0010000000RF21N8",
      "properties": {
        "label": null
      },
      "geometry": {
        "type": "Polygon",
        "coordinates": [
          [
            [126.9508813, 37.4632629],
            [126.9508597, 37.463258],
            [126.9508483, 37.463285],
            [126.9508438, 37.4632984],
            [126.950839, 37.4633193],
            [126.9508614, 37.4633221],
            [126.9508658, 37.4633023],
            [126.9508698, 37.4632902],
            [126.9508813, 37.4632629]
          ]
        ]
      }
    },
    {
      "type": "Feature",
      "id": "B0010000000RF21K5",
      "properties": {
        "label": "음악대학49동예술관콘서트홀"
      },
      "geometry": {
        "type": "Polygon",
        "coordinates": [
          [
            [126.9542428, 37.4633678],
            [126.9544109, 37.4632137],
            [126.9540356, 37.4628253],
            [126.9540228, 37.4628452],
            [126.9540364, 37.462859],
            [126.9539677, 37.462994],
            [126.9539375, 37.46296],
            [126.9539043, 37.4629809],
            [126.9538909, 37.4629903],
            [126.9538822, 37.4629981],
            [126.9538739, 37.4630073],
            [126.9538687, 37.4630159],
            [126.9538591, 37.4630347],
            [126.95384, 37.4630719],
            [126.9538311, 37.4630919],
            [126.9538275, 37.4631023],
            [126.9538254, 37.4631138],
            [126.9538249, 37.4631313],
            [126.953826, 37.4631439],
            [126.9538292, 37.4631584],
            [126.9538323, 37.4631691],
            [126.9538381, 37.4631805],
            [126.9538475, 37.4631949],
            [126.9538559, 37.4632053],
            [126.9538718, 37.4632211],
            [126.9540146, 37.4633666],
            [126.9540458, 37.463351],
            [126.9540653, 37.4633447],
            [126.954085, 37.4633398],
            [126.9541035, 37.4633371],
            [126.9541211, 37.4633361],
            [126.9541397, 37.4633371],
            [126.9541673, 37.4633403],
            [126.9541842, 37.4633432],
            [126.9542006, 37.4633471],
            [126.9542134, 37.4633516],
            [126.9542309, 37.4633601],
            [126.9542428, 37.4633678]
          ]
        ]
      }
    },
    {
      "type": "Feature",
      "id": "B0010000000RF21J4",
      "properties": {
        "label": "음악대학53동"
      },
      "geometry": {
        "type": "Polygon",
        "coordinates": [
          [
            [126.9536505, 37.463373],
            [126.9536524, 37.4633542],
            [126.9537586, 37.4633619],
            [126.9537674, 37.4632886],
            [126.9537325, 37.4632261],
            [126.9536258, 37.4631216],
            [126.9535965, 37.4631406],
            [126.9535748, 37.4631195],
            [126.9536095, 37.4630968],
            [126.9534554, 37.4629461],
            [126.9534739, 37.462934],
            [126.9534455, 37.4629054],
            [126.9534128, 37.4629042],
            [126.9533786, 37.4629261],
            [126.9533613, 37.4629088],
            [126.9533189, 37.4629238],
            [126.9533252, 37.46294],
            [126.9532627, 37.4629803],
            [126.9534722, 37.4631855],
            [126.9535094, 37.4631615],
            [126.9535317, 37.463183],
            [126.9535291, 37.4631849],
            [126.9535216, 37.4631845],
            [126.9534611, 37.4632229],
            [126.9534604, 37.4632319],
            [126.9535082, 37.4632796],
            [126.9535189, 37.4632804],
            [126.9535499, 37.4632612],
            [126.9535963, 37.4633074],
            [126.9535571, 37.4633337],
            [126.9535921, 37.4633676],
            [126.9536505, 37.463373]
          ]
        ]
      }
    },
    {
      "type": "Feature",
      "id": "B0010000000RF21F0",
      "properties": {
        "label": "미술대학50동"
      },
      "geometry": {
        "type": "Polygon",
        "coordinates": [
          [
            [126.952535, 37.4633949],
            [126.9524472, 37.4632398],
            [126.9524849, 37.4632262],
            [126.9524571, 37.4631767],
            [126.9521163, 37.4632985],
            [126.9521563, 37.4633706],
            [126.9522681, 37.4633306],
            [126.9523431, 37.4634635],
            [126.952535, 37.4633949]
          ]
        ]
      }
    },
    {
      "type": "Feature",
      "id": "B0010000000RF21AV",
      "properties": {
        "label": "미술대학51동예술관2"
      },
      "geometry": {
        "type": "Polygon",
        "coordinates": [
          [
            [126.9527899, 37.4636833],
            [126.9527979, 37.4636303],
            [126.9528575, 37.463635],
            [126.9528707, 37.4635364],
            [126.9528112, 37.4635275],
            [126.9528199, 37.4634637],
            [126.9525698, 37.4634434],
            [126.9525637, 37.4634893],
            [126.9525399, 37.4634871],
            [126.9525416, 37.463474],
            [126.9525056, 37.463471],
            [126.9525044, 37.4634831],
            [126.9524946, 37.4634829],
            [126.9524907, 37.4634754],
            [126.9524398, 37.4634936],
            [126.9524352, 37.4635308],
            [126.9524169, 37.4635291],
            [126.9524071, 37.4635345],
            [126.9524002, 37.4635952],
            [126.9524073, 37.4636016],
            [126.9524844, 37.4636098],
            [126.9524928, 37.463604],
            [126.952497, 37.4635706],
            [126.9525224, 37.4635721],
            [126.9525144, 37.4636396],
            [126.9526404, 37.46365],
            [126.9526443, 37.463628],
            [126.9526689, 37.4636299],
            [126.9526636, 37.463673],
            [126.9527899, 37.4636833]
          ]
        ]
      }
    },
    {
      "type": "Feature",
      "id": "B0010000000RF213O",
      "properties": {
        "label": "사회과학대학83동멀티미디어강의동"
      },
      "geometry": {
        "type": "Polygon",
        "coordinates": [
          [
            [126.9517453, 37.4638742],
            [126.951635, 37.4635598],
            [126.9518048, 37.4636105],
            [126.9518067, 37.4636063],
            [126.9518196, 37.46361],
            [126.951818, 37.4636142],
            [126.9518237, 37.463616],
            [126.9518303, 37.4636045],
            [126.9518359, 37.4635905],
            [126.951841, 37.4635753],
            [126.9518454, 37.4635619],
            [126.9518481, 37.46355],
            [126.9518513, 37.4635363],
            [126.9518526, 37.4635258],
            [126.9518535, 37.4635136],
            [126.9518538, 37.4635022],
            [126.9518541, 37.4634896],
            [126.9518545, 37.4634788],
            [126.9518534, 37.4634677],
            [126.9518522, 37.4634572],
            [126.9518497, 37.4634442],
            [126.9518469, 37.4634285],
            [126.9518431, 37.4634146],
            [126.9518398, 37.4634029],
            [126.9518349, 37.4633902],
            [126.9518282, 37.4633759],
            [126.951821, 37.4633619],
            [126.9518135, 37.4633488],
            [126.9518009, 37.4633291],
            [126.9517877, 37.4633125],
            [126.9517738, 37.4632957],
            [126.9517574, 37.4632782],
            [126.9517433, 37.4632655],
            [126.9517282, 37.4632531],
            [126.9517054, 37.4632372],
            [126.951685, 37.4632249],
            [126.9516812, 37.4632289],
            [126.9516849, 37.4632315],
            [126.9516774, 37.4632392],
            [126.9516735, 37.463237],
            [126.9515606, 37.4633505],
            [126.9515132, 37.4632147],
            [126.9514725, 37.4632237],
            [126.9514781, 37.4632386],
            [126.9513488, 37.4632669],
            [126.9515566, 37.463854],
            [126.9516846, 37.4638255],
            [126.951705, 37.4638834],
            [126.9517453, 37.4638742]
          ]
        ]
      }
    },
    {
      "type": "Feature",
      "id": "B0010000000RF20XH",
      "properties": {
        "label": "미술대학49-1동디자인연구동"
      },
      "geometry": {
        "type": "Polygon",
        "coordinates": [
          [
            [126.9544123, 37.4633785],
            [126.9544001, 37.4633593],
            [126.9542746, 37.463406],
            [126.9542837, 37.4634225],
            [126.9542887, 37.463433],
            [126.9542937, 37.4634466],
            [126.9542961, 37.463461],
            [126.9542968, 37.4634743],
            [126.9542952, 37.4634915],
            [126.9542916, 37.4635058],
            [126.9542854, 37.463521],
            [126.954277, 37.4635357],
            [126.9542672, 37.4635482],
            [126.9542547, 37.4635617],
            [126.9542412, 37.4635728],
            [126.9542268, 37.4635824],
            [126.9542073, 37.4635919],
            [126.9541857, 37.4636004],
            [126.9541029, 37.4636307],
            [126.9541471, 37.4637027],
            [126.9542022, 37.4637918],
            [126.9543311, 37.4640005],
            [126.9544395, 37.4639575],
            [126.9543999, 37.463891],
            [126.9545742, 37.4638043],
            [126.9543842, 37.463609],
            [126.954399, 37.46359],
            [126.9544086, 37.4635755],
            [126.954418, 37.4635551],
            [126.954424, 37.4635359],
            [126.9544302, 37.4635099],
            [126.9544333, 37.4634875],
            [126.954435, 37.4634729],
            [126.954435, 37.4634573],
            [126.954433, 37.4634387],
            [126.9544299, 37.4634224],
            [126.9544226, 37.4634015],
            [126.9544123, 37.4633785]
          ]
        ]
      }
    },
    {
      "type": "Feature",
      "id": "B0010000000RF20J3",
      "properties": {
        "label": "생활과학대학222동"
      },
      "geometry": {
        "type": "Polygon",
        "coordinates": [
          [
            [126.9534808, 37.4646961],
            [126.9532783, 37.4643725],
            [126.9532719, 37.4643752],
            [126.9532438, 37.4643303],
            [126.9532628, 37.4643221],
            [126.9533014, 37.4643767],
            [126.9535589, 37.4642702],
            [126.9534612, 37.4641298],
            [126.9534519, 37.4641334],
            [126.9534576, 37.4641415],
            [126.95343, 37.4641523],
            [126.9534248, 37.4641452],
            [126.9531741, 37.4642509],
            [126.9531804, 37.4642599],
            [126.9531131, 37.4642869],
            [126.9531076, 37.4642786],
            [126.9530074, 37.4643202],
            [126.9533002, 37.4647736],
            [126.9534808, 37.4646961]
          ]
        ]
      }
    },
    {
      "type": "Feature",
      "id": "B0010000000RF20I2",
      "properties": {
        "label": "생활과학대학220동종합교육연구동"
      },
      "geometry": {
        "type": "Polygon",
        "coordinates": [
          [
            [126.954308, 37.4645721],
            [126.9543409, 37.4645586],
            [126.9544361, 37.4647027],
            [126.9546137, 37.4646255],
            [126.9542829, 37.4641209],
            [126.9542774, 37.4641232],
            [126.9542389, 37.4640652],
            [126.9540389, 37.4641532],
            [126.9539061, 37.4639536],
            [126.954114, 37.4638674],
            [126.9540378, 37.4637593],
            [126.9538296, 37.463847],
            [126.9538176, 37.4638309],
            [126.9536454, 37.4638989],
            [126.9538412, 37.4641964],
            [126.9538445, 37.464195],
            [126.9540411, 37.4645004],
            [126.9536619, 37.4646599],
            [126.9537079, 37.4647299],
            [126.9536973, 37.4647337],
            [126.9537015, 37.4647633],
            [126.9537043, 37.4647846],
            [126.9537077, 37.4648181],
            [126.9538377, 37.4647715],
            [126.9539982, 37.4647155],
            [126.9541439, 37.4646569],
            [126.9542204, 37.4646301],
            [126.9543162, 37.4645845],
            [126.954308, 37.4645721]
          ]
        ]
      }
    },
    {
      "type": "Feature",
      "id": "B0010000000RF1RKU",
      "properties": {
        "label": null
      },
      "geometry": {
        "type": "Polygon",
        "coordinates": [
          [
            [126.9584007, 37.4658991],
            [126.9583242, 37.4658951],
            [126.9583376, 37.4659077],
            [126.9583371, 37.4659137],
            [126.9583364, 37.4659264],
            [126.9586657, 37.4659431],
            [126.9586026, 37.4659241],
            [126.958521, 37.4659212],
            [126.9584, 37.4659169],
            [126.9584007, 37.4658991]
          ]
        ]
      }
    },
    {
      "type": "Feature",
      "id": "B0010000000RF1RIS",
      "properties": {
        "label": null
      },
      "geometry": {
        "type": "Polygon",
        "coordinates": [
          [
            [126.9594309, 37.4660002],
            [126.9592977, 37.4658773],
            [126.9592501, 37.4659109],
            [126.9592973, 37.4659548],
            [126.9593346, 37.4659906],
            [126.9593835, 37.4660337],
            [126.9594309, 37.4660002]
          ]
        ]
      }
    },
    {
      "type": "Feature",
      "id": "B0010000000RF1RGQ",
      "properties": {
        "label": "941-1동,느티나무어린이집"
      },
      "geometry": {
        "type": "Polygon",
        "coordinates": [
          [
            [126.9587036, 37.4663031],
            [126.958704, 37.4662865],
            [126.9587681, 37.4662867],
            [126.958771, 37.466223],
            [126.9588391, 37.4662261],
            [126.9588395, 37.4662189],
            [126.9588493, 37.4662189],
            [126.9588707, 37.4659259],
            [126.9588599, 37.4659255],
            [126.9588603, 37.4659033],
            [126.9588818, 37.4659032],
            [126.9588831, 37.4658678],
            [126.9588682, 37.4658673],
            [126.958872, 37.465788],
            [126.9586324, 37.4657727],
            [126.9586322, 37.4657803],
            [126.9584095, 37.4657677],
            [126.9584095, 37.465772],
            [126.9583907, 37.4657714],
            [126.9583827, 37.4658639],
            [126.9584022, 37.4658689],
            [126.9584003, 37.4659167],
            [126.9586026, 37.4659241],
            [126.9587155, 37.465958],
            [126.9586955, 37.466219],
            [126.9585237, 37.4662106],
            [126.9585173, 37.4662943],
            [126.9587036, 37.4663031]
          ]
        ]
      }
    },
    {
      "type": "Feature",
      "id": "B0010000000RF1REO",
      "properties": {
        "label": "941동,백학어린이집,신한은행서울대학교연구공원출장소"
      },
      "geometry": {
        "type": "Polygon",
        "coordinates": [
          [
            [126.9583694, 37.4663621],
            [126.9584125, 37.4663019],
            [126.9584059, 37.4662996],
            [126.9584976, 37.466111],
            [126.9583915, 37.4660786],
            [126.9583726, 37.4661167],
            [126.9583218, 37.4661148],
            [126.9583374, 37.4659077],
            [126.9582751, 37.4658493],
            [126.9582416, 37.4658718],
            [126.9581968, 37.4658625],
            [126.9581764, 37.4659109],
            [126.9581633, 37.465953],
            [126.9581552, 37.4659812],
            [126.9581481, 37.4660121],
            [126.9581407, 37.4660566],
            [126.9581346, 37.4661204],
            [126.9581316, 37.4661887],
            [126.9581309, 37.4662462],
            [126.9581315, 37.4662926],
            [126.9581342, 37.466326],
            [126.9581373, 37.4663498],
            [126.9581754, 37.466333],
            [126.9581826, 37.466348],
            [126.9581873, 37.4663553],
            [126.9581942, 37.4663636],
            [126.9582027, 37.4663715],
            [126.9582127, 37.4663788],
            [126.9582249, 37.4663859],
            [126.9582397, 37.4663923],
            [126.9582545, 37.4663971],
            [126.9582675, 37.466399],
            [126.9582803, 37.4663993],
            [126.9582945, 37.4663986],
            [126.9583075, 37.4663963],
            [126.9583264, 37.4663905],
            [126.9583432, 37.4663825],
            [126.9583581, 37.4663725],
            [126.9583694, 37.4663621]
          ]
        ]
      }
    },
    {
      "type": "Feature",
      "id": "B0010000000RF1RCM",
      "properties": {
        "label": null
      },
      "geometry": {
        "type": "Polygon",
        "coordinates": [
          [
            [126.9594469, 37.466546],
            [126.9594425, 37.4665013],
            [126.9593088, 37.4665083],
            [126.9593151, 37.4665563],
            [126.9594469, 37.466546]
          ]
        ]
      }
    },
    {
      "type": "Feature",
      "id": "B0010000000RF1QZ8",
      "properties": {
        "label": "가족생활관932동"
      },
      "geometry": {
        "type": "Polygon",
        "coordinates": [
          [
            [126.958443, 37.4667667],
            [126.9584417, 37.4667668],
            [126.9584421, 37.4667707],
            [126.9584139, 37.4667729],
            [126.9584132, 37.4667683],
            [126.9583635, 37.4667726],
            [126.9583772, 37.4668862],
            [126.9586273, 37.4668678],
            [126.9586239, 37.4668396],
            [126.9588669, 37.4668226],
            [126.9588532, 37.4667087],
            [126.9588022, 37.4667124],
            [126.9588029, 37.4667167],
            [126.9587763, 37.4667184],
            [126.9587758, 37.4667145],
            [126.9586806, 37.4667217],
            [126.9586814, 37.466726],
            [126.9586539, 37.4667281],
            [126.9586533, 37.4667239],
            [126.9586029, 37.4667277],
            [126.9586071, 37.4667541],
            [126.9585624, 37.4667576],
            [126.9585628, 37.4667619],
            [126.9585355, 37.466764],
            [126.9585349, 37.4667595],
            [126.958443, 37.4667667]
          ]
        ]
      }
    },
    {
      "type": "Feature",
      "id": "B0010000000RF1QX6",
      "properties": {
        "label": "서울대학교아파트총장공관"
      },
      "geometry": {
        "type": "Polygon",
        "coordinates": [
          [
            [126.9574101, 37.4669118],
            [126.957456, 37.4668549],
            [126.9575011, 37.4668747],
            [126.9575116, 37.4668595],
            [126.9575927, 37.4668946],
            [126.9576274, 37.4668441],
            [126.9574687, 37.4667754],
            [126.9574748, 37.4667659],
            [126.9574284, 37.4667454],
            [126.9574215, 37.4667552],
            [126.9572156, 37.4666671],
            [126.9571818, 37.4667169],
            [126.9571923, 37.466722],
            [126.9571844, 37.4667331],
            [126.9571541, 37.4667201],
            [126.9571109, 37.4667819],
            [126.9571366, 37.4667932],
            [126.9571287, 37.4668064],
            [126.9572531, 37.4668599],
            [126.9572883, 37.4668047],
            [126.9573382, 37.4668266],
            [126.95731, 37.4668681],
            [126.9574101, 37.4669118]
          ]
        ]
      }
    },
    {
      "type": "Feature",
      "id": "B0010000000RF1QV4",
      "properties": {
        "label": "가족생활관934동"
      },
      "geometry": {
        "type": "Polygon",
        "coordinates": [
          [
            [126.9595264, 37.4669226],
            [126.9595028, 37.4667302],
            [126.9594687, 37.4667322],
            [126.9594469, 37.4665464],
            [126.9593069, 37.4665571],
            [126.9593119, 37.4665963],
            [126.9593185, 37.4665959],
            [126.9593209, 37.4666159],
            [126.9593143, 37.4666164],
            [126.959323, 37.466689],
            [126.9593292, 37.4666886],
            [126.9593321, 37.4667101],
            [126.9593256, 37.4667105],
            [126.9593306, 37.4667484],
            [126.9593651, 37.4667461],
            [126.9593685, 37.4667795],
            [126.9593736, 37.4667791],
            [126.9593764, 37.4668008],
            [126.9593708, 37.4668011],
            [126.9593791, 37.466873],
            [126.9593855, 37.4668724],
            [126.9593881, 37.4668936],
            [126.9593818, 37.466894],
            [126.9593861, 37.4669325],
            [126.9595264, 37.4669226]
          ]
        ]
      }
    },
    {
      "type": "Feature",
      "id": "B0010000000RF1QT2",
      "properties": {
        "label": "가족생활관933동"
      },
      "geometry": {
        "type": "Polygon",
        "coordinates": [
          [
            [126.9592219, 37.4669473],
            [126.959197, 37.4667552],
            [126.9591622, 37.4667578],
            [126.959139, 37.4665712],
            [126.9589998, 37.4665827],
            [126.9590052, 37.4666224],
            [126.9590108, 37.466622],
            [126.9590134, 37.4666425],
            [126.9590075, 37.4666429],
            [126.9590173, 37.466715],
            [126.9590228, 37.4667145],
            [126.9590257, 37.4667356],
            [126.9590194, 37.4667359],
            [126.9590244, 37.4667752],
            [126.9590589, 37.4667721],
            [126.9590631, 37.4668053],
            [126.9590692, 37.4668048],
            [126.9590722, 37.4668262],
            [126.9590659, 37.4668266],
            [126.959075, 37.4668986],
            [126.9590808, 37.4668981],
            [126.9590834, 37.466919],
            [126.9590777, 37.4669195],
            [126.9590829, 37.4669581],
            [126.9592219, 37.4669473]
          ]
        ]
      }
    },
    {
      "type": "Feature",
      "id": "B0010000000RF1QGP",
      "properties": {
        "label": "가족생활관931동"
      },
      "geometry": {
        "type": "Polygon",
        "coordinates": [
          [
            [126.9589, 37.4671065],
            [126.9588864, 37.4669922],
            [126.9588362, 37.4669959],
            [126.9588368, 37.4670003],
            [126.95881, 37.4670025],
            [126.9588093, 37.4669982],
            [126.958714, 37.4670054],
            [126.9587148, 37.4670098],
            [126.9586883, 37.4670119],
            [126.9586876, 37.4670074],
            [126.958637, 37.4670112],
            [126.9586417, 37.4670377],
            [126.9585952, 37.4670415],
            [126.9585959, 37.4670458],
            [126.9585699, 37.4670478],
            [126.9585692, 37.4670435],
            [126.9584741, 37.4670502],
            [126.958475, 37.4670543],
            [126.9584479, 37.467057],
            [126.9584472, 37.4670521],
            [126.9583967, 37.4670563],
            [126.9584099, 37.4671697],
            [126.9586601, 37.4671518],
            [126.9586579, 37.4671238],
            [126.9589, 37.4671065]
          ]
        ]
      }
    },
    {
      "type": "Feature",
      "id": "B0010000000RF1QDM",
      "properties": {
        "label": "서울대학교아파트A동"
      },
      "geometry": {
        "type": "Polygon",
        "coordinates": [
          [
            [126.9572262, 37.4670183],
            [126.9569746, 37.4668281],
            [126.9568631, 37.4669159],
            [126.957123, 37.4671113],
            [126.9573808, 37.4672726],
            [126.9574215, 37.4672357],
            [126.9574464, 37.4672105],
            [126.9574766, 37.4671742],
            [126.9572262, 37.4670183]
          ]
        ]
      }
    },
    {
      "type": "Feature",
      "id": "B0010000000RF1Q7G",
      "properties": {
        "label": "서울대학교아파트B동"
      },
      "geometry": {
        "type": "Polygon",
        "coordinates": [
          [
            [126.9576493, 37.4674119],
            [126.9576305, 37.4672476],
            [126.9576362, 37.4672439],
            [126.9575572, 37.467195],
            [126.9575256, 37.4672232],
            [126.9575122, 37.4672362],
            [126.9574924, 37.4672573],
            [126.9574609, 37.467293],
            [126.9575229, 37.4673324],
            [126.9575198, 37.4673353],
            [126.9575458, 37.4673517],
            [126.9575372, 37.4673597],
            [126.9575809, 37.4673867],
            [126.9575828, 37.4674051],
            [126.9576328, 37.4674016],
            [126.9576493, 37.4674119]
          ]
        ]
      }
    },
    {
      "type": "Feature",
      "id": "B0010000000RF1Q6F",
      "properties": {
        "label": null
      },
      "geometry": {
        "type": "Polygon",
        "coordinates": [
          [
            [126.9568261, 37.4674035],
            [126.9568125, 37.4673951],
            [126.9567949, 37.4674128],
            [126.9568082, 37.4674216],
            [126.9568261, 37.4674035]
          ]
        ]
      }
    },
    {
      "type": "Feature",
      "id": "B0010000000RF1Q5E",
      "properties": {
        "label": "가족생활관935동"
      },
      "geometry": {
        "type": "Polygon",
        "coordinates": [
          [
            [126.959867, 37.4674406],
            [126.9599213, 37.4673347],
            [126.9598745, 37.4673189],
            [126.9598725, 37.4673228],
            [126.9598477, 37.4673151],
            [126.9598501, 37.4673107],
            [126.9597616, 37.4672827],
            [126.9597597, 37.467287],
            [126.959733, 37.4672781],
            [126.9597352, 37.4672737],
            [126.9596898, 37.4672601],
            [126.9596784, 37.4672846],
            [126.959636, 37.4672712],
            [126.9596337, 37.4672753],
            [126.9596083, 37.4672676],
            [126.9596107, 37.467263],
            [126.9595224, 37.4672345],
            [126.9595202, 37.4672384],
            [126.9594947, 37.46723],
            [126.9594972, 37.4672259],
            [126.9594498, 37.4672106],
            [126.9593965, 37.4673164],
            [126.9596282, 37.4673923],
            [126.9596424, 37.4673676],
            [126.959867, 37.4674406]
          ]
        ]
      }
    },
    {
      "type": "Feature",
      "id": "B0010000000RF1Q1A",
      "properties": {
        "label": "서울대학교아파트C동"
      },
      "geometry": {
        "type": "Polygon",
        "coordinates": [
          [
            [126.9568979, 37.4673106],
            [126.9569129, 37.4673184],
            [126.9571814, 37.4674866],
            [126.9571964, 37.4674728],
            [126.9572142, 37.467458],
            [126.9572273, 37.4674457],
            [126.9572403, 37.467432],
            [126.9572538, 37.4674164],
            [126.9572779, 37.4673878],
            [126.9569953, 37.4672126],
            [126.9567985, 37.4671124],
            [126.9567261, 37.467038],
            [126.9567044, 37.4670672],
            [126.9566982, 37.4670708],
            [126.9566874, 37.4670791],
            [126.9566707, 37.4670946],
            [126.9566574, 37.4671096],
            [126.9566454, 37.467126],
            [126.9566337, 37.4671447],
            [126.95662, 37.4671666],
            [126.9568979, 37.4673106]
          ]
        ]
      }
    },
    {
      "type": "Feature",
      "id": "B0010000000RF1PV3",
      "properties": {
        "label": null
      },
      "geometry": {
        "type": "Polygon",
        "coordinates": [
          [
            [126.9583482, 37.4676371],
            [126.9583405, 37.4675872],
            [126.9582916, 37.4675905],
            [126.9583, 37.4676419],
            [126.9583482, 37.4676371]
          ]
        ]
      }
    },
    {
      "type": "Feature",
      "id": "B0010000000RF1PMU",
      "properties": {
        "label": "서울대학교아파트D동"
      },
      "geometry": {
        "type": "Polygon",
        "coordinates": [
          [
            [126.957642, 37.4677637],
            [126.9576244, 37.4675989],
            [126.957629, 37.4675953],
            [126.9573503, 37.4674214],
            [126.9573059, 37.4674587],
            [126.9572933, 37.4674707],
            [126.9572714, 37.467496],
            [126.957253, 37.4675201],
            [126.9575166, 37.4676837],
            [126.9575126, 37.4676868],
            [126.9575377, 37.4677033],
            [126.95753, 37.4677104],
            [126.957574, 37.4677385],
            [126.9575756, 37.4677575],
            [126.9576239, 37.4677537],
            [126.957642, 37.4677637]
          ]
        ]
      }
    },
    {
      "type": "Feature",
      "id": "B0010000000RF1PKS",
      "properties": {
        "label": "호암교수회관"
      },
      "geometry": {
        "type": "Polygon",
        "coordinates": [
          [
            [126.9584073, 37.467763],
            [126.9583869, 37.4676354],
            [126.9583045, 37.4676433],
            [126.9583229, 37.4677723],
            [126.9584073, 37.467763]
          ]
        ]
      }
    },
    {
      "type": "Feature",
      "id": "B0010000000RF1PEM",
      "properties": {
        "label": "서울대학교아파트"
      },
      "geometry": {
        "type": "Polygon",
        "coordinates": [
          [
            [126.9575914, 37.4680044],
            [126.9575444, 37.4679729],
            [126.9575329, 37.4679843],
            [126.9575234, 37.4679785],
            [126.9575078, 37.4679954],
            [126.9575642, 37.468031],
            [126.9575914, 37.4680044]
          ]
        ]
      }
    },
    {
      "type": "Feature",
      "id": "B0010000000RF1PDL",
      "properties": {
        "label": "서울대학교아파트E동"
      },
      "geometry": {
        "type": "Polygon",
        "coordinates": [
          [
            [126.9571403, 37.4678374],
            [126.9568372, 37.4676113],
            [126.956831, 37.467616],
            [126.9567648, 37.4675566],
            [126.9567147, 37.4676821],
            [126.9567409, 37.4677019],
            [126.9567337, 37.4677072],
            [126.9570423, 37.467937],
            [126.9572217, 37.46805],
            [126.957262, 37.4680206],
            [126.9572731, 37.468012],
            [126.9572802, 37.4680057],
            [126.9572869, 37.4679982],
            [126.9572947, 37.4679881],
            [126.9573041, 37.4679743],
            [126.9573211, 37.4679509],
            [126.9571403, 37.4678374]
          ]
        ]
      }
    },
    {
      "type": "Feature",
      "id": "B0010000000RF1P9H",
      "properties": {
        "label": null
      },
      "geometry": {
        "type": "Polygon",
        "coordinates": [
          [
            [126.9593025, 37.4681155],
            [126.9592929, 37.4680348],
            [126.9592586, 37.4680374],
            [126.9592683, 37.4681181],
            [126.9593025, 37.4681155]
          ]
        ]
      }
    },
    {
      "type": "Feature",
      "id": "B0010000000RF1P4C",
      "properties": {
        "label": "125동호암교수회관"
      },
      "geometry": {
        "type": "Polygon",
        "coordinates": [
          [
            [126.9591149, 37.4681437],
            [126.959093, 37.4679754],
            [126.9590536, 37.4679783],
            [126.9590497, 37.4679457],
            [126.9590654, 37.4679447],
            [126.9590686, 37.4679439],
            [126.9590714, 37.4679429],
            [126.9590747, 37.4679415],
            [126.9590782, 37.4679386],
            [126.9590805, 37.4679363],
            [126.9590825, 37.4679323],
            [126.9590831, 37.4679289],
            [126.9590829, 37.4679248],
            [126.9590812, 37.4679199],
            [126.9590787, 37.4679162],
            [126.9590749, 37.4679132],
            [126.9590698, 37.4679108],
            [126.9590634, 37.4679097],
            [126.9590585, 37.4679098],
            [126.9590439, 37.4679108],
            [126.9590403, 37.4678776],
            [126.9590812, 37.4678748],
            [126.9590672, 37.46776],
            [126.9589984, 37.4677649],
            [126.9589941, 37.4677113],
            [126.9588502, 37.4677226],
            [126.958857, 37.4677776],
            [126.9587906, 37.4677816],
            [126.9588059, 37.4679005],
            [126.9587397, 37.4679058],
            [126.9587415, 37.4679233],
            [126.9587399, 37.467932],
            [126.9587392, 37.4679384],
            [126.9587389, 37.4679463],
            [126.9587398, 37.4679544],
            [126.9587422, 37.4679638],
            [126.9587462, 37.4679742],
            [126.958749, 37.46798],
            [126.9587501, 37.4679917],
            [126.958814, 37.4679875],
            [126.9588388, 37.4681627],
            [126.9591149, 37.4681437]
          ]
        ]
      }
    },
    {
      "type": "Feature",
      "id": "B0010000000RF1P19",
      "properties": {
        "label": null
      },
      "geometry": {
        "type": "Polygon",
        "coordinates": [
          [
            [126.9596535, 37.4681637],
            [126.9595047, 37.4681118],
            [126.9594656, 37.468187],
            [126.9596185, 37.4682334],
            [126.9596535, 37.4681637]
          ]
        ]
      }
    },
    {
      "type": "Feature",
      "id": "B0010000000RF1OY5",
      "properties": {
        "label": "서울대학교아파트F동"
      },
      "geometry": {
        "type": "Polygon",
        "coordinates": [
          [
            [126.9576708, 37.4682933],
            [126.9576524, 37.4681296],
            [126.9576574, 37.468125],
            [126.9574041, 37.4679652],
            [126.9573732, 37.4679891],
            [126.9573551, 37.4680055],
            [126.957338, 37.4680224],
            [126.9573224, 37.4680408],
            [126.9573056, 37.4680641],
            [126.9575448, 37.4682146],
            [126.9575419, 37.4682179],
            [126.9575669, 37.4682331],
            [126.9575584, 37.4682422],
            [126.9576027, 37.4682697],
            [126.9576042, 37.4682871],
            [126.9576552, 37.4682843],
            [126.9576708, 37.4682933]
          ]
        ]
      }
    },
    {
      "type": "Feature",
      "id": "B0010000000RF1OX4",
      "properties": {
        "label": "서울대학교아파트G동"
      },
      "geometry": {
        "type": "Polygon",
        "coordinates": [
          [
            [126.9571619, 37.4681976],
            [126.9568411, 37.4680276],
            [126.9568203, 37.4680915],
            [126.9568083, 37.4681066],
            [126.9567979, 37.4681212],
            [126.9567892, 37.4681357],
            [126.9567814, 37.468151],
            [126.9570759, 37.4683035],
            [126.9570931, 37.4682871],
            [126.9571057, 37.468275],
            [126.9571202, 37.4682603],
            [126.9571314, 37.4682463],
            [126.9571413, 37.468232],
            [126.9571619, 37.4681976]
          ]
        ]
      }
    },
    {
      "type": "Feature",
      "id": "B0010000000RF1ONU",
      "properties": {
        "label": "서울대학교아파트H동"
      },
      "geometry": {
        "type": "Polygon",
        "coordinates": [
          [
            [126.9577239, 37.4686957],
            [126.9577043, 37.4685314],
            [126.9577089, 37.4685269],
            [126.9572223, 37.4682267],
            [126.957189, 37.4682522],
            [126.9571665, 37.4682738],
            [126.95715, 37.4682922],
            [126.9571373, 37.4683087],
            [126.9571258, 37.4683261],
            [126.9575963, 37.4686176],
            [126.9575936, 37.4686203],
            [126.9576182, 37.4686364],
            [126.957611, 37.468644],
            [126.9576555, 37.4686715],
            [126.957657, 37.4686895],
            [126.9577064, 37.4686859],
            [126.9577239, 37.4686957]
          ]
        ]
      }
    },
    {
      "type": "Feature",
      "id": "B0010000000RF1OLS",
      "properties": {
        "label": "서울대학교아파트I동"
      },
      "geometry": {
        "type": "Polygon",
        "coordinates": [
          [
            [126.9573217, 37.4687451],
            [126.9573542, 37.4686981],
            [126.9573372, 37.4686899],
            [126.957371, 37.4686276],
            [126.9571777, 37.4685438],
            [126.9570953, 37.468506],
            [126.9570816, 37.4685006],
            [126.9568977, 37.468399],
            [126.9568962, 37.4684008],
            [126.9568246, 37.4683249],
            [126.9567884, 37.4683714],
            [126.9567657, 37.4683924],
            [126.9567528, 37.4684078],
            [126.9567422, 37.4684224],
            [126.9567335, 37.4684386],
            [126.9567243, 37.4684554],
            [126.9569941, 37.468607],
            [126.956995, 37.4686057],
            [126.9571041, 37.4686546],
            [126.9572876, 37.468736],
            [126.9572899, 37.4687318],
            [126.9573217, 37.4687451]
          ]
        ]
      }
    },
    {
      "type": "Feature",
      "id": "B0010000000RF1N9F",
      "properties": {
        "label": "경영대학58동SK경영관"
      },
      "geometry": {
        "type": "Polygon",
        "coordinates": [
          [
            [126.9520644, 37.4658364],
            [126.9520614, 37.4658066],
            [126.9521342, 37.465802],
            [126.952135, 37.4658325],
            [126.9521566, 37.4658305],
            [126.9521868, 37.4658264],
            [126.9522198, 37.4658209],
            [126.9522566, 37.465813],
            [126.952306, 37.4657995],
            [126.9522977, 37.4656994],
            [126.9526133, 37.4656806],
            [126.9526225, 37.4657806],
            [126.952711, 37.4657744],
            [126.9527034, 37.4656472],
            [126.9527337, 37.4656456],
            [126.9527316, 37.4656141],
            [126.952756, 37.4655922],
            [126.9527282, 37.4655763],
            [126.9527211, 37.465534],
            [126.9526938, 37.4655354],
            [126.9526933, 37.4655309],
            [126.9526907, 37.4655309],
            [126.9526895, 37.4655186],
            [126.9521107, 37.4655538],
            [126.9521113, 37.4655647],
            [126.9521099, 37.4655648],
            [126.9520918, 37.465562],
            [126.9520874, 37.4655462],
            [126.952084, 37.4655375],
            [126.9520788, 37.4655288],
            [126.9520721, 37.4655194],
            [126.9520659, 37.4655124],
            [126.9520553, 37.4655026],
            [126.9520466, 37.4654955],
            [126.9520322, 37.4654865],
            [126.9520265, 37.4654836],
            [126.9520236, 37.4654832],
            [126.9520226, 37.4654832],
            [126.9520049, 37.4654844],
            [126.95199, 37.4653302],
            [126.9519984, 37.4653227],
            [126.9520059, 37.465328],
            [126.9520088, 37.4653282],
            [126.9520189, 37.4653255],
            [126.9520454, 37.4653157],
            [126.9520617, 37.4653086],
            [126.9520774, 37.4653007],
            [126.9520921, 37.4652927],
            [126.9521077, 37.4652832],
            [126.9521207, 37.4652737],
            [126.9521332, 37.4652634],
            [126.9521456, 37.4652522],
            [126.9521557, 37.4652422],
            [126.9521654, 37.4652307],
            [126.9521759, 37.465218],
            [126.9521838, 37.4652066],
            [126.9521934, 37.4651903],
            [126.9522045, 37.4651664],
            [126.9522122, 37.4651448],
            [126.9522133, 37.4651373],
            [126.9522127, 37.4651357],
            [126.952204, 37.4651312],
            [126.9522213, 37.4651138],
            [126.9522167, 37.4650663],
            [126.9520081, 37.4650788],
            [126.9519045, 37.4651762],
            [126.9518882, 37.4651773],
            [126.9518874, 37.4651662],
            [126.9517625, 37.4651736],
            [126.9517654, 37.4652041],
            [126.9517366, 37.4651861],
            [126.9517302, 37.4651861],
            [126.9517748, 37.4656461],
            [126.9517614, 37.465659],
            [126.9517765, 37.4656687],
            [126.951788, 37.465785],
            [126.9518869, 37.4657793],
            [126.9518902, 37.4658249],
            [126.951898, 37.4658248],
            [126.9519074, 37.4658266],
            [126.951927, 37.4658299],
            [126.9519433, 37.4658321],
            [126.9519632, 37.4658341],
            [126.9519822, 37.4658353],
            [126.95201, 37.4658366],
            [126.9520321, 37.4658371],
            [126.9520609, 37.4658366],
            [126.9520644, 37.4658364]
          ]
        ]
      }
    },
    {
      "type": "Feature",
      "id": "B0010000000RF1N8E",
      "properties": {
        "label": "경영대학57동경영전문대학원"
      },
      "geometry": {
        "type": "Polygon",
        "coordinates": [
          [
            [126.9532428, 37.4658507],
            [126.9532341, 37.4657722],
            [126.9532402, 37.465774],
            [126.953246, 37.4657746],
            [126.9532521, 37.4657746],
            [126.9532596, 37.4657731],
            [126.9532653, 37.4657703],
            [126.9532704, 37.4657667],
            [126.9532741, 37.4657629],
            [126.9532776, 37.4657581],
            [126.9532787, 37.4657533],
            [126.9532787, 37.4657486],
            [126.9532783, 37.4657438],
            [126.9532765, 37.4657393],
            [126.9532741, 37.4657356],
            [126.9532689, 37.4657307],
            [126.95326, 37.4657241],
            [126.9532662, 37.465724],
            [126.9532758, 37.4657235],
            [126.9532856, 37.4657216],
            [126.9532932, 37.4657191],
            [126.9533007, 37.4657154],
            [126.9533055, 37.4657117],
            [126.9533107, 37.4657055],
            [126.9533143, 37.4656979],
            [126.9533156, 37.4656914],
            [126.9533152, 37.4656844],
            [126.953314, 37.4656795],
            [126.9533112, 37.4656736],
            [126.9533051, 37.4656664],
            [126.9533002, 37.4656621],
            [126.9532916, 37.4656549],
            [126.9533004, 37.4656405],
            [126.9533047, 37.4656305],
            [126.9533089, 37.4656192],
            [126.953311, 37.465612],
            [126.9533129, 37.4656039],
            [126.9533139, 37.4655973],
            [126.9533143, 37.4655921],
            [126.9533141, 37.4655817],
            [126.9533153, 37.4655643],
            [126.9533151, 37.465544],
            [126.9533137, 37.4655288],
            [126.9533117, 37.4655185],
            [126.9533077, 37.4655049],
            [126.9533002, 37.4654848],
            [126.9532914, 37.4654695],
            [126.9532764, 37.4654482],
            [126.9532887, 37.4654397],
            [126.9532922, 37.4654349],
            [126.9532943, 37.4654295],
            [126.9532947, 37.4654236],
            [126.9532933, 37.4654178],
            [126.9532897, 37.4654121],
            [126.9532856, 37.4654077],
            [126.9532801, 37.4654047],
            [126.9532751, 37.4654034],
            [126.9532672, 37.4654024],
            [126.9532793, 37.4653939],
            [126.953283, 37.465389],
            [126.9532854, 37.4653837],
            [126.9532857, 37.4653792],
            [126.9532848, 37.4653734],
            [126.9532827, 37.4653693],
            [126.9532778, 37.4653645],
            [126.9532736, 37.4653612],
            [126.953266, 37.4653591],
            [126.9532597, 37.4653584],
            [126.9532555, 37.4653584],
            [126.9532505, 37.4653597],
            [126.9532471, 37.465361],
            [126.9532021, 37.4653909],
            [126.9531754, 37.4653763],
            [126.9531611, 37.46537],
            [126.9531439, 37.4653632],
            [126.9531208, 37.4653551],
            [126.953118, 37.4653359],
            [126.9530024, 37.4653453],
            [126.9530544, 37.4658078],
            [126.9531347, 37.4658018],
            [126.9531359, 37.4658177],
            [126.9531625, 37.4658158],
            [126.9531667, 37.4658559],
            [126.9532428, 37.4658507]
          ]
        ]
      }
    },
    {
      "type": "Feature",
      "id": "B0010000000RF1N5B",
      "properties": {
        "label": "152동국제협력본부"
      },
      "geometry": {
        "type": "Polygon",
        "coordinates": [
          [
            [126.9516267, 37.4661863],
            [126.9510274, 37.4661743],
            [126.9510229, 37.4663177],
            [126.9516209, 37.46633],
            [126.9516267, 37.4661863]
          ]
        ]
      }
    },
    {
      "type": "Feature",
      "id": "B0010000000RF1N39",
      "properties": {
        "label": "97동환경안전원"
      },
      "geometry": {
        "type": "Polygon",
        "coordinates": [
          [
            [126.9508447, 37.4662763],
            [126.9504403, 37.466267],
            [126.9504339, 37.4664373],
            [126.9508385, 37.4664465],
            [126.9508447, 37.4662763]
          ]
        ]
      }
    },
    {
      "type": "Feature",
      "id": "B0010000000RF1N17",
      "properties": {
        "label": "137-1동언어교육원"
      },
      "geometry": {
        "type": "Polygon",
        "coordinates": [
          [
            [126.9532541, 37.4665451],
            [126.9532991, 37.4664594],
            [126.953412, 37.4664974],
            [126.9534849, 37.4663562],
            [126.9532473, 37.4662764],
            [126.9531276, 37.4665031],
            [126.9532541, 37.4665451]
          ]
        ]
      }
    },
    {
      "type": "Feature",
      "id": "B0010000000RF1N06",
      "properties": {
        "label": "137-2동대림국제관"
      },
      "geometry": {
        "type": "Polygon",
        "coordinates": [
          [
            [126.954196, 37.4663938],
            [126.9535587, 37.4663538],
            [126.9534767, 37.4665111],
            [126.95418, 37.4665556],
            [126.954196, 37.4663938]
          ]
        ]
      }
    },
    {
      "type": "Feature",
      "id": "B0010000000RF1MY3",
      "properties": {
        "label": null
      },
      "geometry": {
        "type": "Polygon",
        "coordinates": [
          [
            [126.950688, 37.4665388],
            [126.9505806, 37.4665361],
            [126.9505803, 37.4665574],
            [126.950687, 37.4665599],
            [126.950688, 37.4665388]
          ]
        ]
      }
    },
    {
      "type": "Feature",
      "id": "B0010000000RF1MX2",
      "properties": {
        "label": "153동우정원"
      },
      "geometry": {
        "type": "Polygon",
        "coordinates": [
          [
            [126.9521355, 37.4666696],
            [126.9522706, 37.4664154],
            [126.9522747, 37.4662035],
            [126.9522086, 37.4661483],
            [126.9521125, 37.4661469],
            [126.9520421, 37.4662007],
            [126.9520372, 37.4664114],
            [126.9519351, 37.4666021],
            [126.951997, 37.4666229],
            [126.9520046, 37.4666402],
            [126.9520535, 37.4666573],
            [126.9520753, 37.4666498],
            [126.9521355, 37.4666696]
          ]
        ]
      }
    },
    {
      "type": "Feature",
      "id": "B0010000000RF1MW1",
      "properties": {
        "label": "98동환경안전원"
      },
      "geometry": {
        "type": "Polygon",
        "coordinates": [
          [
            [126.9507761, 37.46662],
            [126.9507788, 37.4665627],
            [126.9504861, 37.4665561],
            [126.9504842, 37.4666125],
            [126.9504324, 37.4666117],
            [126.9504294, 37.4666795],
            [126.950829, 37.4666884],
            [126.9508302, 37.4666208],
            [126.9507761, 37.46662]
          ]
        ]
      }
    },
    {
      "type": "Feature",
      "id": "B0010000000RF1MV0",
      "properties": {
        "label": "152-1동롯데국제교육관"
      },
      "geometry": {
        "type": "Polygon",
        "coordinates": [
          [
            [126.9514286, 37.4666926],
            [126.9514285, 37.4666263],
            [126.9514897, 37.4666269],
            [126.9514922, 37.466501],
            [126.9514319, 37.4665011],
            [126.9514335, 37.4664327],
            [126.9509366, 37.4664267],
            [126.9509349, 37.4665257],
            [126.9509544, 37.466526],
            [126.9509541, 37.4665898],
            [126.9509346, 37.4665893],
            [126.9509316, 37.4666882],
            [126.9513397, 37.4666922],
            [126.9513397, 37.4666828],
            [126.9513712, 37.4666826],
            [126.9513714, 37.4666925],
            [126.9514286, 37.4666926]
          ]
        ]
      }
    },
    {
      "type": "Feature",
      "id": "B0010000000RF1MRW",
      "properties": {
        "label": "71-1동체육문화연구동"
      },
      "geometry": {
        "type": "Polygon",
        "coordinates": [
          [
            [126.9527569, 37.466839],
            [126.9530486, 37.4662905],
            [126.9525819, 37.4661345],
            [126.9525622, 37.4661715],
            [126.9525724, 37.4661751],
            [126.9525088, 37.4662958],
            [126.9527494, 37.4663762],
            [126.9526564, 37.4665412],
            [126.9524327, 37.4664585],
            [126.9524234, 37.4664763],
            [126.9524149, 37.4664735],
            [126.9523026, 37.4666832],
            [126.9527569, 37.466839]
          ]
        ]
      }
    },
    {
      "type": "Feature",
      "id": "B0010000000RF1MOT",
      "properties": {
        "label": "137동언어교육원"
      },
      "geometry": {
        "type": "Polygon",
        "coordinates": [
          [
            [126.9534773, 37.4669203],
            [126.9536036, 37.4666767],
            [126.9534222, 37.4666178],
            [126.9533603, 37.4667373],
            [126.9530591, 37.466638],
            [126.9529852, 37.4667793],
            [126.9530157, 37.4667883],
            [126.9530139, 37.4667915],
            [126.9532562, 37.4668756],
            [126.9532697, 37.4668515],
            [126.9534773, 37.4669203]
          ]
        ]
      }
    },
    {
      "type": "Feature",
      "id": "B0010000000RF1MJO",
      "properties": {
        "label": "150동입학본부"
      },
      "geometry": {
        "type": "Polygon",
        "coordinates": [
          [
            [126.9503998, 37.4671552],
            [126.9504022, 37.4671334],
            [126.9504104, 37.4671338],
            [126.9504112, 37.4671279],
            [126.9503933, 37.4671267],
            [126.9503964, 37.4670978],
            [126.950405, 37.4670949],
            [126.9504145, 37.46709],
            [126.9504208, 37.4670846],
            [126.9504273, 37.4670775],
            [126.9504312, 37.4670709],
            [126.950434, 37.4670649],
            [126.9504348, 37.4670593],
            [126.9504341, 37.4670529],
            [126.9504325, 37.4670462],
            [126.9504301, 37.4670402],
            [126.9504264, 37.4670353],
            [126.9504214, 37.4670303],
            [126.9504135, 37.4670241],
            [126.9504068, 37.46702],
            [126.9504106, 37.4669922],
            [126.9504298, 37.4669935],
            [126.9504304, 37.4669878],
            [126.950422, 37.4669872],
            [126.9504246, 37.4669645],
            [126.950438, 37.4669657],
            [126.9504592, 37.4668127],
            [126.9503452, 37.4668044],
            [126.9503434, 37.4668206],
            [126.9503145, 37.4668182],
            [126.9503167, 37.4668015],
            [126.950204, 37.4667907],
            [126.9501829, 37.4669442],
            [126.9502639, 37.4669511],
            [126.9502613, 37.46697],
            [126.9502031, 37.4669646],
            [126.9501823, 37.4671177],
            [126.9502537, 37.4671238],
            [126.95025, 37.467151],
            [126.9502598, 37.4671517],
            [126.9502594, 37.4671539],
            [126.9502964, 37.4671575],
            [126.9502764, 37.4672984],
            [126.9503918, 37.4673097],
            [126.9504125, 37.467156],
            [126.9503998, 37.4671552]
          ]
        ]
      }
    },
    {
      "type": "Feature",
      "id": "B0010000000RF1MGL",
      "properties": {
        "label": "수의과대학85동"
      },
      "geometry": {
        "type": "Polygon",
        "coordinates": [
          [
            [126.9531317, 37.4673348],
            [126.9530922, 37.467322],
            [126.9530861, 37.4673201],
            [126.9530735, 37.4672943],
            [126.953042, 37.4673039],
            [126.9530454, 37.4673083],
            [126.9529167, 37.4675515],
            [126.953083, 37.4676061],
            [126.9530659, 37.4676382],
            [126.9532725, 37.4677079],
            [126.9532636, 37.4677244],
            [126.9533057, 37.4677378],
            [126.9533522, 37.4676627],
            [126.953372, 37.4676695],
            [126.9534907, 37.4674458],
            [126.953741, 37.4675308],
            [126.9536391, 37.4677252],
            [126.9536448, 37.4677267],
            [126.9536461, 37.4677243],
            [126.9536926, 37.467708],
            [126.953844, 37.4677578],
            [126.9540996, 37.4672718],
            [126.9540052, 37.46724],
            [126.9540007, 37.4672487],
            [126.9539948, 37.4672501],
            [126.9539758, 37.467244],
            [126.9539891, 37.4672187],
            [126.9539476, 37.4672047],
            [126.953916, 37.4672649],
            [126.9538865, 37.4672551],
            [126.9538166, 37.4673879],
            [126.9535656, 37.4673045],
            [126.9536298, 37.467183],
            [126.9535332, 37.4671518],
            [126.9535276, 37.4671617],
            [126.9535052, 37.4671545],
            [126.9535111, 37.467144],
            [126.9534393, 37.4671205],
            [126.9533134, 37.4673591],
            [126.95323, 37.4673304],
            [126.9532132, 37.4673612],
            [126.9531317, 37.4673348]
          ]
        ]
      }
    },
    {
      "type": "Feature",
      "id": "B0010000000RF1MCH",
      "properties": {
        "label": null
      },
      "geometry": {
        "type": "Polygon",
        "coordinates": [
          [
            [126.9537883, 37.4679667],
            [126.9537486, 37.4679308],
            [126.9536602, 37.4679887],
            [126.9536996, 37.4680256],
            [126.9537883, 37.4679667]
          ]
        ]
      }
    },
    {
      "type": "Feature",
      "id": "B0010000000RF1M9E",
      "properties": {
        "label": "71-2동포스코스포츠센터"
      },
      "geometry": {
        "type": "Polygon",
        "coordinates": [
          [
            [126.9516323, 37.4679943],
            [126.9515943, 37.4679672],
            [126.9514618, 37.4678729],
            [126.9511849, 37.4681199],
            [126.9518475, 37.4685925],
            [126.9521212, 37.4683427],
            [126.9516323, 37.4679943]
          ]
        ]
      }
    },
    {
      "type": "Feature",
      "id": "B0010000000RF1M8D",
      "properties": {
        "label": "86동치과병원"
      },
      "geometry": {
        "type": "Polygon",
        "coordinates": [
          [
            [126.9526204, 37.4692131],
            [126.9526261, 37.4692097],
            [126.952629, 37.4692128],
            [126.9527864, 37.4691192],
            [126.9527749, 37.4691071],
            [126.952803, 37.4690896],
            [126.9526948, 37.4689737],
            [126.9526665, 37.4689895],
            [126.9526114, 37.4689344],
            [126.9527093, 37.4688769],
            [126.9528048, 37.4689814],
            [126.9527601, 37.4690076],
            [126.9528356, 37.4690885],
            [126.9529341, 37.4690299],
            [126.9529137, 37.4690074],
            [126.952936, 37.4689946],
            [126.9529551, 37.4690174],
            [126.9533377, 37.4687898],
            [126.9532036, 37.4686488],
            [126.9532021, 37.4686503],
            [126.9531899, 37.4686368],
            [126.953178, 37.4686435],
            [126.9531127, 37.4685749],
            [126.952849, 37.4687494],
            [126.9526179, 37.468887],
            [126.9524179, 37.4689891],
            [126.9524401, 37.4690122],
            [126.9524336, 37.469016],
            [126.9526204, 37.4692131]
          ]
        ]
      }
    },
    {
      "type": "Feature",
      "id": "B0010000000RETU15",
      "properties": {
        "label": "자운암"
      },
      "geometry": {
        "type": "Polygon",
        "coordinates": [
          [
            [126.954193, 37.4494961],
            [126.9541347, 37.4494401],
            [126.9541058, 37.4494588],
            [126.9541623, 37.4495145],
            [126.954193, 37.4494961]
          ]
        ]
      }
    },
    {
      "type": "Feature",
      "id": "B0010000000RHCGYA",
      "properties": {
        "label": "61동교수학습개발센터,기초교육원"
      },
      "geometry": {
        "type": "Polygon",
        "coordinates": [
          [
            [126.9538492, 37.4599556],
            [126.9538255, 37.4599245],
            [126.9539561, 37.4598651],
            [126.9541648, 37.4597702],
            [126.9541305, 37.4597264],
            [126.9540822, 37.4596646],
            [126.9540807, 37.4596697],
            [126.9539462, 37.4596442],
            [126.9539489, 37.4596482],
            [126.9538242, 37.4597096],
            [126.9538345, 37.4597112],
            [126.953854, 37.459736],
            [126.9538231, 37.4597505],
            [126.9534583, 37.4596054],
            [126.9533719, 37.4597414],
            [126.9533438, 37.4597556],
            [126.9535296, 37.46],
            [126.9535913, 37.4600812],
            [126.9537581, 37.46],
            [126.9538492, 37.4599556]
          ]
        ]
      }
    },
    {
      "type": "Feature",
      "id": "B0010000000RHCGO0",
      "properties": {
        "label": "71동체육관"
      },
      "geometry": {
        "type": "Polygon",
        "coordinates": [
          [
            [126.9525027, 37.4680599],
            [126.9528989, 37.4673103],
            [126.9528795, 37.4672721],
            [126.9528096, 37.4672915],
            [126.9527988, 37.4673141],
            [126.952567, 37.467237],
            [126.9527436, 37.4669054],
            [126.9522682, 37.4667461],
            [126.9518734, 37.4674967],
            [126.9518489, 37.4674862],
            [126.951847, 37.4674898],
            [126.9517084, 37.467533],
            [126.951725, 37.467539],
            [126.9517187, 37.4675488],
            [126.9518356, 37.467777],
            [126.9518087, 37.4678273],
            [126.9518299, 37.4678666],
            [126.9518973, 37.4678434],
            [126.951907, 37.4678245],
            [126.952438, 37.4680034],
            [126.9524279, 37.4680214],
            [126.9524542, 37.468076],
            [126.9525027, 37.4680599]
          ]
        ]
      }
    },
    {
      "type": "Feature",
      "id": "B0010000000RHCG7J",
      "properties": {
        "label": "공과대학39동대학원연구동1"
      },
      "geometry": {
        "type": "Polygon",
        "coordinates": [
          [
            [126.9517549, 37.4552386],
            [126.9517791, 37.4550898],
            [126.9516028, 37.4550716],
            [126.9516116, 37.4550184],
            [126.9517942, 37.4550354],
            [126.9518, 37.455],
            [126.9518195, 37.4548812],
            [126.9516364, 37.4548623],
            [126.951653, 37.4547616],
            [126.9518284, 37.4547777],
            [126.9518565, 37.4546007],
            [126.9518409, 37.4545987],
            [126.9518434, 37.4545854],
            [126.9516823, 37.4545698],
            [126.9516901, 37.4545298],
            [126.9518663, 37.4545465],
            [126.9518904, 37.4543982],
            [126.9512314, 37.454331],
            [126.9512025, 37.454479],
            [126.9512117, 37.45448],
            [126.9512031, 37.4545342],
            [126.9511749, 37.4545319],
            [126.9511391, 37.4547554],
            [126.9511657, 37.4547576],
            [126.9511581, 37.454814],
            [126.9511484, 37.4548131],
            [126.9511175, 37.455],
            [126.9511113, 37.4550373],
            [126.9511194, 37.4550382],
            [126.9510955, 37.4551715],
            [126.9517549, 37.4552386]
          ]
        ]
      }
    },
    {
      "type": "Feature",
      "id": "B0010000000RHCFQ1",
      "properties": {
        "label": "82동환경대학원"
      },
      "geometry": {
        "type": "Polygon",
        "coordinates": [
          [
            [126.9542863, 37.4623543],
            [126.9543973, 37.4620234],
            [126.9540568, 37.4619511],
            [126.9540385, 37.462049],
            [126.9540016, 37.4622476],
            [126.954006, 37.4622485],
            [126.953992, 37.4622926],
            [126.9537424, 37.4622398],
            [126.9536969, 37.4623485],
            [126.9538055, 37.4623748],
            [126.9538635, 37.462388],
            [126.9539259, 37.4624012],
            [126.9539957, 37.4624154],
            [126.9540784, 37.4624309],
            [126.9541539, 37.4624441],
            [126.9542896, 37.4624653],
            [126.9543222, 37.462362],
            [126.9542863, 37.4623543]
          ]
        ]
      }
    },
    {
      "type": "Feature",
      "id": "B0010000000SIMQZX",
      "properties": {
        "label": "311관"
      },
      "geometry": {
        "type": "Polygon",
        "coordinates": [
          [
            [126.9515429, 37.4491499],
            [126.9514642, 37.4491475],
            [126.9514665, 37.4491072],
            [126.9514607, 37.4491071],
            [126.9514607, 37.4491027],
            [126.9512736, 37.4490994],
            [126.9512735, 37.4491034],
            [126.9512694, 37.4491033],
            [126.9512691, 37.4491182],
            [126.9512375, 37.4491171],
            [126.9512349, 37.4492033],
            [126.9512675, 37.4492037],
            [126.9512633, 37.4492781],
            [126.9517163, 37.4492877],
            [126.9517176, 37.449213],
            [126.9517117, 37.4492126],
            [126.9517127, 37.4491878],
            [126.9515419, 37.4491847],
            [126.9515429, 37.4491499]
          ]
        ]
      }
    },
    {
      "type": "Feature",
      "id": "B0010000000SIMRBA",
      "properties": {
        "label": "공대대형강의동"
      },
      "geometry": {
        "type": "Polygon",
        "coordinates": [
          [
            [126.9518443, 37.4573104],
            [126.9517422, 37.4571065],
            [126.9514802, 37.4571886],
            [126.9515754, 37.457391],
            [126.9518443, 37.4573104]
          ]
        ]
      }
    },
    {
      "type": "Feature",
      "id": "B0010000000RF84MG",
      "properties": {
        "label": "67동두레학생문예관"
      },
      "geometry": {
        "type": "Polygon",
        "coordinates": [
          [
            [126.9496541, 37.4637657],
            [126.9497485, 37.463688],
            [126.9497975, 37.463722],
            [126.9499702, 37.4635817],
            [126.9498279, 37.4634735],
            [126.9498058, 37.4634899],
            [126.9496482, 37.4633746],
            [126.9496104, 37.4633887],
            [126.9495699, 37.4634081],
            [126.9495252, 37.463434],
            [126.9494811, 37.4634671],
            [126.9494422, 37.4635027],
            [126.9494117, 37.4635342],
            [126.9493898, 37.463562],
            [126.9493605, 37.46361],
            [126.9494473, 37.4636821],
            [126.9495352, 37.463705],
            [126.9495577, 37.4636866],
            [126.9495766, 37.4636998],
            [126.9495732, 37.4637019],
            [126.9496541, 37.4637657]
          ]
        ]
      }
    },
    {
      "type": "Feature",
      "id": "B0010000000RF28IA",
      "properties": {
        "label": null
      },
      "geometry": {
        "type": "Polygon",
        "coordinates": [
          [
            [126.9501129, 37.4562621],
            [126.9500502, 37.4562558],
            [126.9500463, 37.4562795],
            [126.9501093, 37.456286],
            [126.9501129, 37.4562621]
          ]
        ]
      }
    },
    {
      "type": "Feature",
      "id": "B0010000000RF28E6",
      "properties": {
        "label": "공과대학33동"
      },
      "geometry": {
        "type": "Polygon",
        "coordinates": [
          [
            [126.9501129, 37.4562621],
            [126.9501493, 37.4562659],
            [126.9505054, 37.4563028],
            [126.9505027, 37.4563198],
            [126.9509215, 37.4563617],
            [126.9509618, 37.456366],
            [126.9511173, 37.4563821],
            [126.9511463, 37.4562101],
            [126.9505304, 37.4561482],
            [126.9505275, 37.456166],
            [126.950064, 37.4561187],
            [126.9500544, 37.4561711],
            [126.9500409, 37.4561695],
            [126.9500277, 37.4562533],
            [126.9501129, 37.4562621]
          ]
        ]
      }
    },
    {
      "type": "Feature",
      "id": "B0010000000RETTY1",
      "properties": {
        "label": "331동"
      },
      "geometry": {
        "type": "Polygon",
        "coordinates": [
          [
            [126.9501966, 37.4492598],
            [126.9500788, 37.449257],
            [126.9500743, 37.4494029],
            [126.950242, 37.4494075],
            [126.9502484, 37.4492733],
            [126.9501966, 37.4492598]
          ]
        ]
      }
    },
    {
      "type": "Feature",
      "id": "B0010000000RETC2O",
      "properties": {
        "label": null
      },
      "geometry": {
        "type": "Polygon",
        "coordinates": [
          [
            [126.9500059, 37.4492389],
            [126.95, 37.4492387],
            [126.9499433, 37.4492371],
            [126.9499426, 37.4492785],
            [126.95, 37.4492796],
            [126.9500052, 37.4492797],
            [126.9500059, 37.4492389]
          ]
        ]
      }
    },
    {
      "type": "Feature",
      "id": "B0010000000RETC1N",
      "properties": {
        "label": null
      },
      "geometry": {
        "type": "Polygon",
        "coordinates": [
          [
            [126.9500797, 37.4494761],
            [126.95, 37.4494731],
            [126.9499644, 37.4494718],
            [126.9499591, 37.4495899],
            [126.95, 37.4495905],
            [126.9500776, 37.4495918],
            [126.9500797, 37.4494761]
          ]
        ]
      }
    },
    {
      "type": "Feature",
      "id": "B0010000000RETCDZ",
      "properties": {
        "label": "330동제2파워플랜트"
      },
      "geometry": {
        "type": "Polygon",
        "coordinates": [
          [
            [126.9504441, 37.45],
            [126.9504577, 37.4495484],
            [126.9503052, 37.4495445],
            [126.9503055, 37.4495335],
            [126.9502974, 37.4495334],
            [126.9503009, 37.4494528],
            [126.9502383, 37.4494507],
            [126.9502376, 37.4494762],
            [126.9500969, 37.449473],
            [126.9500799, 37.45],
            [126.9500793, 37.4500194],
            [126.9504433, 37.4500265],
            [126.9504441, 37.45]
          ]
        ]
      }
    },
    {
      "type": "Feature",
      "id": "B0010000000RETCCY",
      "properties": {
        "label": "301동제1공학관"
      },
      "geometry": {
        "type": "Polygon",
        "coordinates": [
          [
            [126.9527374, 37.4504233],
            [126.9527429, 37.4504234],
            [126.952743, 37.4504181],
            [126.95278, 37.4504194],
            [126.9527887, 37.4501887],
            [126.9527501, 37.450188],
            [126.9527559, 37.4500001],
            [126.9527633, 37.4497594],
            [126.9526072, 37.4497568],
            [126.9526083, 37.4497082],
            [126.9527835, 37.4497117],
            [126.9528108, 37.4496883],
            [126.9528196, 37.449395],
            [126.9527923, 37.4493712],
            [126.952644, 37.4493683],
            [126.9526494, 37.4492991],
            [126.9524481, 37.4492951],
            [126.9524432, 37.4493643],
            [126.9523037, 37.4493615],
            [126.9522717, 37.4493834],
            [126.9522692, 37.4494637],
            [126.952208, 37.4494631],
            [126.9522057, 37.4495892],
            [126.9522652, 37.4495895],
            [126.9522624, 37.4496765],
            [126.9522927, 37.4497018],
            [126.9524648, 37.4497053],
            [126.9524618, 37.4498178],
            [126.9523041, 37.4498154],
            [126.9522984, 37.4500001],
            [126.9522855, 37.4504151],
            [126.9522927, 37.4504152],
            [126.9522917, 37.450481],
            [126.952737, 37.4504864],
            [126.9527374, 37.4504233]
          ]
        ]
      }
    },
    {
      "type": "Feature",
      "id": "B0010000000RETCM8",
      "properties": {
        "label": "공과대학32동공학관3교수동"
      },
      "geometry": {
        "type": "Polygon",
        "coordinates": [
          [
            [126.9500874, 37.4566627],
            [126.9501781, 37.4566714],
            [126.9502372, 37.4562982],
            [126.9501459, 37.4562895],
            [126.9501493, 37.4562659],
            [126.9501129, 37.4562621],
            [126.9501094, 37.4562862],
            [126.9500214, 37.456277],
            [126.95, 37.4564148],
            [126.9499635, 37.4566504],
            [126.95, 37.4566539],
            [126.9500514, 37.4566589],
            [126.9500442, 37.4566937],
            [126.950082, 37.4566975],
            [126.9500874, 37.4566627]
          ]
        ]
      }
    },
    {
      "type": "Feature",
      "id": "B0010000000RETCE0",
      "properties": {
        "label": null
      },
      "geometry": {
        "type": "Polygon",
        "coordinates": [
          [
            [126.9501626, 37.4567062],
            [126.950082, 37.4566975],
            [126.9500442, 37.4566937],
            [126.95, 37.4566893],
            [126.9499735, 37.4566866],
            [126.9499317, 37.4567251],
            [126.95, 37.4567319],
            [126.9500413, 37.456736],
            [126.9500661, 37.4567385],
            [126.9500631, 37.4567657],
            [126.950154, 37.4567734],
            [126.9501626, 37.4567062]
          ]
        ]
      }
    },
    {
      "type": "Feature",
      "id": "B0010000000RETBL6",
      "properties": {
        "label": "103동규장각한국학연구원"
      },
      "geometry": {
        "type": "Polygon",
        "coordinates": [
          [
            [126.9504529, 37.4623922],
            [126.9505437, 37.4624608],
            [126.9507452, 37.4622901],
            [126.9506624, 37.4622338],
            [126.9506735, 37.4622274],
            [126.9506869, 37.4622192],
            [126.9506883, 37.4622184],
            [126.9506759, 37.4622131],
            [126.9506521, 37.4621985],
            [126.9505816, 37.4621493],
            [126.9502907, 37.4619358],
            [126.9502666, 37.4619177],
            [126.9502481, 37.4619025],
            [126.9502324, 37.4618898],
            [126.9502203, 37.4618752],
            [126.9502092, 37.4618868],
            [126.9501851, 37.461913],
            [126.9501635, 37.4619338],
            [126.950123, 37.4619698],
            [126.9500735, 37.4620129],
            [126.95003, 37.4620483],
            [126.95001, 37.4620629],
            [126.95, 37.4620694],
            [126.9499824, 37.4620808],
            [126.9499995, 37.4620893],
            [126.95, 37.4620896],
            [126.9500097, 37.4620956],
            [126.95, 37.4621039],
            [126.9497038, 37.4623573],
            [126.95, 37.4625752],
            [126.9500108, 37.4625832],
            [126.9500799, 37.462525],
            [126.9501988, 37.4626122],
            [126.9504529, 37.4623922]
          ]
        ]
      }
    },
    {
      "type": "Feature",
      "id": "B0010000000RETCN9",
      "properties": {
        "label": "101동아시아연구소"
      },
      "geometry": {
        "type": "Polygon",
        "coordinates": [
          [
            [126.9505061, 37.4632411],
            [126.9502582, 37.463052],
            [126.9501883, 37.4631099],
            [126.9503357, 37.4632227],
            [126.9502637, 37.4632816],
            [126.9501176, 37.4631689],
            [126.95, 37.4632668],
            [126.9498492, 37.4633923],
            [126.9499143, 37.4634434],
            [126.9499164, 37.4634419],
            [126.95, 37.4635076],
            [126.950095, 37.4635826],
            [126.9505061, 37.4632411]
          ]
        ]
      }
    },
    {
      "type": "Feature",
      "id": "B0010000000RF84SM",
      "properties": {
        "label": "관악산공원"
      },
      "geometry": {
        "type": "Polygon",
        "coordinates": [
          [
            [126.947528, 37.4630424],
            [126.9476047, 37.4630135],
            [126.9475981, 37.4630015],
            [126.9476989, 37.4629652],
            [126.9476702, 37.4629121],
            [126.9475661, 37.4629484],
            [126.9475544, 37.4629248],
            [126.9475586, 37.462921],
            [126.9475626, 37.4629144],
            [126.9475635, 37.4629097],
            [126.947563, 37.4629043],
            [126.9475615, 37.4628984],
            [126.9475577, 37.4628939],
            [126.9475517, 37.4628901],
            [126.9475467, 37.4628882],
            [126.9475391, 37.4628869],
            [126.9475312, 37.4628869],
            [126.9474867, 37.4628068],
            [126.9474644, 37.4628142],
            [126.9474603, 37.4628028],
            [126.9474158, 37.462818],
            [126.9474242, 37.4628337],
            [126.9474071, 37.4628388],
            [126.9474833, 37.4629793],
            [126.9474651, 37.462985],
            [126.9474958, 37.4630387],
            [126.9475225, 37.46303],
            [126.947528, 37.4630424]
          ]
        ]
      }
    },
    {
      "type": "Feature",
      "id": "B0010000000RF84LF",
      "properties": {
        "label": "64동IBK커뮤니케이션센터"
      },
      "geometry": {
        "type": "Polygon",
        "coordinates": [
          [
            [126.9493028, 37.463989],
            [126.9494833, 37.4638413],
            [126.9494878, 37.4638442],
            [126.9494933, 37.4638399],
            [126.9492974, 37.4636906],
            [126.9492937, 37.4636941],
            [126.9492976, 37.463697],
            [126.9491162, 37.4638458],
            [126.9493028, 37.463989]
          ]
        ]
      }
    },
    {
      "type": "Feature",
      "id": "B0010000000RF7I7E",
      "properties": {
        "label": null
      },
      "geometry": {
        "type": "Polygon",
        "coordinates": [
          [
            [126.9474674, 37.4667493],
            [126.9474513, 37.4667449],
            [126.9474396, 37.4667722],
            [126.9474556, 37.4667766],
            [126.9474674, 37.4667493]
          ]
        ]
      }
    },
    {
      "type": "Feature",
      "id": "B0010000000RF7I07",
      "properties": {
        "label": null
      },
      "geometry": {
        "type": "Polygon",
        "coordinates": [
          [
            [126.9477784, 37.4666672],
            [126.9477194, 37.4666567],
            [126.9476345, 37.4669026],
            [126.9476981, 37.4669172],
            [126.9477784, 37.4666672]
          ]
        ]
      }
    },
    {
      "type": "Feature",
      "id": "B0010000000RF7HNT",
      "properties": {
        "label": null
      },
      "geometry": {
        "type": "Polygon",
        "coordinates": [
          [
            [126.9483375, 37.4685835],
            [126.9483114, 37.4685766],
            [126.9483046, 37.468593],
            [126.9483315, 37.4685997],
            [126.9483375, 37.4685835]
          ]
        ]
      }
    },
    {
      "type": "Feature",
      "id": "B0010000000RF2FWV",
      "properties": {
        "label": null
      },
      "geometry": {
        "type": "Polygon",
        "coordinates": [
          [
            [126.9483806, 37.4599169],
            [126.9483406, 37.4598052],
            [126.9482205, 37.4598281],
            [126.9482187, 37.4598412],
            [126.9482185, 37.4598547],
            [126.9482194, 37.4598648],
            [126.9482218, 37.4598788],
            [126.9482259, 37.4598928],
            [126.9482307, 37.4599041],
            [126.9482365, 37.4599157],
            [126.9482446, 37.4599284],
            [126.9482538, 37.4599391],
            [126.9482597, 37.4599457],
            [126.9483806, 37.4599169]
          ]
        ]
      }
    },
    {
      "type": "Feature",
      "id": "B0010000000RF2EZX",
      "properties": {
        "label": "자연과학대학501동행정실,지구환경과학부"
      },
      "geometry": {
        "type": "Polygon",
        "coordinates": [
          [
            [126.9485955, 37.4603731],
            [126.9486421, 37.4603622],
            [126.9486559, 37.4604077],
            [126.9487021, 37.4604151],
            [126.9487155, 37.4603884],
            [126.9487184, 37.4603632],
            [126.9487182, 37.4603446],
            [126.9487512, 37.4603386],
            [126.9486975, 37.4601837],
            [126.9487242, 37.4601784],
            [126.9486583, 37.46],
            [126.9486062, 37.4598589],
            [126.9485796, 37.4598648],
            [126.9485812, 37.4598695],
            [126.9482583, 37.4599462],
            [126.9482748, 37.4599617],
            [126.9483158, 37.4599872],
            [126.9483205, 37.46],
            [126.9484107, 37.4602468],
            [126.9484372, 37.4602411],
            [126.9485039, 37.4604253],
            [126.9486047, 37.4604022],
            [126.9485955, 37.4603731]
          ]
        ]
      }
    },
    {
      "type": "Feature",
      "id": "B0010000000RF2EYW",
      "properties": {
        "label": null
      },
      "geometry": {
        "type": "Polygon",
        "coordinates": [
          [
            [126.9482836, 37.46],
            [126.9482791, 37.4599878],
            [126.9482329, 37.46],
            [126.9482237, 37.4600025],
            [126.9482138, 37.4600493],
            [126.9482732, 37.4601257],
            [126.9483252, 37.4601135],
            [126.9482836, 37.46]
          ]
        ]
      }
    },
    {
      "type": "Feature",
      "id": "B0010000000RF2EXV",
      "properties": {
        "label": null
      },
      "geometry": {
        "type": "Polygon",
        "coordinates": [
          [
            [126.9481147, 37.4599728],
            [126.9480846, 37.4599671],
            [126.9480754, 37.46],
            [126.9480734, 37.460007],
            [126.94809, 37.4600296],
            [126.9481833, 37.4600444],
            [126.9481967, 37.46],
            [126.9481969, 37.4599992],
            [126.9481112, 37.4599844],
            [126.9481147, 37.4599728]
          ]
        ]
      }
    },
    {
      "type": "Feature",
      "id": "B0010000000RF2EVT",
      "properties": {
        "label": "950동국제백신연구소"
      },
      "geometry": {
        "type": "Polygon",
        "coordinates": [
          [
            [126.9599246, 37.4650498],
            [126.9599479, 37.4650341],
            [126.9599614, 37.4650409],
            [126.959974, 37.4650239],
            [126.9599676, 37.4650206],
            [126.9599967, 37.465],
            [126.96, 37.4649977],
            [126.9600526, 37.4649605],
            [126.96, 37.4649328],
            [126.959981, 37.4649228],
            [126.96, 37.4649001],
            [126.9600129, 37.4648846],
            [126.960232, 37.465],
            [126.9603189, 37.4650458],
            [126.9603566, 37.465],
            [126.9604666, 37.4648666],
            [126.96, 37.4646198],
            [126.9599806, 37.4646095],
            [126.9597618, 37.4644125],
            [126.9596906, 37.4644628],
            [126.959639, 37.4644366],
            [126.9595774, 37.4645142],
            [126.9595951, 37.4645294],
            [126.9595605, 37.4645552],
            [126.9596833, 37.4646666],
            [126.9595868, 37.4647348],
            [126.9595088, 37.4646937],
            [126.9594576, 37.4647546],
            [126.959795, 37.4649309],
            [126.9598703, 37.465],
            [126.9599246, 37.4650498]
          ]
        ]
      }
    },
    {
      "type": "Feature",
      "id": "B0010000000RF2EOM",
      "properties": {
        "label": null
      },
      "geometry": {
        "type": "Polygon",
        "coordinates": [
          [
            [126.955976, 37.4549916],
            [126.9558617, 37.4549247],
            [126.9558038, 37.4549752],
            [126.9558438, 37.455],
            [126.9558157, 37.4550258],
            [126.9558795, 37.4550666],
            [126.9559651, 37.455],
            [126.955976, 37.4549916]
          ]
        ]
      }
    },
    {
      "type": "Feature",
      "id": "B0010000000RF2ELJ",
      "properties": {
        "label": "공과대학42동선형구조실험동"
      },
      "geometry": {
        "type": "Polygon",
        "coordinates": [
          [
            [126.9524648, 37.4553544],
            [126.952595, 37.4553614],
            [126.9526285, 37.455],
            [126.9527011, 37.4542778],
            [126.9525562, 37.4542704],
            [126.9524935, 37.455],
            [126.9524648, 37.4553544]
          ]
        ]
      }
    },
    {
      "type": "Feature",
      "id": "B0010000000RF2EHF",
      "properties": {
        "label": "사범대학12동"
      },
      "geometry": {
        "type": "Polygon",
        "coordinates": [
          [
            [126.9548015, 37.4598574],
            [126.9549512, 37.4597229],
            [126.9548152, 37.459546],
            [126.9548119, 37.4595397],
            [126.95481, 37.4595331],
            [126.9548099, 37.4595284],
            [126.9548101, 37.4595233],
            [126.9548122, 37.4595181],
            [126.9548987, 37.4593874],
            [126.9549188, 37.4593985],
            [126.9549525, 37.4594395],
            [126.9548729, 37.4594786],
            [126.9548913, 37.4595024],
            [126.955, 37.45945],
            [126.9550085, 37.4594459],
            [126.9550633, 37.4594192],
            [126.9550023, 37.4593385],
            [126.955, 37.4593375],
            [126.9548175, 37.459262],
            [126.954679, 37.459439],
            [126.9546512, 37.4594754],
            [126.9546337, 37.4595005],
            [126.9546241, 37.4595192],
            [126.9546181, 37.459534],
            [126.9546147, 37.4595482],
            [126.9546132, 37.4595607],
            [126.9546121, 37.4595795],
            [126.9546124, 37.459595],
            [126.9546146, 37.4596083],
            [126.9546157, 37.4596149],
            [126.9546197, 37.4596296],
            [126.9546263, 37.4596454],
            [126.9546363, 37.4596649],
            [126.954652, 37.4596863],
            [126.954687, 37.4597309],
            [126.9547541, 37.4598174],
            [126.9547657, 37.4598107],
            [126.9548015, 37.4598574]
          ]
        ]
      }
    },
    {
      "type": "Feature",
      "id": "B0010000000RF2EB9",
      "properties": {
        "label": "104-1동국제대학원"
      },
      "geometry": {
        "type": "Polygon",
        "coordinates": [
          [
            [126.9551036, 37.4645453],
            [126.9550985, 37.4644075],
            [126.9550433, 37.4644281],
            [126.9550354, 37.4644161],
            [126.955, 37.4644296],
            [126.9548567, 37.4644842],
            [126.955, 37.4647047],
            [126.9550064, 37.4647151],
            [126.9551396, 37.464663],
            [126.9551061, 37.4646098],
            [126.9551377, 37.4645984],
            [126.9551036, 37.4645453]
          ]
        ]
      }
    },
    {
      "type": "Feature",
      "id": "B0010000000RF2EA8",
      "properties": {
        "label": "140동국제대학원"
      },
      "geometry": {
        "type": "Polygon",
        "coordinates": [
          [
            [126.955, 37.4643416],
            [126.9547489, 37.463936],
            [126.9544463, 37.4640545],
            [126.9544137, 37.4640035],
            [126.9543134, 37.4640428],
            [126.9544455, 37.4642568],
            [126.9545457, 37.4642175],
            [126.9546276, 37.4643577],
            [126.9547497, 37.4643092],
            [126.9548556, 37.4644829],
            [126.955, 37.4644292],
            [126.9550354, 37.4644158],
            [126.9550306, 37.4644065],
            [126.9550385, 37.4644038],
            [126.955, 37.4643416]
          ]
        ]
      }
    },
    {
      "type": "Feature",
      "id": "B0010000000RF2E86",
      "properties": {
        "label": "인문대학14동인문관"
      },
      "geometry": {
        "type": "Polygon",
        "coordinates": [
          [
            [126.955329, 37.4608762],
            [126.9552007, 37.4607088],
            [126.955, 37.4608057],
            [126.9546793, 37.4609605],
            [126.9548076, 37.4611291],
            [126.955, 37.4610358],
            [126.955329, 37.4608762]
          ]
        ]
      }
    },
    {
      "type": "Feature",
      "id": "B0010000000RF2E53",
      "properties": {
        "label": "946-A동BK국제관"
      },
      "geometry": {
        "type": "Polygon",
        "coordinates": [
          [
            [126.9584999, 37.4655992],
            [126.9585077, 37.4651097],
            [126.9584819, 37.4651092],
            [126.9584829, 37.4650772],
            [126.9584997, 37.4650776],
            [126.958501, 37.465],
            [126.9585029, 37.464892],
            [126.9584133, 37.4648908],
            [126.9584116, 37.4649337],
            [126.9583973, 37.4649335],
            [126.9583975, 37.4649222],
            [126.9580494, 37.4649186],
            [126.9580501, 37.4649863],
            [126.9580311, 37.4649863],
            [126.9580308, 37.465],
            [126.9580292, 37.4650736],
            [126.9583133, 37.4650773],
            [126.9583136, 37.465059],
            [126.9583915, 37.4650597],
            [126.9583905, 37.4651085],
            [126.9582962, 37.4651067],
            [126.9582909, 37.4655256],
            [126.9580698, 37.4655234],
            [126.9580696, 37.4655365],
            [126.9580356, 37.465536],
            [126.9580332, 37.4656164],
            [126.9580686, 37.465617],
            [126.9580644, 37.4656932],
            [126.9584664, 37.4656948],
            [126.9584669, 37.4656186],
            [126.9584519, 37.4656185],
            [126.9584525, 37.4655994],
            [126.9584999, 37.4655992]
          ]
        ]
      }
    },
    {
      "type": "Feature",
      "id": "B0010000000RF2E42",
      "properties": {
        "label": "글로벌학생생활관915동"
      },
      "geometry": {
        "type": "Polygon",
        "coordinates": [
          [
            [126.9576087, 37.465],
            [126.957614, 37.4648806],
            [126.9576282, 37.464881],
            [126.9576305, 37.4648274],
            [126.9573487, 37.4648193],
            [126.9573449, 37.4649259],
            [126.957357, 37.4649265],
            [126.9573538, 37.465],
            [126.9573491, 37.4651041],
            [126.9576037, 37.465112],
            [126.9576087, 37.465]
          ]
        ]
      }
    },
    {
      "type": "Feature",
      "id": "B0010000000RF2E0Y",
      "properties": {
        "label": "경영대학59동LG경영관"
      },
      "geometry": {
        "type": "Polygon",
        "coordinates": [
          [
            [126.9531759, 37.4651066],
            [126.9531672, 37.465],
            [126.9531645, 37.4649665],
            [126.9531413, 37.4649675],
            [126.9531401, 37.4649499],
            [126.9532057, 37.4649467],
            [126.953195, 37.4648373],
            [126.9528536, 37.4648595],
            [126.9528584, 37.4648961],
            [126.9527783, 37.4648979],
            [126.9527877, 37.4649926],
            [126.9527043, 37.4649953],
            [126.9527047, 37.465],
            [126.9527152, 37.4651038],
            [126.9527962, 37.4650982],
            [126.9527995, 37.465132],
            [126.9531759, 37.4651066]
          ]
        ]
      }
    },
    {
      "type": "Feature",
      "id": "B0010000000RF2DZW",
      "properties": {
        "label": "경영대학59동경영전문대학원"
      },
      "geometry": {
        "type": "Polygon",
        "coordinates": [
          [
            [126.952246, 37.4651157],
            [126.9524996, 37.4651019],
            [126.9525002, 37.4651045],
            [126.9525965, 37.4651074],
            [126.9525991, 37.4651086],
            [126.9525881, 37.465],
            [126.9525739, 37.464861],
            [126.9521062, 37.4648874],
            [126.9521066, 37.4649105],
            [126.952084, 37.4649116],
            [126.9520856, 37.4649294],
            [126.9520826, 37.4649297],
            [126.9520889, 37.4649845],
            [126.9520966, 37.4649843],
            [126.9520978, 37.465],
            [126.9520993, 37.4650186],
            [126.9522357, 37.465011],
            [126.952246, 37.4651157]
          ]
        ]
      }
    },
    {
      "type": "Feature",
      "id": "B0010000000RF2DVS",
      "properties": {
        "label": "서울교육청과학전시관"
      },
      "geometry": {
        "type": "Polygon",
        "coordinates": [
          [
            [126.9601609, 37.4688327],
            [126.9601277, 37.4686107],
            [126.9600719, 37.4686163],
            [126.960064, 37.4685637],
            [126.96, 37.46857],
            [126.9589406, 37.4686743],
            [126.9589912, 37.4689994],
            [126.96, 37.4689007],
            [126.9601139, 37.4688895],
            [126.9601079, 37.4688382],
            [126.9601609, 37.4688327]
          ]
        ]
      }
    },
    {
      "type": "Feature",
      "id": "B0010000000RF2DTQ",
      "properties": {
        "label": "125-1동호암교수회관,컨벤션센터"
      },
      "geometry": {
        "type": "Polygon",
        "coordinates": [
          [
            [126.9599395, 37.4681812],
            [126.96, 37.4680764],
            [126.96007, 37.4681024],
            [126.9601732, 37.4679256],
            [126.96, 37.4678693],
            [126.9598155, 37.4678094],
            [126.9597853, 37.4678615],
            [126.9598541, 37.4678858],
            [126.9598253, 37.4679349],
            [126.9597571, 37.4679097],
            [126.9597251, 37.4679659],
            [126.9595908, 37.467914],
            [126.959556, 37.4679738],
            [126.9595278, 37.4680227],
            [126.9595021, 37.4680683],
            [126.959713, 37.4681458],
            [126.9597366, 37.4681062],
            [126.9599395, 37.4681812]
          ]
        ]
      }
    },
    {
      "type": "Feature",
      "id": "B0010000000RF2DSP",
      "properties": {
        "label": "944동삼성전자서울대연구소"
      },
      "geometry": {
        "type": "Polygon",
        "coordinates": [
          [
            [126.9609249, 37.4671708],
            [126.9607559, 37.4670442],
            [126.9608574, 37.4669589],
            [126.9604157, 37.4666316],
            [126.9603897, 37.4666535],
            [126.96, 37.4663659],
            [126.959909, 37.4662988],
            [126.9596374, 37.466531],
            [126.96, 37.4667986],
            [126.960146, 37.4669063],
            [126.9601344, 37.4669162],
            [126.9604213, 37.4671297],
            [126.9604294, 37.4671233],
            [126.9604328, 37.4671253],
            [126.9602428, 37.4672863],
            [126.9605375, 37.4675031],
            [126.9609249, 37.4671708]
          ]
        ]
      }
    },
    {
      "type": "Feature",
      "id": "B0010000000RF2DRO",
      "properties": {
        "label": "936동"
      },
      "geometry": {
        "type": "Polygon",
        "coordinates": [
          [
            [126.9600723, 37.4672252],
            [126.9601001, 37.4671706],
            [126.9600722, 37.4671615],
            [126.960084, 37.4671389],
            [126.9600622, 37.4671322],
            [126.9600669, 37.4671223],
            [126.960027, 37.4671103],
            [126.9600305, 37.4671038],
            [126.9600271, 37.467103],
            [126.9600323, 37.4670924],
            [126.96, 37.4670831],
            [126.959995, 37.4670817],
            [126.9599971, 37.4670774],
            [126.9599713, 37.4670696],
            [126.9599844, 37.467045],
            [126.9599813, 37.467044],
            [126.9599871, 37.4670329],
            [126.959948, 37.4670212],
            [126.9599507, 37.4670166],
            [126.9598891, 37.4669965],
            [126.9598865, 37.4670016],
            [126.9598572, 37.4669915],
            [126.9598645, 37.466977],
            [126.9598607, 37.466976],
            [126.9598679, 37.466962],
            [126.9597316, 37.4669177],
            [126.9597124, 37.4669556],
            [126.9596833, 37.4669464],
            [126.9596815, 37.4669501],
            [126.959612, 37.4669273],
            [126.9596143, 37.4669231],
            [126.9595809, 37.466912],
            [126.9595206, 37.4670245],
            [126.959574, 37.4670416],
            [126.959571, 37.4670477],
            [126.9596305, 37.4670665],
            [126.9596338, 37.4670607],
            [126.9596631, 37.4670698],
            [126.9596826, 37.4670332],
            [126.9597014, 37.4670393],
            [126.9596997, 37.4670426],
            [126.9597305, 37.4670521],
            [126.9597348, 37.4670429],
            [126.9597554, 37.4670501],
            [126.9597508, 37.4670584],
            [126.9597811, 37.467069],
            [126.9597832, 37.4670655],
            [126.9598016, 37.4670716],
            [126.9597887, 37.4670971],
            [126.9598202, 37.4671069],
            [126.9598185, 37.4671103],
            [126.9598486, 37.4671199],
            [126.9598532, 37.4671098],
            [126.9598743, 37.4671166],
            [126.9598695, 37.4671267],
            [126.9599004, 37.4671368],
            [126.9599024, 37.467133],
            [126.9599187, 37.4671391],
            [126.9599012, 37.467177],
            [126.96, 37.4672087],
            [126.9600328, 37.4672193],
            [126.9600354, 37.4672137],
            [126.9600723, 37.4672252]
          ]
        ]
      }
    },
    {
      "type": "Feature",
      "id": "B0010000000RF2DQN",
      "properties": {
        "label": "940동연구공원본관,웨딩홀"
      },
      "geometry": {
        "type": "Polygon",
        "coordinates": [
          [
            [126.9595305, 37.46549],
            [126.9594399, 37.4654052],
            [126.9594156, 37.4654212],
            [126.9591956, 37.4654062],
            [126.9591371, 37.4654459],
            [126.95911, 37.4656975],
            [126.9591591, 37.4657422],
            [126.959308, 37.4657493],
            [126.9592954, 37.4658751],
            [126.9594338, 37.4660027],
            [126.9599296, 37.466034],
            [126.96, 37.4659854],
            [126.9600343, 37.4659617],
            [126.96, 37.465929],
            [126.9599456, 37.4658773],
            [126.9598189, 37.4658703],
            [126.9595206, 37.4655958],
            [126.9595305, 37.46549]
          ]
        ]
      }
    },
    {
      "type": "Feature",
      "id": "B0010000000RF2DPM",
      "properties": {
        "label": null
      },
      "geometry": {
        "type": "Polygon",
        "coordinates": [
          [
            [126.96, 37.4658531],
            [126.9599868, 37.4658406],
            [126.9599521, 37.4658605],
            [126.9599955, 37.4659025],
            [126.96, 37.4658998],
            [126.9600304, 37.4658818],
            [126.96, 37.4658531]
          ]
        ]
      }
    },
    {
      "type": "Feature",
      "id": "B0010000000RF2DNK",
      "properties": {
        "label": null
      },
      "geometry": {
        "type": "Polygon",
        "coordinates": [
          [
            [126.9554294, 37.4660111],
            [126.9552543, 37.4658254],
            [126.955, 37.4659777],
            [126.9547078, 37.4661527],
            [126.9547991, 37.4662497],
            [126.9543194, 37.4665357],
            [126.9544608, 37.466685],
            [126.9549401, 37.4663986],
            [126.9548824, 37.4663378],
            [126.955, 37.4662676],
            [126.9554294, 37.4660111]
          ]
        ]
      }
    },
    {
      "type": "Feature",
      "id": "B0010000000RF2BB6",
      "properties": {
        "label": null
      },
      "geometry": {
        "type": "Polygon",
        "coordinates": [
          [
            [126.9558539, 37.4542334],
            [126.955766, 37.4542164],
            [126.9556925, 37.4544046],
            [126.9557832, 37.4544211],
            [126.9558539, 37.4542334]
          ]
        ]
      }
    },
    {
      "type": "Feature",
      "id": "B0010000000RF2BA5",
      "properties": {
        "label": "48-1동전파천문대"
      },
      "geometry": {
        "type": "Polygon",
        "coordinates": [
          [
            [126.9552995, 37.4547257],
            [126.9553092, 37.4546863],
            [126.9553381, 37.4546899],
            [126.9553472, 37.4546508],
            [126.9553666, 37.4546534],
            [126.9553987, 37.4545127],
            [126.9553507, 37.454503],
            [126.9553542, 37.4544897],
            [126.9553155, 37.454484],
            [126.9553117, 37.4545009],
            [126.9551514, 37.4544778],
            [126.9551109, 37.4546637],
            [126.9552502, 37.4546835],
            [126.9552418, 37.4547179],
            [126.9552995, 37.4547257]
          ]
        ]
      }
    },
    {
      "type": "Feature",
      "id": "B0010000000RF2B94",
      "properties": {
        "label": null
      },
      "geometry": {
        "type": "Polygon",
        "coordinates": [
          [
            [126.9560729, 37.454656],
            [126.9559378, 37.4546531],
            [126.9559361, 37.4546975],
            [126.9559941, 37.4546993],
            [126.9559922, 37.4547257],
            [126.9560695, 37.4547285],
            [126.9560729, 37.454656]
          ]
        ]
      }
    },
    {
      "type": "Feature",
      "id": "B0010000000RF2B1W",
      "properties": {
        "label": null
      },
      "geometry": {
        "type": "Polygon",
        "coordinates": [
          [
            [126.9526874, 37.4506474],
            [126.9526841, 37.4506473],
            [126.9526792, 37.4506474],
            [126.9526732, 37.4506475],
            [126.9526664, 37.4506486],
            [126.952632, 37.4506606],
            [126.9526302, 37.450662],
            [126.9526274, 37.4506697],
            [126.9525942, 37.450684],
            [126.9526121, 37.4507079],
            [126.9526027, 37.4507309],
            [126.9526006, 37.4507366],
            [126.9525999, 37.4507398],
            [126.9525996, 37.4507441],
            [126.9525999, 37.4507501],
            [126.9526007, 37.4507555],
            [126.9526015, 37.45076],
            [126.9526141, 37.4507821],
            [126.9526355, 37.4508106],
            [126.9526471, 37.4508209],
            [126.9526619, 37.450827],
            [126.9526652, 37.4508277],
            [126.9526686, 37.4508281],
            [126.9526735, 37.4508283],
            [126.9526775, 37.4508284],
            [126.9526817, 37.4508283],
            [126.9526881, 37.4508279],
            [126.9527148, 37.4508184],
            [126.9527308, 37.4508125],
            [126.9527608, 37.4507992],
            [126.9527685, 37.4507903],
            [126.9527714, 37.4507836],
            [126.9527721, 37.4507809],
            [126.9527727, 37.4507763],
            [126.9527718, 37.4507623],
            [126.9527676, 37.4507398],
            [126.9527787, 37.4507396],
            [126.9527803, 37.4506972],
            [126.9527583, 37.4506964],
            [126.9527578, 37.4506909],
            [126.9527571, 37.4506855],
            [126.9527556, 37.4506783],
            [126.9527501, 37.4506711],
            [126.9527355, 37.4506611],
            [126.9527147, 37.4506547],
            [126.9526912, 37.450648],
            [126.9526888, 37.4506476],
            [126.9526874, 37.4506474]
          ]
        ]
      }
    },
    {
      "type": "Feature",
      "id": "B0010000000RF2AZT",
      "properties": {
        "label": null
      },
      "geometry": {
        "type": "Polygon",
        "coordinates": [
          [
            [126.9516422, 37.4510051],
            [126.9516177, 37.4509162],
            [126.951584, 37.4509206],
            [126.9516078, 37.4510096],
            [126.9516422, 37.4510051]
          ]
        ]
      }
    },
    {
      "type": "Feature",
      "id": "B0010000000RF2AWQ",
      "properties": {
        "label": "300동유회진학술정보관"
      },
      "geometry": {
        "type": "Polygon",
        "coordinates": [
          [
            [126.9528039, 37.4513272],
            [126.9528064, 37.4512345],
            [126.9529883, 37.4512351],
            [126.9529984, 37.4509277],
            [126.9529593, 37.4509262],
            [126.9529591, 37.4509334],
            [126.9526604, 37.4509277],
            [126.9526502, 37.4512204],
            [126.9526418, 37.4512201],
            [126.9526455, 37.4513349],
            [126.9528039, 37.4513272]
          ]
        ]
      }
    },
    {
      "type": "Feature",
      "id": "B0010000000RF2ALF",
      "properties": {
        "label": null
      },
      "geometry": {
        "type": "Polygon",
        "coordinates": [
          [
            [126.9523857, 37.4535956],
            [126.9523166, 37.4535556],
            [126.9522751, 37.4535988],
            [126.9523426, 37.4536384],
            [126.9523857, 37.4535956]
          ]
        ]
      }
    },
    {
      "type": "Feature",
      "id": "B0010000000RF2A4Y",
      "properties": {
        "label": "공과대학130동기초전력연구원"
      },
      "geometry": {
        "type": "Polygon",
        "coordinates": [
          [
            [126.9510336, 37.4544482],
            [126.951045, 37.4543664],
            [126.9510624, 37.4543683],
            [126.951064, 37.4543556],
            [126.9510772, 37.4543571],
            [126.9510858, 37.4543061],
            [126.9510599, 37.4543034],
            [126.9510743, 37.4542095],
            [126.9505587, 37.4541525],
            [126.9505457, 37.4542257],
            [126.950519, 37.4542231],
            [126.9505071, 37.4542957],
            [126.9505334, 37.4542987],
            [126.9505304, 37.4543151],
            [126.9507341, 37.4543378],
            [126.9507223, 37.454423],
            [126.9510336, 37.4544482]
          ]
        ]
      }
    },
    {
      "type": "Feature",
      "id": "B0010000000RF2A2W",
      "properties": {
        "label": "공과대학133동자동화시스템공동연구소"
      },
      "geometry": {
        "type": "Polygon",
        "coordinates": [
          [
            [126.9505309, 37.4541118],
            [126.9503466, 37.4540913],
            [126.9503327, 37.4540898],
            [126.9502617, 37.4545305],
            [126.9502667, 37.4545309],
            [126.9502645, 37.4545491],
            [126.9504565, 37.4545683],
            [126.9504589, 37.4545508],
            [126.9504648, 37.4545512],
            [126.950507, 37.4542957],
            [126.9505189, 37.4542231],
            [126.9505359, 37.4541123],
            [126.9505309, 37.4541118]
          ]
        ]
      }
    },
    {
      "type": "Feature",
      "id": "B0010000000RF2A0U",
      "properties": {
        "label": null
      },
      "geometry": {
        "type": "Polygon",
        "coordinates": [
          [
            [126.9535174, 37.4545487],
            [126.9534951, 37.4545392],
            [126.9534759, 37.4545767],
            [126.9535003, 37.4545841],
            [126.9535174, 37.4545487]
          ]
        ]
      }
    },
    {
      "type": "Feature",
      "id": "B0010000000RF29YR",
      "properties": {
        "label": null
      },
      "geometry": {
        "type": "Polygon",
        "coordinates": [
          [
            [126.9521027, 37.4545826],
            [126.952069, 37.4545802],
            [126.9520636, 37.4546121],
            [126.9520984, 37.4546157],
            [126.9521027, 37.4545826]
          ]
        ]
      }
    },
    {
      "type": "Feature",
      "id": "B0010000000RF29UN",
      "properties": {
        "label": null
      },
      "geometry": {
        "type": "Polygon",
        "coordinates": [
          [
            [126.9521779, 37.4547736],
            [126.9521681, 37.4548288],
            [126.9522191, 37.4548345],
            [126.9522294, 37.4547797],
            [126.9521779, 37.4547736]
          ]
        ]
      }
    },
    {
      "type": "Feature",
      "id": "B0010000000RF29RK",
      "properties": {
        "label": null
      },
      "geometry": {
        "type": "Polygon",
        "coordinates": [
          [
            [126.9521311, 37.454967],
            [126.952139, 37.4549271],
            [126.9521309, 37.4549263],
            [126.9521296, 37.4549313],
            [126.9520854, 37.4549255],
            [126.9520791, 37.4549605],
            [126.9521311, 37.454967]
          ]
        ]
      }
    },
    {
      "type": "Feature",
      "id": "B0010000000RF29D6",
      "properties": {
        "label": null
      },
      "geometry": {
        "type": "Polygon",
        "coordinates": [
          [
            [126.9551713, 37.4591969],
            [126.955221, 37.4592573],
            [126.9552826, 37.4592197],
            [126.9552278, 37.4591646],
            [126.9552062, 37.4591752],
            [126.9552081, 37.459177],
            [126.9551713, 37.4591969]
          ]
        ]
      }
    },
    {
      "type": "Feature",
      "id": "B0010000000RF29C5",
      "properties": {
        "label": null
      },
      "geometry": {
        "type": "Polygon",
        "coordinates": [
          [
            [126.955221, 37.4592573],
            [126.9551713, 37.4591969],
            [126.955208, 37.459177],
            [126.9551837, 37.4591536],
            [126.9551489, 37.4591696],
            [126.955109, 37.4591212],
            [126.9550148, 37.4591706],
            [126.9551534, 37.4593387],
            [126.9552471, 37.459289],
            [126.955221, 37.4592573]
          ]
        ]
      }
    },
    {
      "type": "Feature",
      "id": "B0010000000RF294X",
      "properties": {
        "label": "공과대학139-1동기초과학공동기기원"
      },
      "geometry": {
        "type": "Polygon",
        "coordinates": [
          [
            [126.9539431, 37.4554444],
            [126.954233, 37.45544],
            [126.9543857, 37.4554915],
            [126.9543964, 37.4554713],
            [126.9544592, 37.4554942],
            [126.9546055, 37.455429],
            [126.9543861, 37.4551172],
            [126.9540488, 37.4552678],
            [126.9539669, 37.4553037],
            [126.9538818, 37.4553571],
            [126.9538845, 37.4553612],
            [126.9538568, 37.4553725],
            [126.9539006, 37.4554359],
            [126.9539303, 37.455422],
            [126.9539421, 37.455441],
            [126.9539431, 37.4554444]
          ]
        ]
      }
    },
    {
      "type": "Feature",
      "id": "B0010000000RF293W",
      "properties": {
        "label": "공과대학42동해양시스템공학연구소"
      },
      "geometry": {
        "type": "Polygon",
        "coordinates": [
          [
            [126.9524474, 37.4555219],
            [126.9524835, 37.4551164],
            [126.9524054, 37.4551118],
            [126.9524032, 37.4551312],
            [126.9523651, 37.4551289],
            [126.9523466, 37.4553645],
            [126.9523312, 37.4555175],
            [126.9524474, 37.4555219]
          ]
        ]
      }
    },
    {
      "type": "Feature",
      "id": "B0010000000RF291U",
      "properties": {
        "label": "공과대학42동"
      },
      "geometry": {
        "type": "Polygon",
        "coordinates": [
          [
            [126.952595, 37.4553614],
            [126.9524648, 37.4553544],
            [126.9524474, 37.4555219],
            [126.9525805, 37.4555293],
            [126.952595, 37.4553614]
          ]
        ]
      }
    },
    {
      "type": "Feature",
      "id": "B0010000000RF290T",
      "properties": {
        "label": null
      },
      "geometry": {
        "type": "Polygon",
        "coordinates": [
          [
            [126.952866, 37.455458],
            [126.9525969, 37.4554412],
            [126.9525889, 37.4555272],
            [126.9528577, 37.4555436],
            [126.952866, 37.455458]
          ]
        ]
      }
    },
    {
      "type": "Feature",
      "id": "B0010000000RF28ZR",
      "properties": {
        "label": null
      },
      "geometry": {
        "type": "Polygon",
        "coordinates": [
          [
            [126.9538301, 37.4555561],
            [126.953827, 37.4554719],
            [126.9537932, 37.4554735],
            [126.9537781, 37.4554789],
            [126.9537577, 37.4554901],
            [126.9537423, 37.4555048],
            [126.9537319, 37.4555194],
            [126.9537253, 37.4555348],
            [126.9537226, 37.4555459],
            [126.953722, 37.4555561],
            [126.9538301, 37.4555561]
          ]
        ]
      }
    },
    {
      "type": "Feature",
      "id": "B0010000000RF28UM",
      "properties": {
        "label": "공과대학36동공학관7실험동"
      },
      "geometry": {
        "type": "Polygon",
        "coordinates": [
          [
            [126.9517971, 37.4556574],
            [126.9518072, 37.4555849],
            [126.9517968, 37.4555833],
            [126.9518181, 37.4554653],
            [126.9511201, 37.4553991],
            [126.951082, 37.4556277],
            [126.9515363, 37.4556724],
            [126.9515385, 37.455657],
            [126.9515669, 37.4556603],
            [126.9515643, 37.4556747],
            [126.9517785, 37.4556959],
            [126.9517872, 37.4556576],
            [126.9517971, 37.4556574]
          ]
        ]
      }
    },
    {
      "type": "Feature",
      "id": "B0010000000RF28ME",
      "properties": {
        "label": null
      },
      "geometry": {
        "type": "Polygon",
        "coordinates": [
          [
            [126.9537999, 37.4560933],
            [126.9537876, 37.4561449],
            [126.9538432, 37.4561537],
            [126.9538565, 37.4561023],
            [126.9537999, 37.4560933]
          ]
        ]
      }
    },
    {
      "type": "Feature",
      "id": "B0010000000RF28JB",
      "properties": {
        "label": "공과대학34동공학관"
      },
      "geometry": {
        "type": "Polygon",
        "coordinates": [
          [
            [126.9516838, 37.4562585],
            [126.9517318, 37.4559676],
            [126.9516937, 37.4559638],
            [126.9516987, 37.4559376],
            [126.9516682, 37.4559345],
            [126.9516558, 37.4559233],
            [126.9516615, 37.455897],
            [126.9517298, 37.4559036],
            [126.9517422, 37.4558205],
            [126.9514286, 37.4557893],
            [126.9513556, 37.456224],
            [126.9513696, 37.4562257],
            [126.9513705, 37.4562231],
            [126.9516694, 37.4562545],
            [126.9516691, 37.4562568],
            [126.9516838, 37.4562585]
          ]
        ]
      }
    },
    {
      "type": "Feature",
      "id": "B0010000000RF28H9",
      "properties": {
        "label": null
      },
      "geometry": {
        "type": "Polygon",
        "coordinates": [
          [
            [126.9518367, 37.4562942],
            [126.9518116, 37.456292],
            [126.9518089, 37.4563091],
            [126.9518347, 37.4563124],
            [126.9518367, 37.4562942]
          ]
        ]
      }
    },
    {
      "type": "Feature",
      "id": "B0010000000RF27XO",
      "properties": {
        "label": null
      },
      "geometry": {
        "type": "Polygon",
        "coordinates": [
          [
            [126.9503105, 37.4567894],
            [126.9502769, 37.4567861],
            [126.9502732, 37.4568136],
            [126.9503062, 37.456819],
            [126.9503105, 37.4567894]
          ]
        ]
      }
    },
    {
      "type": "Feature",
      "id": "B0010000000RF27WN",
      "properties": {
        "label": null
      },
      "geometry": {
        "type": "Polygon",
        "coordinates": [
          [
            [126.9539749, 37.4568921],
            [126.9539679, 37.4568543],
            [126.9539364, 37.4568597],
            [126.9539457, 37.456896],
            [126.9539749, 37.4568921]
          ]
        ]
      }
    },
    {
      "type": "Feature",
      "id": "B0010000000RF27UL",
      "properties": {
        "label": null
      },
      "geometry": {
        "type": "Polygon",
        "coordinates": [
          [
            [126.9539431, 37.456897],
            [126.9539359, 37.4568638],
            [126.9539139, 37.4568683],
            [126.9539224, 37.4568998],
            [126.9539431, 37.456897]
          ]
        ]
      }
    },
    {
      "type": "Feature",
      "id": "B0010000000RF27RI",
      "properties": {
        "label": null
      },
      "geometry": {
        "type": "Polygon",
        "coordinates": [
          [
            [126.9537617, 37.4569147],
            [126.9537485, 37.4568919],
            [126.9537179, 37.4569066],
            [126.9537319, 37.4569291],
            [126.9537617, 37.4569147]
          ]
        ]
      }
    },
    {
      "type": "Feature",
      "id": "B0010000000RF27OF",
      "properties": {
        "label": null
      },
      "geometry": {
        "type": "Polygon",
        "coordinates": [
          [
            [126.9527701, 37.4570454],
            [126.9526817, 37.4570383],
            [126.9526789, 37.4570568],
            [126.9527678, 37.457064],
            [126.9527701, 37.4570454]
          ]
        ]
      }
    },
    {
      "type": "Feature",
      "id": "B0010000000RF27KB",
      "properties": {
        "label": "46동물리천문학부"
      },
      "geometry": {
        "type": "Polygon",
        "coordinates": [
          [
            [126.9544104, 37.4570296],
            [126.9543895, 37.4570182],
            [126.9543746, 37.4570155],
            [126.9543576, 37.4570152],
            [126.9542747, 37.4570227],
            [126.9542752, 37.4570282],
            [126.9542663, 37.4570288],
            [126.9542646, 37.457022],
            [126.9541907, 37.4570305],
            [126.9542082, 37.457145],
            [126.9543875, 37.4571258],
            [126.9543973, 37.457122],
            [126.9544129, 37.457112],
            [126.9544222, 37.4571014],
            [126.9544295, 37.4570891],
            [126.9544311, 37.4570851],
            [126.9544322, 37.4570805],
            [126.9544328, 37.4570756],
            [126.9544329, 37.4570712],
            [126.9544321, 37.457062],
            [126.9544259, 37.4570459],
            [126.9544104, 37.4570296]
          ]
        ]
      }
    },
    {
      "type": "Feature",
      "id": "B0010000000RF27H8",
      "properties": {
        "label": null
      },
      "geometry": {
        "type": "Polygon",
        "coordinates": [
          [
            [126.9504648, 37.4571515],
            [126.9504745, 37.4570931],
            [126.9504797, 37.4570623],
            [126.9504909, 37.4569949],
            [126.950403, 37.4569862],
            [126.9503926, 37.4570509],
            [126.9503873, 37.4570843],
            [126.9503767, 37.4571499],
            [126.9503898, 37.4571581],
            [126.9504537, 37.4571976],
            [126.9504568, 37.4571996],
            [126.9504648, 37.4571515]
          ]
        ]
      }
    },
    {
      "type": "Feature",
      "id": "B0010000000RF27B2",
      "properties": {
        "label": "자연과학대학69동실험동물자원관리원"
      },
      "geometry": {
        "type": "Polygon",
        "coordinates": [
          [
            [126.9528387, 37.457447],
            [126.9528338, 37.457323],
            [126.9528196, 37.457323],
            [126.9528118, 37.4570966],
            [126.9526147, 37.4571012],
            [126.9526147, 37.4570903],
            [126.9525269, 37.4570922],
            [126.9525387, 37.4574019],
            [126.9526114, 37.4574001],
            [126.9526142, 37.457457],
            [126.9528236, 37.4574526],
            [126.9528236, 37.4574474],
            [126.9528387, 37.457447]
          ]
        ]
      }
    },
    {
      "type": "Feature",
      "id": "B0010000000RF27A1",
      "properties": {
        "label": null
      },
      "geometry": {
        "type": "Polygon",
        "coordinates": [
          [
            [126.9518187, 37.4573889],
            [126.9517915, 37.4573382],
            [126.9517124, 37.4573648],
            [126.9517666, 37.457469],
            [126.9518065, 37.4574567],
            [126.9518033, 37.4574508],
            [126.9518134, 37.4574482],
            [126.9517869, 37.4573991],
            [126.9518187, 37.4573889]
          ]
        ]
      }
    },
    {
      "type": "Feature",
      "id": "B0010000000RF26ND",
      "properties": {
        "label": "자연과학대학26동기초과학실험교육동"
      },
      "geometry": {
        "type": "Polygon",
        "coordinates": [
          [
            [126.9505077, 37.4589669],
            [126.9506964, 37.4589057],
            [126.9506777, 37.4588689],
            [126.9507195, 37.4588568],
            [126.9505586, 37.4585429],
            [126.9505203, 37.4585552],
            [126.9504465, 37.4584103],
            [126.9502563, 37.4584693],
            [126.9503306, 37.4586171],
            [126.9502879, 37.4586291],
            [126.9504457, 37.4589439],
            [126.9504896, 37.4589316],
            [126.9505077, 37.4589669]
          ]
        ]
      }
    },
    {
      "type": "Feature",
      "id": "B0010000000RF26J9",
      "properties": {
        "label": null
      },
      "geometry": {
        "type": "Polygon",
        "coordinates": [
          [
            [126.9530563, 37.459138],
            [126.9522244, 37.4584979],
            [126.9521566, 37.4585539],
            [126.9529871, 37.4591939],
            [126.9530563, 37.459138]
          ]
        ]
      }
    },
    {
      "type": "Feature",
      "id": "B0010000000RF26H7",
      "properties": {
        "label": null
      },
      "geometry": {
        "type": "Polygon",
        "coordinates": [
          [
            [126.9507818, 37.4593576],
            [126.9508126, 37.4594189],
            [126.9508582, 37.4594302],
            [126.9508148, 37.4593474],
            [126.9507818, 37.4593576]
          ]
        ]
      }
    },
    {
      "type": "Feature",
      "id": "B0010000000RF26D3",
      "properties": {
        "label": "62-1동중앙도서관관정관"
      },
      "geometry": {
        "type": "Polygon",
        "coordinates": [
          [
            [126.9518058, 37.4583659],
            [126.9518016, 37.4583592],
            [126.9517967, 37.4583654],
            [126.9517851, 37.4583696],
            [126.9517793, 37.4583802],
            [126.9517654, 37.4583864],
            [126.951759, 37.4583966],
            [126.9517443, 37.4584035],
            [126.9517395, 37.4584131],
            [126.9517257, 37.4584186],
            [126.9517201, 37.4584294],
            [126.9517059, 37.4584351],
            [126.9516998, 37.4584457],
            [126.9516868, 37.4584506],
            [126.9516805, 37.4584612],
            [126.9516671, 37.4584671],
            [126.951661, 37.4584786],
            [126.9516463, 37.4584839],
            [126.9516421, 37.4584936],
            [126.9516276, 37.4584997],
            [126.9516215, 37.4585105],
            [126.9516078, 37.4585157],
            [126.9516031, 37.4585258],
            [126.9515867, 37.458533],
            [126.9515837, 37.4585419],
            [126.9515701, 37.4585467],
            [126.9515634, 37.4585586],
            [126.9515553, 37.4585615],
            [126.951562, 37.458564],
            [126.9515683, 37.4585738],
            [126.9515837, 37.4585803],
            [126.95159, 37.4585903],
            [126.9516038, 37.4585954],
            [126.9516092, 37.4586051],
            [126.9516257, 37.458611],
            [126.9516293, 37.4586213],
            [126.9516438, 37.4586266],
            [126.9516503, 37.4586373],
            [126.9516645, 37.4586417],
            [126.9516701, 37.4586519],
            [126.9516843, 37.4586583],
            [126.9516921, 37.4586694],
            [126.9517043, 37.4586736],
            [126.9517107, 37.4586842],
            [126.9517266, 37.4586897],
            [126.9517312, 37.4586992],
            [126.9517442, 37.4587048],
            [126.951752, 37.4587164],
            [126.9517661, 37.458721],
            [126.9517713, 37.4587319],
            [126.9517876, 37.4587367],
            [126.9517915, 37.4587457],
            [126.9518077, 37.4587514],
            [126.9518116, 37.4587621],
            [126.9518283, 37.4587678],
            [126.9518331, 37.4587787],
            [126.9518475, 37.4587841],
            [126.9518539, 37.4587948],
            [126.951867, 37.4587982],
            [126.951875, 37.4588105],
            [126.9518877, 37.4588141],
            [126.9518942, 37.4588249],
            [126.9519086, 37.4588303],
            [126.9519143, 37.4588406],
            [126.9519289, 37.4588466],
            [126.9519344, 37.4588568],
            [126.9519488, 37.4588618],
            [126.9519552, 37.458872],
            [126.9519699, 37.4588776],
            [126.951975, 37.4588874],
            [126.9519898, 37.458893],
            [126.9519956, 37.4589036],
            [126.9520095, 37.4589074],
            [126.9520153, 37.4589186],
            [126.9520304, 37.4589233],
            [126.9520361, 37.4589357],
            [126.9520505, 37.4589397],
            [126.9520567, 37.4589503],
            [126.9520715, 37.4589556],
            [126.9520769, 37.4589661],
            [126.9520908, 37.4589707],
            [126.952097, 37.4589814],
            [126.9521118, 37.4589866],
            [126.9521178, 37.4589976],
            [126.9521313, 37.4590019],
            [126.9521376, 37.4590132],
            [126.9521521, 37.4590179],
            [126.9521587, 37.4590284],
            [126.9521742, 37.4590347],
            [126.9521796, 37.4590448],
            [126.9521924, 37.4590489],
            [126.9521992, 37.4590599],
            [126.9522134, 37.4590644],
            [126.9522194, 37.4590754],
            [126.9522342, 37.4590805],
            [126.9522403, 37.4590909],
            [126.952255, 37.4590963],
            [126.9522595, 37.459106],
            [126.9522737, 37.4591116],
            [126.9522798, 37.4591218],
            [126.9522941, 37.459127],
            [126.9523021, 37.4591389],
            [126.9523153, 37.4591439],
            [126.9523218, 37.4591545],
            [126.9523364, 37.4591591],
            [126.9523414, 37.4591689],
            [126.9523556, 37.4591745],
            [126.9523621, 37.4591849],
            [126.9523782, 37.4591921],
            [126.9523816, 37.4592001],
            [126.9523957, 37.4592055],
            [126.9524026, 37.4592165],
            [126.9524159, 37.4592208],
            [126.9524226, 37.4592322],
            [126.9524371, 37.4592364],
            [126.9524436, 37.4592483],
            [126.952456, 37.4592517],
            [126.9524642, 37.4592641],
            [126.9524775, 37.4592681],
            [126.9524842, 37.4592794],
            [126.9524985, 37.4592838],
            [126.9525039, 37.4592937],
            [126.952519, 37.4592992],
            [126.9525243, 37.4593098],
            [126.9525379, 37.4593146],
            [126.9525454, 37.4593264],
            [126.952559, 37.4593312],
            [126.9525654, 37.459342],
            [126.95258, 37.4593466],
            [126.9525852, 37.459357],
            [126.9526005, 37.4593622],
            [126.9526058, 37.4593729],
            [126.9526214, 37.4593778],
            [126.952626, 37.4593879],
            [126.9526418, 37.4593942],
            [126.952647, 37.4594049],
            [126.9526607, 37.4594092],
            [126.952667, 37.4594195],
            [126.9526806, 37.4594247],
            [126.9526863, 37.4594347],
            [126.952702, 37.4594403],
            [126.9527086, 37.4594508],
            [126.9527221, 37.4594566],
            [126.9527284, 37.4594672],
            [126.9527412, 37.4594706],
            [126.9527464, 37.4594799],
            [126.9527628, 37.4594875],
            [126.9527688, 37.4594973],
            [126.9527833, 37.4595034],
            [126.95279, 37.4595147],
            [126.9528027, 37.4595181],
            [126.9528101, 37.4595293],
            [126.9528239, 37.4595341],
            [126.9528306, 37.4595453],
            [126.9528458, 37.4595502],
            [126.952851, 37.4595608],
            [126.9528656, 37.4595657],
            [126.9528712, 37.459576],
            [126.9528853, 37.4595817],
            [126.9528922, 37.459592],
            [126.952905, 37.4595968],
            [126.9529078, 37.4596026],
            [126.9529116, 37.4595965],
            [126.9529254, 37.4595913],
            [126.9529315, 37.459581],
            [126.9529453, 37.4595748],
            [126.9529522, 37.4595628],
            [126.9529651, 37.4595584],
            [126.9529708, 37.4595477],
            [126.952983, 37.4595432],
            [126.9529889, 37.4595322],
            [126.9530025, 37.459527],
            [126.9530092, 37.4595154],
            [126.9530227, 37.459511],
            [126.953029, 37.4594989],
            [126.953043, 37.4594938],
            [126.9530494, 37.4594821],
            [126.9530626, 37.4594775],
            [126.9530692, 37.4594661],
            [126.9530832, 37.4594618],
            [126.9530876, 37.4594508],
            [126.953101, 37.4594454],
            [126.953107, 37.4594348],
            [126.9531217, 37.4594299],
            [126.953127, 37.4594183],
            [126.9531403, 37.4594136],
            [126.9531465, 37.4594021],
            [126.9531536, 37.4593992],
            [126.9531453, 37.4593953],
            [126.9531393, 37.4593868],
            [126.9531277, 37.4593829],
            [126.953121, 37.4593722],
            [126.9531053, 37.4593669],
            [126.9530993, 37.4593556],
            [126.9530849, 37.4593494],
            [126.9530794, 37.45934],
            [126.953065, 37.4593342],
            [126.9530583, 37.4593231],
            [126.9530442, 37.4593174],
            [126.9530372, 37.4593072],
            [126.9530244, 37.4593019],
            [126.9530184, 37.4592914],
            [126.9530057, 37.4592868],
            [126.9529979, 37.4592767],
            [126.9529829, 37.4592723],
            [126.9529773, 37.4592613],
            [126.9529627, 37.4592554],
            [126.9529559, 37.459245],
            [126.9529443, 37.4592405],
            [126.9529376, 37.4592312],
            [126.9529232, 37.4592243],
            [126.9529144, 37.4592132],
            [126.9529012, 37.459209],
            [126.9528941, 37.4591979],
            [126.9528819, 37.4591932],
            [126.9528755, 37.4591828],
            [126.9528614, 37.4591769],
            [126.952855, 37.4591673],
            [126.952842, 37.4591614],
            [126.9528342, 37.4591512],
            [126.9528202, 37.459146],
            [126.9528143, 37.4591362],
            [126.9528007, 37.4591304],
            [126.9527937, 37.4591207],
            [126.9527803, 37.459115],
            [126.9527719, 37.459104],
            [126.9527605, 37.4590998],
            [126.9527526, 37.4590889],
            [126.9527386, 37.4590831],
            [126.9527309, 37.4590723],
            [126.9527188, 37.4590677],
            [126.9527107, 37.4590567],
            [126.9526988, 37.4590514],
            [126.9526914, 37.4590424],
            [126.9526785, 37.4590365],
            [126.9526723, 37.4590271],
            [126.9526596, 37.4590213],
            [126.9526516, 37.4590113],
            [126.9526381, 37.4590055],
            [126.9526325, 37.4589955],
            [126.9526187, 37.4589909],
            [126.952611, 37.45898],
            [126.9525969, 37.4589739],
            [126.9525902, 37.4589641],
            [126.9525765, 37.4589582],
            [126.9525706, 37.4589478],
            [126.9525558, 37.4589425],
            [126.952549, 37.4589318],
            [126.9525359, 37.4589273],
            [126.9525303, 37.4589167],
            [126.9525161, 37.4589108],
            [126.952508, 37.4589004],
            [126.9524953, 37.4588959],
            [126.9524886, 37.458886],
            [126.9524752, 37.4588802],
            [126.9524684, 37.4588697],
            [126.952454, 37.4588651],
            [126.9524483, 37.4588539],
            [126.9524357, 37.4588495],
            [126.9524273, 37.4588381],
            [126.9524152, 37.4588345],
            [126.9524084, 37.4588227],
            [126.9523947, 37.4588178],
            [126.9523879, 37.4588066],
            [126.952375, 37.4588022],
            [126.9523681, 37.4587925],
            [126.9523549, 37.4587868],
            [126.9523473, 37.4587777],
            [126.9523339, 37.4587717],
            [126.9523259, 37.45876],
            [126.9523129, 37.4587566],
            [126.9523053, 37.4587445],
            [126.9522918, 37.4587397],
            [126.9522862, 37.4587288],
            [126.9522726, 37.458724],
            [126.9522661, 37.4587142],
            [126.9522529, 37.458709],
            [126.9522449, 37.4586977],
            [126.9522304, 37.4586934],
            [126.9522245, 37.4586826],
            [126.9522101, 37.4586771],
            [126.952202, 37.4586657],
            [126.9521886, 37.4586613],
            [126.9521839, 37.4586506],
            [126.9521688, 37.458646],
            [126.9521623, 37.4586345],
            [126.9521487, 37.4586301],
            [126.952144, 37.4586206],
            [126.9521287, 37.4586153],
            [126.9521236, 37.458604],
            [126.9521099, 37.458599],
            [126.9521038, 37.458588],
            [126.9520884, 37.4585839],
            [126.9520826, 37.4585724],
            [126.9520688, 37.4585689],
            [126.9520622, 37.458557],
            [126.9520484, 37.4585519],
            [126.9520425, 37.4585416],
            [126.9520291, 37.4585369],
            [126.9520222, 37.4585254],
            [126.9520079, 37.4585214],
            [126.9520018, 37.4585098],
            [126.9519865, 37.4585053],
            [126.951982, 37.4584941],
            [126.9519676, 37.4584906],
            [126.95196, 37.4584779],
            [126.9519455, 37.4584732],
            [126.9519403, 37.4584629],
            [126.9519278, 37.4584571],
            [126.9519203, 37.4584471],
            [126.9519062, 37.4584429],
            [126.9518996, 37.4584319],
            [126.9518857, 37.4584255],
            [126.9518787, 37.4584154],
            [126.9518663, 37.4584111],
            [126.9518585, 37.4584001],
            [126.9518454, 37.4583939],
            [126.9518388, 37.4583847],
            [126.9518258, 37.4583801],
            [126.9518184, 37.4583698],
            [126.9518058, 37.4583659]
          ]
        ]
      }
    },
    {
      "type": "Feature",
      "id": "B0010000000RF269Z",
      "properties": {
        "label": "63동학생회관"
      },
      "geometry": {
        "type": "Polygon",
        "coordinates": [
          [
            [126.9507818, 37.4593576],
            [126.9507723, 37.4593387],
            [126.950744, 37.4593465],
            [126.9507369, 37.4593327],
            [126.950733, 37.4593335],
            [126.9506703, 37.4592119],
            [126.9510456, 37.4590974],
            [126.9509835, 37.4589746],
            [126.9509944, 37.4589543],
            [126.950946, 37.4589387],
            [126.9509301, 37.4589078],
            [126.9503544, 37.4590922],
            [126.9503614, 37.4591059],
            [126.9503936, 37.4591694],
            [126.9503744, 37.459174],
            [126.9504292, 37.459282],
            [126.9504462, 37.4592773],
            [126.950483, 37.4593512],
            [126.9501973, 37.4594404],
            [126.9502127, 37.4594708],
            [126.9501696, 37.4594845],
            [126.9502448, 37.4596373],
            [126.9502885, 37.4596239],
            [126.9503177, 37.4596822],
            [126.9505214, 37.4596173],
            [126.9505227, 37.4596196],
            [126.9508313, 37.4595198],
            [126.9508277, 37.4595127],
            [126.9508558, 37.4595054],
            [126.9507818, 37.4593576]
          ]
        ]
      }
    },
    {
      "type": "Feature",
      "id": "B0010000000RF264U",
      "properties": {
        "label": "62동중앙도서관본관"
      },
      "geometry": {
        "type": "Polygon",
        "coordinates": [
          [
            [126.9521942, 37.4597796],
            [126.9523698, 37.4596331],
            [126.9524316, 37.4596805],
            [126.9526501, 37.4595009],
            [126.9525863, 37.4594518],
            [126.952646, 37.4594037],
            [126.9526416, 37.4593945],
            [126.9526256, 37.4593881],
            [126.9526211, 37.459378],
            [126.9526052, 37.459373],
            [126.9526004, 37.4593628],
            [126.9525849, 37.4593572],
            [126.9525798, 37.459347],
            [126.9525649, 37.4593422],
            [126.9525587, 37.4593316],
            [126.952545, 37.4593267],
            [126.9525377, 37.4593151],
            [126.952524, 37.4593102],
            [126.9525187, 37.4592996],
            [126.9525033, 37.4592941],
            [126.9524982, 37.4592844],
            [126.9524834, 37.4592796],
            [126.9524772, 37.4592685],
            [126.9524634, 37.4592644],
            [126.9524555, 37.4592521],
            [126.952443, 37.4592486],
            [126.9524369, 37.459237],
            [126.9524221, 37.4592326],
            [126.9524155, 37.4592211],
            [126.952402, 37.4592169],
            [126.9523956, 37.4592061],
            [126.9523811, 37.4592006],
            [126.9523777, 37.4591925],
            [126.9523615, 37.4591855],
            [126.9523554, 37.4591752],
            [126.9523408, 37.4591693],
            [126.9523359, 37.4591595],
            [126.9523213, 37.4591549],
            [126.9523151, 37.4591446],
            [126.9523014, 37.4591393],
            [126.9522939, 37.4591276],
            [126.9522792, 37.4591221],
            [126.9522733, 37.4591121],
            [126.9522589, 37.4591064],
            [126.9522548, 37.459097],
            [126.9522397, 37.4590913],
            [126.9522338, 37.4590811],
            [126.9522188, 37.4590759],
            [126.9522132, 37.459065],
            [126.9521983, 37.4590603],
            [126.9521921, 37.4590493],
            [126.9521791, 37.4590452],
            [126.9521739, 37.4590353],
            [126.9521581, 37.4590289],
            [126.9521516, 37.4590184],
            [126.9521373, 37.4590138],
            [126.9521311, 37.4590026],
            [126.9521172, 37.458998],
            [126.9521114, 37.4589873],
            [126.9520964, 37.458982],
            [126.9520904, 37.4589711],
            [126.9520762, 37.4589666],
            [126.9520711, 37.4589563],
            [126.9520556, 37.4589508],
            [126.95205, 37.4589401],
            [126.9520352, 37.4589362],
            [126.9520301, 37.458924],
            [126.9520145, 37.4589192],
            [126.9520092, 37.458908],
            [126.9519951, 37.4589041],
            [126.9519893, 37.4588935],
            [126.9519746, 37.4588881],
            [126.9519696, 37.4588783],
            [126.9519545, 37.4588728],
            [126.9519483, 37.4588621],
            [126.9519333, 37.4588567],
            [126.9518721, 37.4589036],
            [126.9518134, 37.4588568],
            [126.9515934, 37.4590391],
            [126.9516556, 37.4590854],
            [126.9514789, 37.4592326],
            [126.9521942, 37.4597796]
          ]
        ]
      }
    },
    {
      "type": "Feature",
      "id": "B0010000000RF25TI",
      "properties": {
        "label": null
      },
      "geometry": {
        "type": "Polygon",
        "coordinates": [
          [
            [126.9546086, 37.4598704],
            [126.9545875, 37.4598432],
            [126.9545274, 37.4598711],
            [126.9545498, 37.4599],
            [126.9546086, 37.4598704]
          ]
        ]
      }
    },
    {
      "type": "Feature",
      "id": "B0010000000RF25G5",
      "properties": {
        "label": null
      },
      "geometry": {
        "type": "Polygon",
        "coordinates": [
          [
            [126.9609899, 37.4626635],
            [126.9609834, 37.4626463],
            [126.9609724, 37.4626481],
            [126.9609787, 37.4626673],
            [126.9609899, 37.4626635]
          ]
        ]
      }
    },
    {
      "type": "Feature",
      "id": "B0010000000RF25F4",
      "properties": {
        "label": null
      },
      "geometry": {
        "type": "Polygon",
        "coordinates": [
          [
            [126.9609284, 37.462665],
            [126.9609148, 37.4625839],
            [126.9608479, 37.4625903],
            [126.9608632, 37.4626721],
            [126.9609284, 37.462665]
          ]
        ]
      }
    },
    {
      "type": "Feature",
      "id": "B0010000000RF25C1",
      "properties": {
        "label": null
      },
      "geometry": {
        "type": "Polygon",
        "coordinates": [
          [
            [126.9605347, 37.4648631],
            [126.9605016, 37.4648465],
            [126.9604789, 37.4648717],
            [126.9605133, 37.4648891],
            [126.9605347, 37.4648631]
          ]
        ]
      }
    },
    {
      "type": "Feature",
      "id": "B0010000000RF25AZ",
      "properties": {
        "label": "사범대학10동"
      },
      "geometry": {
        "type": "Polygon",
        "coordinates": [
          [
            [126.9556596, 37.4602395],
            [126.9555456, 37.46009],
            [126.9555034, 37.4601108],
            [126.9554902, 37.4600941],
            [126.9555454, 37.4600677],
            [126.9555164, 37.4600307],
            [126.9553897, 37.4600907],
            [126.9553948, 37.4600969],
            [126.9553682, 37.4601099],
            [126.9553978, 37.4601481],
            [126.9550747, 37.4603057],
            [126.9551962, 37.4604645],
            [126.9556596, 37.4602395]
          ]
        ]
      }
    },
    {
      "type": "Feature",
      "id": "B0010000000RF259Y",
      "properties": {
        "label": null
      },
      "geometry": {
        "type": "Polygon",
        "coordinates": [
          [
            [126.9559101, 37.4605405],
            [126.9558851, 37.4605093],
            [126.9558547, 37.4605248],
            [126.9558605, 37.4605309],
            [126.9558504, 37.4605364],
            [126.9558685, 37.4605608],
            [126.9559101, 37.4605405]
          ]
        ]
      }
    },
    {
      "type": "Feature",
      "id": "B0010000000RF256V",
      "properties": {
        "label": null
      },
      "geometry": {
        "type": "Polygon",
        "coordinates": [
          [
            [126.9559701, 37.4606986],
            [126.9559527, 37.4606752],
            [126.9559391, 37.4606821],
            [126.9559565, 37.460705],
            [126.9559701, 37.4606986]
          ]
        ]
      }
    },
    {
      "type": "Feature",
      "id": "B0010000000RF255U",
      "properties": {
        "label": "대학원생활관관악사904동"
      },
      "geometry": {
        "type": "Polygon",
        "coordinates": [
          [
            [126.9574908, 37.4607599],
            [126.9576745, 37.46044],
            [126.9580748, 37.4605875],
            [126.9581144, 37.4605165],
            [126.958105, 37.4605128],
            [126.958133, 37.4604616],
            [126.9579364, 37.4603894],
            [126.9579259, 37.4604055],
            [126.9578551, 37.4603807],
            [126.9578642, 37.4603634],
            [126.9575912, 37.4602636],
            [126.9573436, 37.4606953],
            [126.9574054, 37.4607182],
            [126.9574004, 37.4607281],
            [126.9574908, 37.4607599]
          ]
        ]
      }
    },
    {
      "type": "Feature",
      "id": "B0010000000RF254T",
      "properties": {
        "label": null
      },
      "geometry": {
        "type": "Polygon",
        "coordinates": [
          [
            [126.958627, 37.4607487],
            [126.958589, 37.4607356],
            [126.9585811, 37.4607496],
            [126.9586184, 37.4607637],
            [126.958627, 37.4607487]
          ]
        ]
      }
    },
    {
      "type": "Feature",
      "id": "B0010000000RF24ZN",
      "properties": {
        "label": "76동제4식당서당골"
      },
      "geometry": {
        "type": "Polygon",
        "coordinates": [
          [
            [126.9558733, 37.4606469],
            [126.9558445, 37.4606099],
            [126.9558421, 37.4606067],
            [126.9558231, 37.460616],
            [126.9557787, 37.4605575],
            [126.9554798, 37.4607035],
            [126.9556129, 37.4608763],
            [126.9559311, 37.4607213],
            [126.9558733, 37.4606469]
          ]
        ]
      }
    },
    {
      "type": "Feature",
      "id": "B0010000000RF24YM",
      "properties": {
        "label": "대학원생활관관악사918동"
      },
      "geometry": {
        "type": "Polygon",
        "coordinates": [
          [
            [126.9590026, 37.4607902],
            [126.9588396, 37.4607319],
            [126.9588368, 37.4607364],
            [126.9587831, 37.4607162],
            [126.9587019, 37.460507],
            [126.9586918, 37.4605096],
            [126.9586726, 37.4604695],
            [126.9586869, 37.4604427],
            [126.958579, 37.4604026],
            [126.9585582, 37.4603515],
            [126.9585672, 37.4603495],
            [126.9585077, 37.4602152],
            [126.9584632, 37.4602259],
            [126.9584512, 37.4601984],
            [126.9584181, 37.4602072],
            [126.9584316, 37.460237],
            [126.9583869, 37.4602486],
            [126.9584473, 37.4603823],
            [126.9584561, 37.4603805],
            [126.9584898, 37.4604582],
            [126.9584016, 37.4604261],
            [126.9584237, 37.4603882],
            [126.9583718, 37.4603656],
            [126.9582757, 37.4605195],
            [126.9584191, 37.4605747],
            [126.958462, 37.4605014],
            [126.9585231, 37.4604844],
            [126.9585564, 37.4605011],
            [126.958561, 37.4604939],
            [126.9585725, 37.4604983],
            [126.9586108, 37.4605827],
            [126.9586014, 37.4605857],
            [126.958661, 37.4607199],
            [126.9586723, 37.4607172],
            [126.9587071, 37.4607298],
            [126.9586827, 37.4607727],
            [126.9587903, 37.4608143],
            [126.958786, 37.4608206],
            [126.958948, 37.4608822],
            [126.9589598, 37.4608643],
            [126.958968, 37.460864],
            [126.9589763, 37.4608638],
            [126.9589835, 37.4608622],
            [126.9589892, 37.4608607],
            [126.958994, 37.4608584],
            [126.9589995, 37.4608554],
            [126.9590038, 37.4608506],
            [126.9590062, 37.4608466],
            [126.9590081, 37.4608418],
            [126.9590087, 37.4608377],
            [126.9590084, 37.4608331],
            [126.959007, 37.4608275],
            [126.9590043, 37.4608236],
            [126.9590002, 37.4608183],
            [126.9589944, 37.4608135],
            [126.9589909, 37.4608107],
            [126.9590026, 37.4607902]
          ]
        ]
      }
    },
    {
      "type": "Feature",
      "id": "B0010000000RF24RF",
      "properties": {
        "label": "대학원생활관관악사903동"
      },
      "geometry": {
        "type": "Polygon",
        "coordinates": [
          [
            [126.9576293, 37.4608824],
            [126.9575945, 37.4608698],
            [126.9575071, 37.460838],
            [126.9574664, 37.4609082],
            [126.9575062, 37.4609226],
            [126.9574145, 37.4610819],
            [126.9575015, 37.4611136],
            [126.9575203, 37.4610824],
            [126.9577191, 37.4611548],
            [126.9577608, 37.461086],
            [126.9577195, 37.461072],
            [126.9578122, 37.4609107],
            [126.9577249, 37.4608791],
            [126.9577061, 37.4609103],
            [126.9576293, 37.4608824]
          ]
        ]
      }
    },
    {
      "type": "Feature",
      "id": "B0010000000RF24QE",
      "properties": {
        "label": "주차타워"
      },
      "geometry": {
        "type": "Polygon",
        "coordinates": [
          [
            [126.9563088, 37.4610251],
            [126.956082, 37.4607303],
            [126.9555648, 37.460981],
            [126.9555918, 37.4610149],
            [126.955548, 37.461037],
            [126.9557532, 37.4613045],
            [126.9563088, 37.4610251]
          ]
        ]
      }
    },
    {
      "type": "Feature",
      "id": "B0010000000RF24MA",
      "properties": {
        "label": "대학원생활관관악사905동"
      },
      "geometry": {
        "type": "Polygon",
        "coordinates": [
          [
            [126.9584694, 37.4608399],
            [126.9583177, 37.4607843],
            [126.9581664, 37.461048],
            [126.9586685, 37.4612318],
            [126.9585385, 37.4614558],
            [126.9585691, 37.4614663],
            [126.9585171, 37.4615556],
            [126.9586193, 37.4615924],
            [126.9588671, 37.461157],
            [126.9583916, 37.4609775],
            [126.9584694, 37.4608399]
          ]
        ]
      }
    },
    {
      "type": "Feature",
      "id": "B0010000000RF24K8",
      "properties": {
        "label": "대학원생활관관악사900동,관악사민원센터"
      },
      "geometry": {
        "type": "Polygon",
        "coordinates": [
          [
            [126.9581321, 37.4616311],
            [126.9582633, 37.4614003],
            [126.9581015, 37.4613434],
            [126.9581244, 37.4613083],
            [126.9580347, 37.4612764],
            [126.9579437, 37.4614359],
            [126.9579021, 37.4614211],
            [126.9578624, 37.4614932],
            [126.9580616, 37.4615656],
            [126.9580423, 37.4615986],
            [126.9581321, 37.4616311]
          ]
        ]
      }
    },
    {
      "type": "Feature",
      "id": "B0010000000RF24J7",
      "properties": {
        "label": "대학원생활관관악사902동"
      },
      "geometry": {
        "type": "Polygon",
        "coordinates": [
          [
            [126.9574497, 37.4616318],
            [126.9574095, 37.4616166],
            [126.9575031, 37.4614584],
            [126.9574135, 37.4614259],
            [126.9573947, 37.4614579],
            [126.9571958, 37.461384],
            [126.9571551, 37.4614552],
            [126.9571952, 37.4614687],
            [126.9571035, 37.4616282],
            [126.9571902, 37.4616594],
            [126.9572074, 37.4616292],
            [126.9574098, 37.4617022],
            [126.9574497, 37.4616318]
          ]
        ]
      }
    },
    {
      "type": "Feature",
      "id": "B0010000000RF24E2",
      "properties": {
        "label": null
      },
      "geometry": {
        "type": "Polygon",
        "coordinates": [
          [
            [126.9576206, 37.4620983],
            [126.9576179, 37.462098],
            [126.9576117, 37.4621338],
            [126.957831, 37.4621611],
            [126.9578379, 37.462124],
            [126.9576206, 37.4620983]
          ]
        ]
      }
    },
    {
      "type": "Feature",
      "id": "B0010000000RF24D1",
      "properties": {
        "label": "대학원생활관관악사901동"
      },
      "geometry": {
        "type": "Polygon",
        "coordinates": [
          [
            [126.9579288, 37.4621724],
            [126.9579626, 37.4619988],
            [126.9580056, 37.4620033],
            [126.9580201, 37.4619258],
            [126.957802, 37.4618991],
            [126.9578086, 37.461864],
            [126.9577121, 37.4618526],
            [126.9576787, 37.462026],
            [126.9576343, 37.4620211],
            [126.9576207, 37.4620982],
            [126.957838, 37.4621239],
            [126.9578312, 37.4621611],
            [126.9579288, 37.4621724]
          ]
        ]
      }
    },
    {
      "type": "Feature",
      "id": "B0010000000RF247V",
      "properties": {
        "label": "대학원생활관관악사901동학부생활관"
      },
      "geometry": {
        "type": "Polygon",
        "coordinates": [
          [
            [126.9583773, 37.4626771],
            [126.9584885, 37.4620932],
            [126.9583229, 37.4620734],
            [126.958238, 37.4625265],
            [126.9580179, 37.4625003],
            [126.9579938, 37.4626327],
            [126.9583773, 37.4626771]
          ]
        ]
      }
    },
    {
      "type": "Feature",
      "id": "B0010000000RF245T",
      "properties": {
        "label": "관악학생생활관919-C동"
      },
      "geometry": {
        "type": "Polygon",
        "coordinates": [
          [
            [126.958989, 37.4629734],
            [126.9589901, 37.4629613],
            [126.9590004, 37.4629617],
            [126.9590024, 37.4629484],
            [126.9590177, 37.4629498],
            [126.95902, 37.4629232],
            [126.9590245, 37.4629235],
            [126.9590313, 37.4628659],
            [126.9589923, 37.4628636],
            [126.9589939, 37.4628457],
            [126.9590324, 37.4628486],
            [126.9590431, 37.4627657],
            [126.9590224, 37.4627647],
            [126.9590237, 37.4627516],
            [126.9590105, 37.4627502],
            [126.9590123, 37.4627338],
            [126.9589452, 37.462729],
            [126.9589459, 37.4627175],
            [126.9589324, 37.4627163],
            [126.9589336, 37.4627043],
            [126.958969, 37.4627062],
            [126.9589772, 37.4626228],
            [126.9589391, 37.4626211],
            [126.9589409, 37.4626034],
            [126.9589796, 37.4626053],
            [126.958986, 37.4625505],
            [126.9589821, 37.4625504],
            [126.9589855, 37.4625227],
            [126.9589721, 37.4625215],
            [126.9589731, 37.4625093],
            [126.9589642, 37.4625089],
            [126.9589656, 37.4624946],
            [126.9589201, 37.462492],
            [126.9589199, 37.4624942],
            [126.9588565, 37.4624906],
            [126.9588568, 37.4624879],
            [126.9588148, 37.4624852],
            [126.9588138, 37.4624967],
            [126.9588032, 37.4624962],
            [126.9588018, 37.462509],
            [126.9587875, 37.4625082],
            [126.9587848, 37.4625346],
            [126.9587796, 37.4625344],
            [126.958774, 37.4625908],
            [126.9588136, 37.462594],
            [126.9588114, 37.4626133],
            [126.958771, 37.4626102],
            [126.958762, 37.4626916],
            [126.9587833, 37.4626931],
            [126.958782, 37.4627056],
            [126.9587952, 37.4627062],
            [126.9587933, 37.4627227],
            [126.9588602, 37.4627282],
            [126.9588592, 37.4627396],
            [126.9588729, 37.4627412],
            [126.9588714, 37.4627532],
            [126.958837, 37.4627516],
            [126.9588269, 37.4628335],
            [126.9588669, 37.4628362],
            [126.9588648, 37.4628558],
            [126.9588252, 37.4628527],
            [126.9588177, 37.4629081],
            [126.9588222, 37.4629082],
            [126.9588194, 37.4629354],
            [126.9588342, 37.4629365],
            [126.9588325, 37.4629497],
            [126.9588424, 37.4629505],
            [126.9588417, 37.4629628],
            [126.9588849, 37.4629657],
            [126.9588853, 37.4629642],
            [126.9589467, 37.4629686],
            [126.9589467, 37.4629707],
            [126.958989, 37.4629734]
          ]
        ]
      }
    },
    {
      "type": "Feature",
      "id": "B0010000000RF241P",
      "properties": {
        "label": "관악학생생활관919-B동"
      },
      "geometry": {
        "type": "Polygon",
        "coordinates": [
          [
            [126.9587696, 37.4633001],
            [126.9587894, 37.4631248],
            [126.958794, 37.4631253],
            [126.9587955, 37.4631115],
            [126.9589312, 37.4631209],
            [126.9589403, 37.4630374],
            [126.9587848, 37.4630271],
            [126.9587865, 37.4630124],
            [126.9587162, 37.4630079],
            [126.9587147, 37.4630206],
            [126.9584616, 37.4630039],
            [126.9584585, 37.463],
            [126.9584545, 37.4629968],
            [126.958447, 37.462993],
            [126.9584401, 37.4629898],
            [126.958432, 37.4629881],
            [126.9584227, 37.4629875],
            [126.9584129, 37.4629877],
            [126.958404, 37.4629889],
            [126.9584039, 37.4629866],
            [126.9581927, 37.4629716],
            [126.9581817, 37.4630643],
            [126.9583846, 37.4630784],
            [126.9583832, 37.4630929],
            [126.9586731, 37.4631138],
            [126.9586522, 37.4632917],
            [126.9587696, 37.4633001]
          ]
        ]
      }
    },
    {
      "type": "Feature",
      "id": "B0010000000RF240O",
      "properties": {
        "label": "관악학생생활관922동"
      },
      "geometry": {
        "type": "Polygon",
        "coordinates": [
          [
            [126.9592815, 37.4628643],
            [126.9592477, 37.4628612],
            [126.9591956, 37.4628562],
            [126.9591659, 37.4630583],
            [126.9592378, 37.4630634],
            [126.959205, 37.46329],
            [126.9592668, 37.4632958],
            [126.9593269, 37.4633014],
            [126.9593514, 37.4633037],
            [126.9593846, 37.463074],
            [126.9593567, 37.4630714],
            [126.9593577, 37.4630644],
            [126.9594063, 37.463069],
            [126.959425, 37.463057],
            [126.9594318, 37.4630138],
            [126.9594157, 37.4629976],
            [126.9593663, 37.4629915],
            [126.9593426, 37.4630046],
            [126.9593365, 37.4630415],
            [126.9593157, 37.4630392],
            [126.9593425, 37.4628701],
            [126.9592815, 37.4628643]
          ]
        ]
      }
    },
    {
      "type": "Feature",
      "id": "B0010000000RF23XK",
      "properties": {
        "label": "관악학생생활관923동"
      },
      "geometry": {
        "type": "Polygon",
        "coordinates": [
          [
            [126.9595639, 37.4633311],
            [126.9595666, 37.4633202],
            [126.9594912, 37.4633126],
            [126.9594892, 37.4633246],
            [126.9593835, 37.4633149],
            [126.9593674, 37.4634308],
            [126.9596905, 37.4634609],
            [126.9597075, 37.4633439],
            [126.9595639, 37.4633311]
          ]
        ]
      }
    },
    {
      "type": "Feature",
      "id": "B0010000000RF23UH",
      "properties": {
        "label": "관악학생생활관919-A동"
      },
      "geometry": {
        "type": "Polygon",
        "coordinates": [
          [
            [126.9584464, 37.4634326],
            [126.958517, 37.4631761],
            [126.958203, 37.4631508],
            [126.9581742, 37.4633998],
            [126.9581441, 37.4633983],
            [126.9581336, 37.4634918],
            [126.9583357, 37.4635061],
            [126.9583342, 37.4635204],
            [126.9587446, 37.46355],
            [126.9587563, 37.4634549],
            [126.9584464, 37.4634326]
          ]
        ]
      }
    },
    {
      "type": "Feature",
      "id": "B0010000000RF23SF",
      "properties": {
        "label": "관악학생생활관921동"
      },
      "geometry": {
        "type": "Polygon",
        "coordinates": [
          [
            [126.958985, 37.4636491],
            [126.9590171, 37.463424],
            [126.9590883, 37.4634301],
            [126.9591164, 37.4632275],
            [126.9589704, 37.4632142],
            [126.958946, 37.463385],
            [126.9589275, 37.4633831],
            [126.9589335, 37.4633467],
            [126.9589168, 37.4633301],
            [126.9588646, 37.463325],
            [126.9588429, 37.4633387],
            [126.9588367, 37.4633811],
            [126.9588532, 37.4633975],
            [126.9588992, 37.4634014],
            [126.9588981, 37.463408],
            [126.9588723, 37.4634052],
            [126.9588387, 37.4636354],
            [126.958985, 37.4636491]
          ]
        ]
      }
    },
    {
      "type": "Feature",
      "id": "B0010000000RF23QD",
      "properties": {
        "label": "관악학생생활관924동"
      },
      "geometry": {
        "type": "Polygon",
        "coordinates": [
          [
            [126.9593122, 37.4635686],
            [126.9593059, 37.4636131],
            [126.9593029, 37.4636345],
            [126.9595916, 37.4636609],
            [126.9595945, 37.4636392],
            [126.9596015, 37.46364],
            [126.9595964, 37.4636759],
            [126.9596144, 37.4636936],
            [126.9596652, 37.4636988],
            [126.959687, 37.4636856],
            [126.959694, 37.4636412],
            [126.9596762, 37.4636256],
            [126.9596302, 37.4636229],
            [126.9596322, 37.463608],
            [126.9598464, 37.4636264],
            [126.959862, 37.4635107],
            [126.9596104, 37.4634873],
            [126.9596022, 37.4635431],
            [126.9593194, 37.4635184],
            [126.9593122, 37.4635686]
          ]
        ]
      }
    },
    {
      "type": "Feature",
      "id": "B0010000000RF23NA",
      "properties": {
        "label": "관악학생생활관920동,아고리움,관악방범센터"
      },
      "geometry": {
        "type": "Polygon",
        "coordinates": [
          [
            [126.9592305, 37.4640954],
            [126.9592437, 37.463994],
            [126.9591817, 37.4639878],
            [126.9591903, 37.463929],
            [126.9592264, 37.4638987],
            [126.9592412, 37.4637991],
            [126.9592172, 37.4637705],
            [126.9590895, 37.4637588],
            [126.9590537, 37.4637812],
            [126.9590223, 37.4637781],
            [126.9589891, 37.4638003],
            [126.9589856, 37.4638214],
            [126.9589876, 37.4638231],
            [126.9589508, 37.4638463],
            [126.9589494, 37.4638448],
            [126.9589236, 37.4638426],
            [126.9588876, 37.4638657],
            [126.9588844, 37.4638895],
            [126.9588498, 37.4639115],
            [126.9588359, 37.4640091],
            [126.9588662, 37.4640394],
            [126.9589875, 37.4640495],
            [126.9590266, 37.4640267],
            [126.9591083, 37.4640351],
            [126.9591027, 37.4640839],
            [126.9592305, 37.4640954]
          ]
        ]
      }
    },
    {
      "type": "Feature",
      "id": "B0010000000RF23L8",
      "properties": {
        "label": null
      },
      "geometry": {
        "type": "Polygon",
        "coordinates": [
          [
            [126.9596872, 37.4642789],
            [126.9599876, 37.4639248],
            [126.9597595, 37.4638052],
            [126.9594652, 37.4641604],
            [126.9595813, 37.464265],
            [126.9596176, 37.46424],
            [126.9596872, 37.4642789]
          ]
        ]
      }
    },
    {
      "type": "Feature",
      "id": "B0010000000RF23J6",
      "properties": {
        "label": "관악학생생활관926동"
      },
      "geometry": {
        "type": "Polygon",
        "coordinates": [
          [
            [126.9590539, 37.4643434],
            [126.959056, 37.4643299],
            [126.9591619, 37.4643412],
            [126.9591798, 37.4642262],
            [126.9588564, 37.4641947],
            [126.9588393, 37.4643098],
            [126.9589801, 37.4643234],
            [126.9589779, 37.464336],
            [126.9590539, 37.4643434]
          ]
        ]
      }
    },
    {
      "type": "Feature",
      "id": "B0010000000RF23I5",
      "properties": {
        "label": null
      },
      "geometry": {
        "type": "Polygon",
        "coordinates": [
          [
            [126.9579747, 37.4643386],
            [126.9579704, 37.4643385],
            [126.9579634, 37.4643397],
            [126.9579578, 37.4643718],
            [126.9579616, 37.4643726],
            [126.9579684, 37.4643741],
            [126.9579758, 37.4643731],
            [126.957983, 37.4643407],
            [126.9579772, 37.4643394],
            [126.9579747, 37.4643386]
          ]
        ]
      }
    },
    {
      "type": "Feature",
      "id": "B0010000000RF23H4",
      "properties": {
        "label": "관악학생생활관925동"
      },
      "geometry": {
        "type": "Polygon",
        "coordinates": [
          [
            [126.9586969, 37.4643915],
            [126.9587258, 37.4641896],
            [126.9586882, 37.4641866],
            [126.9587004, 37.4641208],
            [126.9586641, 37.4641171],
            [126.9586883, 37.4639574],
            [126.9585431, 37.4639445],
            [126.9585106, 37.4641753],
            [126.9585361, 37.4641784],
            [126.9585351, 37.4641848],
            [126.9584883, 37.4641795],
            [126.9584684, 37.4641928],
            [126.9584619, 37.4642357],
            [126.9584783, 37.4642518],
            [126.9585321, 37.4642566],
            [126.9585519, 37.4642433],
            [126.958557, 37.464207],
            [126.9585771, 37.4642091],
            [126.9585523, 37.4643792],
            [126.9586969, 37.4643915]
          ]
        ]
      }
    },
    {
      "type": "Feature",
      "id": "B0010000000RF23D0",
      "properties": {
        "label": null
      },
      "geometry": {
        "type": "Polygon",
        "coordinates": [
          [
            [126.9588319, 37.4646716],
            [126.9588318, 37.4646621],
            [126.9588069, 37.464663],
            [126.9588083, 37.4646734],
            [126.9588319, 37.4646716]
          ]
        ]
      }
    },
    {
      "type": "Feature",
      "id": "B0010000000RF235S",
      "properties": {
        "label": null
      },
      "geometry": {
        "type": "Polygon",
        "coordinates": [
          [
            [126.9527103, 37.4603722],
            [126.9527007, 37.4603528],
            [126.952737, 37.4603431],
            [126.9527176, 37.4603029],
            [126.9526487, 37.4603222],
            [126.9525814, 37.4603412],
            [126.9526016, 37.4603826],
            [126.9526636, 37.4603653],
            [126.9526715, 37.4603836],
            [126.9527103, 37.4603722]
          ]
        ]
      }
    },
    {
      "type": "Feature",
      "id": "B0010000000RF231O",
      "properties": {
        "label": null
      },
      "geometry": {
        "type": "Polygon",
        "coordinates": [
          [
            [126.9545562, 37.4606104],
            [126.9545853, 37.4605968],
            [126.9545873, 37.4605991],
            [126.9545846, 37.4606008],
            [126.9545873, 37.460604],
            [126.9546271, 37.4605856],
            [126.9546569, 37.4605692],
            [126.9547128, 37.4605424],
            [126.9546842, 37.4605053],
            [126.9546267, 37.460532],
            [126.9545973, 37.4605465],
            [126.954558, 37.4605661],
            [126.954561, 37.4605696],
            [126.9545639, 37.4605686],
            [126.9545657, 37.4605705],
            [126.9545368, 37.460585],
            [126.9545562, 37.4606104]
          ]
        ]
      }
    },
    {
      "type": "Feature",
      "id": "B0010000000RF22XJ",
      "properties": {
        "label": null
      },
      "geometry": {
        "type": "Polygon",
        "coordinates": [
          [
            [126.9525862, 37.4608072],
            [126.952568, 37.4607851],
            [126.952533, 37.460799],
            [126.9525471, 37.4608247],
            [126.9525862, 37.4608072]
          ]
        ]
      }
    },
    {
      "type": "Feature",
      "id": "B0010000000RF22WI",
      "properties": {
        "label": null
      },
      "geometry": {
        "type": "Polygon",
        "coordinates": [
          [
            [126.9526457, 37.4608182],
            [126.952625, 37.4607887],
            [126.9525898, 37.4608057],
            [126.9526094, 37.4608347],
            [126.9526457, 37.4608182]
          ]
        ]
      }
    },
    {
      "type": "Feature",
      "id": "B0010000000RF22L7",
      "properties": {
        "label": "73동문화관"
      },
      "geometry": {
        "type": "Polygon",
        "coordinates": [
          [
            [126.951458, 37.4614719],
            [126.9515014, 37.4614362],
            [126.9515296, 37.4614584],
            [126.9518508, 37.461193],
            [126.9515647, 37.4609722],
            [126.9511587, 37.4613092],
            [126.9513445, 37.4614508],
            [126.9514288, 37.4613808],
            [126.951473, 37.4614143],
            [126.9514295, 37.4614503],
            [126.951458, 37.4614719]
          ]
        ]
      }
    },
    {
      "type": "Feature",
      "id": "B0010000000RF22I4",
      "properties": {
        "label": null
      },
      "geometry": {
        "type": "Polygon",
        "coordinates": [
          [
            [126.9518168, 37.4616714],
            [126.9518032, 37.4616609],
            [126.9516848, 37.461759],
            [126.9516986, 37.4617693],
            [126.9518168, 37.4616714]
          ]
        ]
      }
    },
    {
      "type": "Feature",
      "id": "B0010000000RF22G2",
      "properties": {
        "label": "73동문화관"
      },
      "geometry": {
        "type": "Polygon",
        "coordinates": [
          [
            [126.9513208, 37.4615166],
            [126.9513656, 37.4614794],
            [126.9513719, 37.4614835],
            [126.951379, 37.4614779],
            [126.9513445, 37.4614508],
            [126.9511586, 37.4613092],
            [126.9508085, 37.4613143],
            [126.9505965, 37.4614913],
            [126.9506023, 37.4614958],
            [126.9506078, 37.4614915],
            [126.9506548, 37.4615268],
            [126.9505851, 37.4615844],
            [126.9508137, 37.4617577],
            [126.9507583, 37.4618033],
            [126.9508772, 37.4618956],
            [126.951119, 37.4618908],
            [126.951231, 37.4617958],
            [126.951173, 37.461752],
            [126.9513935, 37.4615709],
            [126.9513208, 37.4615166]
          ]
        ]
      }
    },
    {
      "type": "Feature",
      "id": "B0010000000RF22DZ",
      "properties": {
        "label": "음악대학74동예술복합연구동"
      },
      "geometry": {
        "type": "Polygon",
        "coordinates": [
          [
            [126.9533213, 37.4618477],
            [126.9533393, 37.4617683],
            [126.9532288, 37.4617528],
            [126.9531381, 37.461751],
            [126.9530561, 37.4617579],
            [126.9529641, 37.4618036],
            [126.952885, 37.461728],
            [126.952726, 37.4617346],
            [126.9526784, 37.4616977],
            [126.9525508, 37.4618017],
            [126.9529693, 37.4621293],
            [126.9533924, 37.4619679],
            [126.9533213, 37.4618477]
          ]
        ]
      }
    },
    {
      "type": "Feature",
      "id": "B0010000000RF229V",
      "properties": {
        "label": null
      },
      "geometry": {
        "type": "Polygon",
        "coordinates": [
          [
            [126.9540014, 37.4622476],
            [126.9540071, 37.4622173],
            [126.953998, 37.4622197],
            [126.9539879, 37.4622234],
            [126.9539793, 37.462228],
            [126.9539715, 37.4622339],
            [126.9539647, 37.4622403],
            [126.9539603, 37.4622457],
            [126.9539565, 37.4622524],
            [126.9539538, 37.4622597],
            [126.9539519, 37.4622677],
            [126.9539516, 37.4622744],
            [126.9539522, 37.4622809],
            [126.9539527, 37.4622842],
            [126.9539919, 37.4622925],
            [126.9540058, 37.4622486],
            [126.9540014, 37.4622476]
          ]
        ]
      }
    },
    {
      "type": "Feature",
      "id": "B0010000000RF222O",
      "properties": {
        "label": "법과대학15동"
      },
      "geometry": {
        "type": "Polygon",
        "coordinates": [
          [
            [126.9520752, 37.4624987],
            [126.9516648, 37.4621841],
            [126.9516754, 37.462175],
            [126.9515894, 37.4621105],
            [126.9515795, 37.4621184],
            [126.9514893, 37.46205],
            [126.9513473, 37.4621683],
            [126.9514597, 37.4622554],
            [126.9514464, 37.4622652],
            [126.9514591, 37.4622748],
            [126.9514538, 37.4622788],
            [126.9514608, 37.4622846],
            [126.9514646, 37.4622876],
            [126.9514808, 37.4622984],
            [126.9515028, 37.4623075],
            [126.951509, 37.4623121],
            [126.9515223, 37.462302],
            [126.9519328, 37.4626171],
            [126.9520752, 37.4624987]
          ]
        ]
      }
    },
    {
      "type": "Feature",
      "id": "B0010000000RF220M",
      "properties": {
        "label": null
      },
      "geometry": {
        "type": "Polygon",
        "coordinates": [
          [
            [126.9511492, 37.4626713],
            [126.9510725, 37.4626225],
            [126.9510608, 37.4626301],
            [126.9511756, 37.4627176],
            [126.9511846, 37.4627106],
            [126.9511492, 37.4626713]
          ]
        ]
      }
    },
    {
      "type": "Feature",
      "id": "B0010000000RF21ZK",
      "properties": {
        "label": "법과대학15-1동법학첨단강의동"
      },
      "geometry": {
        "type": "Polygon",
        "coordinates": [
          [
            [126.9514276, 37.4628251],
            [126.9514855, 37.4627766],
            [126.9515004, 37.4627881],
            [126.9515421, 37.4627519],
            [126.9512358, 37.4625172],
            [126.951445, 37.4623451],
            [126.9514797, 37.4623716],
            [126.9515312, 37.4623286],
            [126.9515027, 37.4623076],
            [126.9514808, 37.4622985],
            [126.9514645, 37.4622876],
            [126.95145, 37.4622762],
            [126.9514384, 37.4622627],
            [126.9514299, 37.4622514],
            [126.9513329, 37.4621765],
            [126.9509718, 37.4624744],
            [126.9514276, 37.4628251]
          ]
        ]
      }
    },
    {
      "type": "Feature",
      "id": "B0010000000RF21YJ",
      "properties": {
        "label": null
      },
      "geometry": {
        "type": "Polygon",
        "coordinates": [
          [
            [126.95142, 37.4628199],
            [126.9510977, 37.4625762],
            [126.9510775, 37.4625973],
            [126.9513947, 37.462839],
            [126.95142, 37.4628199]
          ]
        ]
      }
    },
    {
      "type": "Feature",
      "id": "B0010000000RF21PA",
      "properties": {
        "label": "미술대학50동"
      },
      "geometry": {
        "type": "Polygon",
        "coordinates": [
          [
            [126.9524255, 37.4631222],
            [126.9523756, 37.4630345],
            [126.9523935, 37.4630272],
            [126.9524084, 37.4630543],
            [126.9524171, 37.4630588],
            [126.9524865, 37.4630323],
            [126.9524906, 37.463024],
            [126.9524593, 37.4629685],
            [126.9524479, 37.462966],
            [126.9524051, 37.4629818],
            [126.9523915, 37.4629582],
            [126.9524858, 37.4629242],
            [126.952494, 37.4629396],
            [126.9525735, 37.4629108],
            [126.9525481, 37.4628658],
            [126.9525943, 37.4628498],
            [126.9525699, 37.4628054],
            [126.95266, 37.4627739],
            [126.9526388, 37.4627346],
            [126.9525731, 37.4627287],
            [126.952575, 37.4627167],
            [126.952548, 37.4627162],
            [126.9525425, 37.4627547],
            [126.9525251, 37.4627535],
            [126.952529, 37.4627224],
            [126.952462, 37.4627159],
            [126.9523905, 37.4627954],
            [126.9524228, 37.4628136],
            [126.9524021, 37.4628367],
            [126.9523321, 37.4628295],
            [126.9522766, 37.4628914],
            [126.9523094, 37.4629506],
            [126.95232, 37.4629471],
            [126.9523302, 37.4629645],
            [126.9522158, 37.4630055],
            [126.9522434, 37.4630541],
            [126.9522512, 37.4630515],
            [126.9522607, 37.4630692],
            [126.952188, 37.4630955],
            [126.9522402, 37.4631886],
            [126.9524255, 37.4631222]
          ]
        ]
      }
    },
    {
      "type": "Feature",
      "id": "B0010000000RF21O9",
      "properties": {
        "label": "사회과학대학16동"
      },
      "geometry": {
        "type": "Polygon",
        "coordinates": [
          [
            [126.9514222, 37.4630075],
            [126.9514325, 37.4630007],
            [126.9514448, 37.4630108],
            [126.951492, 37.4629706],
            [126.9513303, 37.4628508],
            [126.9509304, 37.4631837],
            [126.9510928, 37.4633028],
            [126.9514363, 37.4630176],
            [126.9514222, 37.4630075]
          ]
        ]
      }
    },
    {
      "type": "Feature",
      "id": "B0010000000RF21I3",
      "properties": {
        "label": "사회과학대학16동"
      },
      "geometry": {
        "type": "Polygon",
        "coordinates": [
          [
            [126.9510773, 37.4632916],
            [126.9509855, 37.4632242],
            [126.9509629, 37.4632491],
            [126.9509412, 37.4632852],
            [126.9509325, 37.4633076],
            [126.9509274, 37.4633323],
            [126.9509249, 37.4633591],
            [126.9509295, 37.4633903],
            [126.9509316, 37.4634034],
            [126.9510512, 37.4633761],
            [126.9510473, 37.4633664],
            [126.9510737, 37.4633621],
            [126.9510903, 37.4633154],
            [126.9510699, 37.4632994],
            [126.9510773, 37.4632916]
          ]
        ]
      }
    },
    {
      "type": "Feature",
      "id": "B0010000000SING7W",
      "properties": {
        "label": "사회과학대학16동"
      },
      "geometry": {
        "type": "Polygon",
        "coordinates": [
          [
            [126.9509853, 37.4632241],
            [126.9509384, 37.4631897],
            [126.9509193, 37.4632096],
            [126.9509068, 37.4632238],
            [126.9508938, 37.4632407],
            [126.9508814, 37.463263],
            [126.9508699, 37.4632902],
            [126.9508659, 37.4633023],
            [126.9508615, 37.4633221],
            [126.9508611, 37.4633274],
            [126.9508598, 37.4633401],
            [126.9508598, 37.4633507],
            [126.9508611, 37.4633693],
            [126.9508629, 37.4633819],
            [126.9508663, 37.4634172],
            [126.9508856, 37.4634132],
            [126.9509141, 37.4634073],
            [126.9509315, 37.4634035],
            [126.9509276, 37.4633818],
            [126.9509257, 37.4633665],
            [126.9509247, 37.4633591],
            [126.950925, 37.4633504],
            [126.9509254, 37.4633399],
            [126.9509271, 37.4633273],
            [126.9509293, 37.4633165],
            [126.9509336, 37.4633033],
            [126.9509394, 37.4632885],
            [126.9509461, 37.4632748],
            [126.9509545, 37.4632603],
            [126.9509628, 37.4632491],
            [126.9509672, 37.4632436],
            [126.9509853, 37.4632241]
          ]
        ]
      }
    },
    {
      "type": "Feature",
      "id": "B0010000000RF21G1",
      "properties": {
        "label": null
      },
      "geometry": {
        "type": "Polygon",
        "coordinates": [
          [
            [126.9511253, 37.4634108],
            [126.9511072, 37.4633632],
            [126.9510712, 37.4633716],
            [126.9510878, 37.4634175],
            [126.9511253, 37.4634108]
          ]
        ]
      }
    },
    {
      "type": "Feature",
      "id": "B0010000000RF219U",
      "properties": {
        "label": null
      },
      "geometry": {
        "type": "Polygon",
        "coordinates": [
          [
            [126.9535718, 37.4636803],
            [126.9535508, 37.4636788],
            [126.9535493, 37.4636912],
            [126.9535698, 37.463692],
            [126.9535718, 37.4636803]
          ]
        ]
      }
    },
    {
      "type": "Feature",
      "id": "B0010000000RF215Q",
      "properties": {
        "label": null
      },
      "geometry": {
        "type": "Polygon",
        "coordinates": [
          [
            [126.9532403, 37.4637678],
            [126.9531538, 37.4637144],
            [126.9531478, 37.4637195],
            [126.9531434, 37.4637481],
            [126.9531344, 37.4637473],
            [126.9531287, 37.4637876],
            [126.9532354, 37.4638471],
            [126.9532676, 37.4638109],
            [126.9532403, 37.4637678]
          ]
        ]
      }
    },
    {
      "type": "Feature",
      "id": "B0010000000RF212N",
      "properties": {
        "label": null
      },
      "geometry": {
        "type": "Polygon",
        "coordinates": [
          [
            [126.9533545, 37.4638812],
            [126.9533351, 37.4638703],
            [126.9532994, 37.4639104],
            [126.9533233, 37.4639236],
            [126.9533545, 37.4638812]
          ]
        ]
      }
    },
    {
      "type": "Feature",
      "id": "B0010000000RF211M",
      "properties": {
        "label": "사회과학대학16동"
      },
      "geometry": {
        "type": "Polygon",
        "coordinates": [
          [
            [126.9512533, 37.4638767],
            [126.9510711, 37.4633717],
            [126.9508667, 37.4634183],
            [126.9510448, 37.4639229],
            [126.9512533, 37.4638767]
          ]
        ]
      }
    },
    {
      "type": "Feature",
      "id": "B0010000000RF20WG",
      "properties": {
        "label": "미술대학52동예술관3"
      },
      "geometry": {
        "type": "Polygon",
        "coordinates": [
          [
            [126.9533709, 37.4640333],
            [126.9535255, 37.4638636],
            [126.9534869, 37.4638418],
            [126.9535402, 37.4637827],
            [126.953556, 37.4636919],
            [126.9535492, 37.4636913],
            [126.9535609, 37.4635889],
            [126.9535354, 37.4635874],
            [126.9535359, 37.4635781],
            [126.9534728, 37.4635735],
            [126.9534753, 37.4635554],
            [126.9535281, 37.4635354],
            [126.9534722, 37.463436],
            [126.9533593, 37.4634263],
            [126.9533536, 37.4634659],
            [126.9533285, 37.4634633],
            [126.9533305, 37.4634527],
            [126.9531443, 37.4634363],
            [126.953143, 37.4634466],
            [126.9531177, 37.4634448],
            [126.9531277, 37.4633751],
            [126.9530767, 37.4633696],
            [126.9530424, 37.4633903],
            [126.9530418, 37.4634043],
            [126.953039, 37.4634062],
            [126.9530302, 37.4633979],
            [126.9529583, 37.4634415],
            [126.9529405, 37.4635763],
            [126.9529716, 37.4635785],
            [126.9529636, 37.4636438],
            [126.953156, 37.4636589],
            [126.9531664, 37.463587],
            [126.9531849, 37.4635876],
            [126.9531741, 37.4636845],
            [126.9532409, 37.4636898],
            [126.9532716, 37.4636712],
            [126.953279, 37.4636042],
            [126.9533977, 37.463616],
            [126.9534035, 37.4635827],
            [126.9534312, 37.463585],
            [126.9534173, 37.46368],
            [126.9534097, 37.4636794],
            [126.9534026, 37.4637314],
            [126.9533458, 37.4637967],
            [126.9533467, 37.4638056],
            [126.9533264, 37.4638075],
            [126.953321, 37.4638172],
            [126.9533235, 37.4638289],
            [126.9533324, 37.4638373],
            [126.9533534, 37.4638348],
            [126.9533548, 37.4638423],
            [126.953375, 37.4638535],
            [126.9533236, 37.4639238],
            [126.9532993, 37.4639104],
            [126.953335, 37.4638702],
            [126.9532556, 37.4638246],
            [126.9532354, 37.4638473],
            [126.9531286, 37.4637877],
            [126.9531343, 37.4637472],
            [126.9531433, 37.463748],
            [126.9531476, 37.4637196],
            [126.9530561, 37.4637115],
            [126.9530213, 37.4637507],
            [126.9529687, 37.4637457],
            [126.952959, 37.4638204],
            [126.9530866, 37.4638937],
            [126.953091, 37.4638892],
            [126.9531017, 37.4638955],
            [126.9531134, 37.4638828],
            [126.9531035, 37.4638772],
            [126.9531116, 37.4638682],
            [126.9531306, 37.4638792],
            [126.9531223, 37.4638878],
            [126.9533709, 37.4640333]
          ]
        ]
      }
    },
    {
      "type": "Feature",
      "id": "B0010000000RF20P9",
      "properties": {
        "label": null
      },
      "geometry": {
        "type": "Polygon",
        "coordinates": [
          [
            [126.953122, 37.4641066],
            [126.9530786, 37.4640601],
            [126.9529477, 37.4641365],
            [126.9529915, 37.4641841],
            [126.953122, 37.4641066]
          ]
        ]
      }
    },
    {
      "type": "Feature",
      "id": "B0010000000RF20O8",
      "properties": {
        "label": "사회과학대학16동"
      },
      "geometry": {
        "type": "Polygon",
        "coordinates": [
          [
            [126.9511939, 37.4639989],
            [126.9512156, 37.463993],
            [126.951227, 37.4640253],
            [126.9513022, 37.464008],
            [126.9512534, 37.4638768],
            [126.950948, 37.4639444],
            [126.9510895, 37.4643282],
            [126.9512945, 37.4642795],
            [126.9511939, 37.4639989]
          ]
        ]
      }
    },
    {
      "type": "Feature",
      "id": "B0010000000RF20L5",
      "properties": {
        "label": null
      },
      "geometry": {
        "type": "Polygon",
        "coordinates": [
          [
            [126.9546106, 37.4645571],
            [126.9545745, 37.4645024],
            [126.954542, 37.4645159],
            [126.9545552, 37.4645361],
            [126.9545779, 37.4645703],
            [126.9546106, 37.4645571]
          ]
        ]
      }
    },
    {
      "type": "Feature",
      "id": "B0010000000RF20FZ",
      "properties": {
        "label": null
      },
      "geometry": {
        "type": "Polygon",
        "coordinates": [
          [
            [126.952677, 37.4633413],
            [126.9526165, 37.463234],
            [126.9525246, 37.4632685],
            [126.9525846, 37.4633754],
            [126.952677, 37.4633413]
          ]
        ]
      }
    },
    {
      "type": "Feature",
      "id": "B0010000000RF20EY",
      "properties": {
        "label": null
      },
      "geometry": {
        "type": "Polygon",
        "coordinates": [
          [
            [126.9536031, 37.4639544],
            [126.9535237, 37.4639041],
            [126.9533989, 37.4640366],
            [126.9534786, 37.4640824],
            [126.9536031, 37.4639544]
          ]
        ]
      }
    },
    {
      "type": "Feature",
      "id": "B0010000000RF1TZB",
      "properties": {
        "label": "945동웅진코웨이R&D센터"
      },
      "geometry": {
        "type": "Polygon",
        "coordinates": [
          [
            [126.96061, 37.4655391],
            [126.9606828, 37.4654884],
            [126.9606853, 37.4654907],
            [126.9609837, 37.4652864],
            [126.9608957, 37.4652047],
            [126.9608919, 37.4652075],
            [126.9608228, 37.4651438],
            [126.9608281, 37.4651396],
            [126.9606786, 37.4650018],
            [126.9603057, 37.4652565],
            [126.9604552, 37.4653948],
            [126.9604649, 37.4653883],
            [126.9605335, 37.4654516],
            [126.960524, 37.4654591],
            [126.96061, 37.4655391]
          ]
        ]
      }
    },
    {
      "type": "Feature",
      "id": "B0010000000RF1TYA",
      "properties": {
        "label": null
      },
      "geometry": {
        "type": "Polygon",
        "coordinates": [
          [
            [126.9603544, 37.4654778],
            [126.960328, 37.4654708],
            [126.9602998, 37.465474],
            [126.9602764, 37.4654846],
            [126.9602578, 37.4655014],
            [126.9602493, 37.4655227],
            [126.960252, 37.465545],
            [126.9602656, 37.4655642],
            [126.960288, 37.4655786],
            [126.9603151, 37.4655849],
            [126.9603432, 37.4655822],
            [126.960367, 37.4655714],
            [126.9603851, 37.4655543],
            [126.9603925, 37.4655331],
            [126.9603901, 37.4655116],
            [126.9603757, 37.465491],
            [126.9603544, 37.4654778]
          ]
        ]
      }
    },
    {
      "type": "Feature",
      "id": "B0010000000RF1TX9",
      "properties": {
        "label": "942동LG전자연구동"
      },
      "geometry": {
        "type": "Polygon",
        "coordinates": [
          [
            [126.9607601, 37.4661375],
            [126.9607755, 37.4661243],
            [126.9608264, 37.4660806],
            [126.9608386, 37.4660897],
            [126.9608176, 37.4661077],
            [126.9609039, 37.4661716],
            [126.9609562, 37.4661275],
            [126.9610221, 37.4661763],
            [126.9612335, 37.4660033],
            [126.9609858, 37.4658194],
            [126.9609662, 37.4658357],
            [126.9606489, 37.4656017],
            [126.9605691, 37.4656696],
            [126.9605914, 37.4656862],
            [126.9605837, 37.4656934],
            [126.9605446, 37.4656642],
            [126.9605172, 37.465689],
            [126.9605566, 37.4657191],
            [126.96055, 37.4657254],
            [126.9605918, 37.4657575],
            [126.9605741, 37.4657725],
            [126.9608446, 37.4659729],
            [126.9608164, 37.4659979],
            [126.9608053, 37.4659898],
            [126.9608086, 37.4659869],
            [126.9607915, 37.4659745],
            [126.960668, 37.4660781],
            [126.960754, 37.4661427],
            [126.9607601, 37.4661375]
          ]
        ]
      }
    },
    {
      "type": "Feature",
      "id": "B0010000000RF1TT5",
      "properties": {
        "label": "943동SK텔레콤협력연구소"
      },
      "geometry": {
        "type": "Polygon",
        "coordinates": [
          [
            [126.9609216, 37.4665202],
            [126.96086, 37.4664756],
            [126.9609353, 37.4664128],
            [126.9607214, 37.4662544],
            [126.9607252, 37.4662515],
            [126.9604479, 37.4660454],
            [126.9604436, 37.4660499],
            [126.9604014, 37.4660182],
            [126.960317, 37.4660907],
            [126.9603589, 37.466122],
            [126.9602947, 37.4661785],
            [126.9604893, 37.4663284],
            [126.9603799, 37.4664221],
            [126.9604706, 37.4664891],
            [126.9604815, 37.4664796],
            [126.9607437, 37.4666733],
            [126.9609216, 37.4665202]
          ]
        ]
      }
    },
    {
      "type": "Feature",
      "id": "B0010000000RF1T7J",
      "properties": {
        "label": "125-2동SKGUESTHOUSE"
      },
      "geometry": {
        "type": "Polygon",
        "coordinates": [
          [
            [126.9602039, 37.4678393],
            [126.9603541, 37.4675764],
            [126.9601456, 37.4674992],
            [126.9600736, 37.4676255],
            [126.9600671, 37.4676248],
            [126.9600626, 37.4676252],
            [126.9600575, 37.4676271],
            [126.9600532, 37.4676311],
            [126.9600505, 37.4676354],
            [126.9600489, 37.46764],
            [126.9600492, 37.467645],
            [126.9600508, 37.4676494],
            [126.9600541, 37.4676533],
            [126.9600596, 37.4676566],
            [126.9600378, 37.4676929],
            [126.9600632, 37.4677024],
            [126.9600227, 37.4677733],
            [126.9602039, 37.4678393]
          ]
        ]
      }
    },
    {
      "type": "Feature",
      "id": "B0010000000RF1SOZ",
      "properties": {
        "label": "서울교육청과학전시관"
      },
      "geometry": {
        "type": "Polygon",
        "coordinates": [
          [
            [126.9610336, 37.468302],
            [126.9610495, 37.4682993],
            [126.961064, 37.4682993],
            [126.9610617, 37.4682855],
            [126.9610325, 37.4682882],
            [126.9610336, 37.468302]
          ]
        ]
      }
    },
    {
      "type": "Feature",
      "id": "B0010000000RF1SGR",
      "properties": {
        "label": "서울교육청과학전시관"
      },
      "geometry": {
        "type": "Polygon",
        "coordinates": [
          [
            [126.9611117, 37.4684627],
            [126.9610944, 37.4684295],
            [126.961085, 37.4684328],
            [126.9610675, 37.4684358],
            [126.9610495, 37.4684358],
            [126.9610417, 37.4684345],
            [126.9610337, 37.46847],
            [126.9610537, 37.4684707],
            [126.9610731, 37.4684695],
            [126.9610917, 37.4684669],
            [126.9611117, 37.4684627]
          ]
        ]
      }
    },
    {
      "type": "Feature",
      "id": "B0010000000RF1SDO",
      "properties": {
        "label": "서울교육청과학전시관"
      },
      "geometry": {
        "type": "Polygon",
        "coordinates": [
          [
            [126.9610246, 37.4685402],
            [126.9610136, 37.4684798],
            [126.9609715, 37.4684839],
            [126.9609828, 37.4685452],
            [126.9610246, 37.4685402]
          ]
        ]
      }
    },
    {
      "type": "Feature",
      "id": "B0010000000RF1RR1",
      "properties": {
        "label": null
      },
      "geometry": {
        "type": "Polygon",
        "coordinates": [
          [
            [126.9592364, 37.4653693],
            [126.9591854, 37.4653663],
            [126.959184, 37.4653847],
            [126.9592348, 37.4653872],
            [126.9592364, 37.4653693]
          ]
        ]
      }
    },
    {
      "type": "Feature",
      "id": "B0010000000RF1RQ0",
      "properties": {
        "label": null
      },
      "geometry": {
        "type": "Polygon",
        "coordinates": [
          [
            [126.9593855, 37.4653817],
            [126.9593403, 37.4653794],
            [126.9593395, 37.4653947],
            [126.959385, 37.4653979],
            [126.9593855, 37.4653817]
          ]
        ]
      }
    },
    {
      "type": "Feature",
      "id": "B0010000000RF1ROY",
      "properties": {
        "label": null
      },
      "geometry": {
        "type": "Polygon",
        "coordinates": [
          [
            [126.9593399, 37.4653784],
            [126.9592363, 37.4653731],
            [126.9592334, 37.4654082],
            [126.9594087, 37.4654206],
            [126.9594101, 37.4654004],
            [126.9593387, 37.4653958],
            [126.9593399, 37.4653784]
          ]
        ]
      }
    },
    {
      "type": "Feature",
      "id": "B0010000000RF1RNX",
      "properties": {
        "label": "글로벌학생생활관916동"
      },
      "geometry": {
        "type": "Polygon",
        "coordinates": [
          [
            [126.9571018, 37.4654623],
            [126.9571024, 37.4654519],
            [126.9573253, 37.4654591],
            [126.9573355, 37.4652559],
            [126.9570444, 37.4652461],
            [126.9570449, 37.465236],
            [126.956979, 37.4652337],
            [126.9569686, 37.4654584],
            [126.9571018, 37.4654623]
          ]
        ]
      }
    },
    {
      "type": "Feature",
      "id": "B0010000000RF1RLV",
      "properties": {
        "label": "글로벌학생생활관917동"
      },
      "geometry": {
        "type": "Polygon",
        "coordinates": [
          [
            [126.9575675, 37.4658498],
            [126.957579, 37.4656191],
            [126.9573247, 37.4656107],
            [126.9573167, 37.4657878],
            [126.9573039, 37.4657874],
            [126.9572985, 37.4658944],
            [126.9575794, 37.4659036],
            [126.9575817, 37.4658503],
            [126.9575675, 37.4658498]
          ]
        ]
      }
    },
    {
      "type": "Feature",
      "id": "B0010000000RF1RHR",
      "properties": {
        "label": null
      },
      "geometry": {
        "type": "Polygon",
        "coordinates": [
          [
            [126.9555673, 37.4660326],
            [126.9555458, 37.4660105],
            [126.9555231, 37.4660244],
            [126.9555449, 37.4660475],
            [126.9555673, 37.4660326]
          ]
        ]
      }
    },
    {
      "type": "Feature",
      "id": "B0010000000RF1R0A",
      "properties": {
        "label": "서울대학교아파트"
      },
      "geometry": {
        "type": "Polygon",
        "coordinates": [
          [
            [126.957617, 37.4667943],
            [126.9575963, 37.4667943],
            [126.9575787, 37.4668229],
            [126.9576157, 37.4668389],
            [126.9576219, 37.4668275],
            [126.957617, 37.4667943]
          ]
        ]
      }
    },
    {
      "type": "Feature",
      "id": "B0010000000RF1PY6",
      "properties": {
        "label": "서울대학교아파트"
      },
      "geometry": {
        "type": "Polygon",
        "coordinates": [
          [
            [126.9571128, 37.4675475],
            [126.9568472, 37.4673824],
            [126.9567775, 37.4674535],
            [126.9568036, 37.4674679],
            [126.9567874, 37.4674845],
            [126.9568829, 37.4675441],
            [126.9568963, 37.4675292],
            [126.9570426, 37.467619],
            [126.9571128, 37.4675475]
          ]
        ]
      }
    },
    {
      "type": "Feature",
      "id": "B0010000000RF1PW4",
      "properties": {
        "label": null
      },
      "geometry": {
        "type": "Polygon",
        "coordinates": [
          [
            [126.9592977, 37.4676224],
            [126.9592802, 37.4676159],
            [126.9592753, 37.4676239],
            [126.9592932, 37.4676298],
            [126.9592977, 37.4676224]
          ]
        ]
      }
    },
    {
      "type": "Feature",
      "id": "B0010000000RF1PU2",
      "properties": {
        "label": "127동호암서관"
      },
      "geometry": {
        "type": "Polygon",
        "coordinates": [
          [
            [126.9586181, 37.4675865],
            [126.9586651, 37.4675825],
            [126.958679, 37.4675973],
            [126.9587301, 37.4675651],
            [126.9587059, 37.467541],
            [126.9587672, 37.4675071],
            [126.9587993, 37.4675422],
            [126.9588703, 37.4675007],
            [126.9588415, 37.4674679],
            [126.958879, 37.4674487],
            [126.9588756, 37.4674448],
            [126.9589149, 37.4674239],
            [126.9589183, 37.4674283],
            [126.9589451, 37.4674143],
            [126.9589409, 37.46741],
            [126.9589844, 37.4673839],
            [126.9589906, 37.4673853],
            [126.9590179, 37.4673766],
            [126.9590133, 37.4673661],
            [126.9590329, 37.4673569],
            [126.9590685, 37.4673541],
            [126.9590691, 37.4673587],
            [126.9591386, 37.4673543],
            [126.9591378, 37.4673485],
            [126.9592183, 37.4673445],
            [126.9592028, 37.467224],
            [126.9589767, 37.4672411],
            [126.9586033, 37.467455],
            [126.9584432, 37.4674738],
            [126.9584615, 37.4676429],
            [126.9585732, 37.4676347],
            [126.9585718, 37.4676185],
            [126.9586038, 37.4676167],
            [126.958601, 37.4675879],
            [126.9586181, 37.4675865]
          ]
        ]
      }
    },
    {
      "type": "Feature",
      "id": "B0010000000RF1PT1",
      "properties": {
        "label": null
      },
      "geometry": {
        "type": "Polygon",
        "coordinates": [
          [
            [126.9592913, 37.467633],
            [126.9592468, 37.4676143],
            [126.9592343, 37.4676166],
            [126.9592273, 37.4676221],
            [126.9592252, 37.4676291],
            [126.959227, 37.4676347],
            [126.9592312, 37.4676401],
            [126.9592791, 37.4676577],
            [126.9592913, 37.467633]
          ]
        ]
      }
    },
    {
      "type": "Feature",
      "id": "B0010000000RF1POW",
      "properties": {
        "label": "126동호암동관"
      },
      "geometry": {
        "type": "Polygon",
        "coordinates": [
          [
            [126.9596604, 37.467752],
            [126.9597029, 37.4676784],
            [126.9596637, 37.4676648],
            [126.959673, 37.4676485],
            [126.9596366, 37.4676368],
            [126.9596407, 37.4676289],
            [126.9592067, 37.4674714],
            [126.9591511, 37.4675688],
            [126.9595252, 37.4677032],
            [126.9595129, 37.4677254],
            [126.9595739, 37.4677466],
            [126.9595852, 37.4677253],
            [126.9596604, 37.467752]
          ]
        ]
      }
    },
    {
      "type": "Feature",
      "id": "B0010000000RF1PIQ",
      "properties": {
        "label": null
      },
      "geometry": {
        "type": "Polygon",
        "coordinates": [
          [
            [126.95766, 37.4678197],
            [126.9576605, 37.4677931],
            [126.9576167, 37.467794],
            [126.9576181, 37.4678205],
            [126.95766, 37.4678197]
          ]
        ]
      }
    },
    {
      "type": "Feature",
      "id": "B0010000000RF1PCK",
      "properties": {
        "label": null
      },
      "geometry": {
        "type": "Polygon",
        "coordinates": [
          [
            [126.9593238, 37.468055],
            [126.9593205, 37.4680326],
            [126.959296, 37.4680349],
            [126.9592995, 37.4680573],
            [126.9593238, 37.468055]
          ]
        ]
      }
    },
    {
      "type": "Feature",
      "id": "B0010000000RF1PAI",
      "properties": {
        "label": null
      },
      "geometry": {
        "type": "Polygon",
        "coordinates": [
          [
            [126.9593318, 37.4681117],
            [126.9593241, 37.4680615],
            [126.9592999, 37.4680638],
            [126.9593076, 37.468114],
            [126.9593318, 37.4681117]
          ]
        ]
      }
    },
    {
      "type": "Feature",
      "id": "B0010000000RF1P7F",
      "properties": {
        "label": null
      },
      "geometry": {
        "type": "Polygon",
        "coordinates": [
          [
            [126.9591407, 37.4681326],
            [126.9591387, 37.4681079],
            [126.9591107, 37.4681096],
            [126.9591139, 37.4681336],
            [126.9591407, 37.4681326]
          ]
        ]
      }
    },
    {
      "type": "Feature",
      "id": "B0010000000RF1OKR",
      "properties": {
        "label": "서울교육청과학전시관"
      },
      "geometry": {
        "type": "Polygon",
        "coordinates": [
          [
            [126.9589543, 37.4689376],
            [126.958924, 37.4687418],
            [126.9586049, 37.4687727],
            [126.9586352, 37.4689686],
            [126.9589543, 37.4689376]
          ]
        ]
      }
    },
    {
      "type": "Feature",
      "id": "B0010000000RF1OJQ",
      "properties": {
        "label": "서울교육청과학전시관"
      },
      "geometry": {
        "type": "Polygon",
        "coordinates": [
          [
            [126.9586428, 37.4690143],
            [126.9586369, 37.4689715],
            [126.9586005, 37.4689748],
            [126.9586068, 37.4690175],
            [126.9586428, 37.4690143]
          ]
        ]
      }
    },
    {
      "type": "Feature",
      "id": "B0010000000RF1NOU",
      "properties": {
        "label": null
      },
      "geometry": {
        "type": "Polygon",
        "coordinates": [
          [
            [126.9556886, 37.4657789],
            [126.9559238, 37.4656361],
            [126.9557856, 37.4654905],
            [126.9557625, 37.4655026],
            [126.9557412, 37.4654809],
            [126.9557863, 37.4654535],
            [126.9557318, 37.4653945],
            [126.9557375, 37.4653904],
            [126.9557336, 37.4653878],
            [126.9557015, 37.4654076],
            [126.9556558, 37.4653588],
            [126.9556761, 37.4653446],
            [126.9555636, 37.4652257],
            [126.9555515, 37.4652327],
            [126.9555398, 37.4652217],
            [126.9555513, 37.4652142],
            [126.9555477, 37.4652091],
            [126.9554721, 37.465258],
            [126.9554862, 37.4652727],
            [126.9552853, 37.4653952],
            [126.9553971, 37.4655135],
            [126.9554988, 37.4654505],
            [126.9555341, 37.4654853],
            [126.9555129, 37.4654986],
            [126.9555261, 37.4655128],
            [126.9554907, 37.4655338],
            [126.9556503, 37.4657031],
            [126.9556231, 37.4657191],
            [126.9556288, 37.4657242],
            [126.9556328, 37.4657214],
            [126.9556886, 37.4657789]
          ]
        ]
      }
    },
    {
      "type": "Feature",
      "id": "B0010000000RF1NJP",
      "properties": {
        "label": null
      },
      "geometry": {
        "type": "Polygon",
        "coordinates": [
          [
            [126.9533404, 37.4651314],
            [126.9533243, 37.4651086],
            [126.9532572, 37.4651451],
            [126.953271, 37.4651702],
            [126.9533404, 37.4651314]
          ]
        ]
      }
    },
    {
      "type": "Feature",
      "id": "B0010000000RF1NIO",
      "properties": {
        "label": null
      },
      "geometry": {
        "type": "Polygon",
        "coordinates": [
          [
            [126.9528945, 37.4652722],
            [126.9528872, 37.4652024],
            [126.9528471, 37.465205],
            [126.9528514, 37.4652528],
            [126.9528514, 37.4652618],
            [126.9528512, 37.4652743],
            [126.9528945, 37.4652722]
          ]
        ]
      }
    },
    {
      "type": "Feature",
      "id": "B0010000000RF1N4A",
      "properties": {
        "label": null
      },
      "geometry": {
        "type": "Polygon",
        "coordinates": [
          [
            [126.9504381, 37.4663247],
            [126.9503929, 37.4663226],
            [126.9503891, 37.4664149],
            [126.9504342, 37.4664157],
            [126.9504381, 37.4663247]
          ]
        ]
      }
    },
    {
      "type": "Feature",
      "id": "B0010000000RF1N28",
      "properties": {
        "label": null
      },
      "geometry": {
        "type": "Polygon",
        "coordinates": [
          [
            [126.9527492, 37.4663762],
            [126.9526702, 37.4663498],
            [126.9525822, 37.4665137],
            [126.9526563, 37.4665411],
            [126.9527492, 37.4663762]
          ]
        ]
      }
    },
    {
      "type": "Feature",
      "id": "B0010000000RF1MLQ",
      "properties": {
        "label": "수의과대학81동생명공학연구동"
      },
      "geometry": {
        "type": "Polygon",
        "coordinates": [
          [
            [126.9541943, 37.4672495],
            [126.9545291, 37.4670492],
            [126.9544676, 37.4669859],
            [126.9545076, 37.4669619],
            [126.9543776, 37.4668242],
            [126.9544365, 37.4667899],
            [126.9543567, 37.4667038],
            [126.9539325, 37.4669985],
            [126.9541051, 37.4672063],
            [126.9541395, 37.4671913],
            [126.9541943, 37.4672495]
          ]
        ]
      }
    },
    {
      "type": "Feature",
      "id": "B0010000000RF1MHM",
      "properties": {
        "label": null
      },
      "geometry": {
        "type": "Polygon",
        "coordinates": [
          [
            [126.9536978, 37.4675162],
            [126.9535463, 37.4674647],
            [126.9535503, 37.4674752],
            [126.9535588, 37.4674892],
            [126.9535694, 37.4675008],
            [126.9535814, 37.467509],
            [126.953595, 37.4675156],
            [126.953609, 37.4675205],
            [126.953623, 37.4675236],
            [126.9536365, 37.4675248],
            [126.9536497, 37.4675244],
            [126.953667, 37.4675229],
            [126.9536869, 37.467519],
            [126.9536978, 37.4675162]
          ]
        ]
      }
    },
    {
      "type": "Feature",
      "id": "B0010000000RF1MBG",
      "properties": {
        "label": null
      },
      "geometry": {
        "type": "Polygon",
        "coordinates": [
          [
            [126.9537506, 37.4681294],
            [126.9534831, 37.4680378],
            [126.9534139, 37.4681685],
            [126.9534898, 37.468194],
            [126.953682, 37.4682587],
            [126.9537506, 37.4681294]
          ]
        ]
      }
    },
    {
      "type": "Feature",
      "id": "B0010000000RF1MAF",
      "properties": {
        "label": "수의과대학80동동물병원"
      },
      "geometry": {
        "type": "Polygon",
        "coordinates": [
          [
            [126.952848, 37.4682322],
            [126.9529295, 37.4680809],
            [126.9529338, 37.4680819],
            [126.9529349, 37.46808],
            [126.9529781, 37.4680882],
            [126.952968, 37.4681276],
            [126.9530902, 37.4681446],
            [126.9530591, 37.4682789],
            [126.9531077, 37.4683364],
            [126.9530945, 37.4683441],
            [126.9530592, 37.4683629],
            [126.9530542, 37.4683866],
            [126.9530813, 37.4683908],
            [126.9531328, 37.4683658],
            [126.9531353, 37.468367],
            [126.9532465, 37.4683041],
            [126.9533023, 37.4680617],
            [126.953316, 37.4680633],
            [126.9533192, 37.4680475],
            [126.9533064, 37.4680449],
            [126.9533153, 37.4680054],
            [126.95321, 37.4678837],
            [126.9531482, 37.4678754],
            [126.9531368, 37.4679219],
            [126.9529967, 37.4679985],
            [126.9529896, 37.4680257],
            [126.9529663, 37.4680211],
            [126.9529896, 37.4679751],
            [126.9527871, 37.4678995],
            [126.952696, 37.4680624],
            [126.9522908, 37.4682853],
            [126.9524588, 37.4684528],
            [126.952848, 37.4682322]
          ]
        ]
      }
    },
    {
      "type": "Feature",
      "id": "B0010000000RETU37",
      "properties": {
        "label": null
      },
      "geometry": {
        "type": "Polygon",
        "coordinates": [
          [
            [126.9512155, 37.4498893],
            [126.9512001, 37.4498806],
            [126.9511883, 37.4498926],
            [126.9512042, 37.4499005],
            [126.9512155, 37.4498893]
          ]
        ]
      }
    },
    {
      "type": "Feature",
      "id": "B0010000000RETU04",
      "properties": {
        "label": "자운암"
      },
      "geometry": {
        "type": "Polygon",
        "coordinates": [
          [
            [126.9540936, 37.4494757],
            [126.9540487, 37.4494693],
            [126.9540414, 37.4494951],
            [126.9540864, 37.4495014],
            [126.9540936, 37.4494757]
          ]
        ]
      }
    },
    {
      "type": "Feature",
      "id": "B0010000000RETTX0",
      "properties": {
        "label": null
      },
      "geometry": {
        "type": "Polygon",
        "coordinates": [
          [
            [126.9524445, 37.4493118],
            [126.9524164, 37.4493106],
            [126.9524142, 37.4493524],
            [126.9524422, 37.4493523],
            [126.9524445, 37.4493118]
          ]
        ]
      }
    },
    {
      "type": "Feature",
      "id": "B0010000000RETTVY",
      "properties": {
        "label": "311동화학공정신기술연구소"
      },
      "geometry": {
        "type": "Polygon",
        "coordinates": [
          [
            [126.9517839, 37.4491865],
            [126.9517922, 37.4489269],
            [126.9518573, 37.4489283],
            [126.9518616, 37.448864],
            [126.9518748, 37.4488635],
            [126.9518807, 37.4486611],
            [126.9516413, 37.4486571],
            [126.9516399, 37.4487109],
            [126.9515736, 37.4487105],
            [126.9515732, 37.4487201],
            [126.9515579, 37.4487204],
            [126.9515565, 37.4487934],
            [126.9515772, 37.4487939],
            [126.9515769, 37.44885],
            [126.9515524, 37.4488505],
            [126.9515441, 37.4491826],
            [126.9516333, 37.4491839],
            [126.9516337, 37.449182],
            [126.9516691, 37.4491819],
            [126.9516685, 37.449185],
            [126.9517839, 37.4491865]
          ]
        ]
      }
    },
    {
      "type": "Feature",
      "id": "B0010000000RETTSV",
      "properties": {
        "label": null
      },
      "geometry": {
        "type": "Polygon",
        "coordinates": [
          [
            [126.9528786, 37.449146],
            [126.9528791, 37.4490617],
            [126.9528363, 37.4490617],
            [126.9528355, 37.4491456],
            [126.9528786, 37.449146]
          ]
        ]
      }
    },
    {
      "type": "Feature",
      "id": "B0010000000RETTRU",
      "properties": {
        "label": "302동제2공학관"
      },
      "geometry": {
        "type": "Polygon",
        "coordinates": [
          [
            [126.9527601, 37.4491136],
            [126.9527714, 37.4488256],
            [126.9527902, 37.4488256],
            [126.9527975, 37.44882],
            [126.9528063, 37.4484877],
            [126.9526427, 37.4484849],
            [126.952643, 37.4484446],
            [126.9527988, 37.4484471],
            [126.9528081, 37.4484409],
            [126.9528157, 37.4481744],
            [126.9523515, 37.4481652],
            [126.9523446, 37.4484372],
            [126.9525104, 37.4484393],
            [126.95251, 37.4484823],
            [126.9523724, 37.4484806],
            [126.952368, 37.4484855],
            [126.9523631, 37.448646],
            [126.9523446, 37.4486463],
            [126.9523389, 37.4488037],
            [126.9523009, 37.4488036],
            [126.9523013, 37.4488928],
            [126.9523394, 37.4488936],
            [126.9523328, 37.4490906],
            [126.9523493, 37.449091],
            [126.9523488, 37.449107],
            [126.9523563, 37.4491138],
            [126.9527523, 37.4491214],
            [126.9527601, 37.4491136]
          ]
        ]
      }
    },
    {
      "type": "Feature",
      "id": "B0010000000RETTPS",
      "properties": {
        "label": "자운암"
      },
      "geometry": {
        "type": "Polygon",
        "coordinates": [
          [
            [126.9542312, 37.4490282],
            [126.9541865, 37.4490094],
            [126.9541605, 37.4490422],
            [126.9542063, 37.4490636],
            [126.9542312, 37.4490282]
          ]
        ]
      }
    },
    {
      "type": "Feature",
      "id": "B0010000000RETTNQ",
      "properties": {
        "label": null
      },
      "geometry": {
        "type": "Polygon",
        "coordinates": [
          [
            [126.952879, 37.4490153],
            [126.9528791, 37.4490107],
            [126.9528949, 37.449011],
            [126.9528952, 37.4489891],
            [126.9528798, 37.4489886],
            [126.9528825, 37.4489],
            [126.9528271, 37.4488999],
            [126.9528248, 37.4490143],
            [126.952879, 37.4490153]
          ]
        ]
      }
    },
    {
      "type": "Feature",
      "id": "B0010000000RETTMP",
      "properties": {
        "label": "자운암"
      },
      "geometry": {
        "type": "Polygon",
        "coordinates": [
          [
            [126.9539664, 37.448997],
            [126.9540398, 37.4488955],
            [126.9539545, 37.4488563],
            [126.9539444, 37.4488531],
            [126.9538759, 37.4489257],
            [126.9538757, 37.4489283],
            [126.9538756, 37.4489333],
            [126.9538773, 37.4489395],
            [126.9539263, 37.4489731],
            [126.9539281, 37.448971],
            [126.9539664, 37.448997]
          ]
        ]
      }
    },
    {
      "type": "Feature",
      "id": "B0010000000RETTKN",
      "properties": {
        "label": null
      },
      "geometry": {
        "type": "Polygon",
        "coordinates": [
          [
            [126.9508446, 37.4488611],
            [126.9508027, 37.4488606],
            [126.9508021, 37.4488883],
            [126.9508437, 37.4488892],
            [126.9508446, 37.4488611]
          ]
        ]
      }
    },
    {
      "type": "Feature",
      "id": "B0010000000RETTHK",
      "properties": {
        "label": "310동엔지니어하우스"
      },
      "geometry": {
        "type": "Polygon",
        "coordinates": [
          [
            [126.9511164, 37.4488638],
            [126.9511215, 37.4486695],
            [126.9511336, 37.4486697],
            [126.9511392, 37.4485089],
            [126.951127, 37.448509],
            [126.9511331, 37.4483143],
            [126.9508135, 37.4483092],
            [126.9508095, 37.4484595],
            [126.9507788, 37.4484591],
            [126.9507727, 37.4487072],
            [126.950803, 37.4487081],
            [126.9507977, 37.4488582],
            [126.9511164, 37.4488638]
          ]
        ]
      }
    },
    {
      "type": "Feature",
      "id": "B0010000000RETTDG",
      "properties": {
        "label": "자운암"
      },
      "geometry": {
        "type": "Polygon",
        "coordinates": [
          [
            [126.9544684, 37.4487536],
            [126.9544622, 37.4487421],
            [126.9544537, 37.4487442],
            [126.9544597, 37.4487565],
            [126.9544684, 37.4487536]
          ]
        ]
      }
    },
    {
      "type": "Feature",
      "id": "B0010000000RETTBE",
      "properties": {
        "label": null
      },
      "geometry": {
        "type": "Polygon",
        "coordinates": [
          [
            [126.9528548, 37.44849],
            [126.9528085, 37.44849],
            [126.9528082, 37.4485518],
            [126.9528545, 37.4485523],
            [126.9528548, 37.44849]
          ]
        ]
      }
    },
    {
      "type": "Feature",
      "id": "B0010000000RETTAD",
      "properties": {
        "label": "316동건설환경종합연구소"
      },
      "geometry": {
        "type": "Polygon",
        "coordinates": [
          [
            [126.9502107, 37.4472664],
            [126.9501142, 37.4472846],
            [126.9501425, 37.4473793],
            [126.9501907, 37.4475406],
            [126.9505263, 37.447478],
            [126.9505344, 37.4475029],
            [126.9509565, 37.4474213],
            [126.9508954, 37.4472047],
            [126.9509256, 37.4471998],
            [126.950896, 37.4471095],
            [126.950434, 37.4471927],
            [126.9504449, 37.4472265],
            [126.9503645, 37.4472417],
            [126.9503631, 37.4472378],
            [126.9502107, 37.4472664]
          ]
        ]
      }
    },
    {
      "type": "Feature",
      "id": "B0010000000RETT9C",
      "properties": {
        "label": null
      },
      "geometry": {
        "type": "Polygon",
        "coordinates": [
          [
            [126.951112, 37.4473939],
            [126.9510808, 37.4472907],
            [126.9509387, 37.4473174],
            [126.9509705, 37.4474214],
            [126.951112, 37.4473939]
          ]
        ]
      }
    },
    {
      "type": "Feature",
      "id": "B0010000000RHCGNZ",
      "properties": {
        "label": "70동박물관"
      },
      "geometry": {
        "type": "Polygon",
        "coordinates": [
          [
            [126.9527333, 37.4647277],
            [126.9527171, 37.4645636],
            [126.9525754, 37.4645727],
            [126.9525604, 37.464418],
            [126.9526201, 37.4644139],
            [126.9526059, 37.4642595],
            [126.9525426, 37.4642647],
            [126.9525357, 37.4641996],
            [126.9520225, 37.464233],
            [126.9520284, 37.464298],
            [126.9517876, 37.4643131],
            [126.9517926, 37.4643786],
            [126.9517797, 37.4643797],
            [126.9517676, 37.4643819],
            [126.9517561, 37.4643865],
            [126.9517461, 37.4643939],
            [126.9517397, 37.4644028],
            [126.9517364, 37.4644103],
            [126.9517346, 37.4644193],
            [126.9517349, 37.4644268],
            [126.9517368, 37.4644353],
            [126.9517413, 37.4644431],
            [126.9517483, 37.4644516],
            [126.9517561, 37.4644577],
            [126.9517671, 37.4644622],
            [126.9517802, 37.4644651],
            [126.9517888, 37.4644652],
            [126.9517989, 37.4644651],
            [126.9518653, 37.4644603],
            [126.9518795, 37.4646175],
            [126.9518601, 37.4646182],
            [126.9518764, 37.4647833],
            [126.9527333, 37.4647277]
          ]
        ]
      }
    },
    {
      "type": "Feature",
      "id": "B0010000000SIX4WJ",
      "properties": {
        "label": "75동"
      },
      "geometry": {
        "type": "Polygon",
        "coordinates": [
          [
            [126.9492944, 37.4558774],
            [126.948915, 37.4558497],
            [126.9488632, 37.456316],
            [126.9490753, 37.456327],
            [126.9490816, 37.4562829],
            [126.9491459, 37.4562813],
            [126.9491367, 37.4563536],
            [126.9492556, 37.4563616],
            [126.9492944, 37.4558774]
          ]
        ]
      }
    },
    {
      "type": "Feature",
      "id": "B0010000000SIX6E3",
      "properties": {
        "label": null
      },
      "geometry": {
        "type": "Polygon",
        "coordinates": [
          [
            [126.9528323, 37.4541191],
            [126.9528224, 37.4542295],
            [126.9528372, 37.4542302],
            [126.9528172, 37.4544722],
            [126.9531826, 37.4544863],
            [126.9532012, 37.4543044],
            [126.9530172, 37.454294],
            [126.9530232, 37.454196],
            [126.9529968, 37.4541919],
            [126.9529992, 37.4541434],
            [126.9529216, 37.4541364],
            [126.9529222, 37.4541256],
            [126.9528323, 37.4541191]
          ]
        ]
      }
    }
  ]
}
