{
  "type": "FeatureCollection",
  "exportedFrom": "https://overpass-api.de/api/interpreter",
  "query": "[out:json][timeout:25][bbox:37.4470628,126.9474475,37.4692598,126.9612239];(way[\"building\"];relation[\"building\"];);out geom;",
  "exportedOn": "2026-10-02",
  "copyright": "The data included in this document is from www.openstreetmap.org. The data is made available under ODbL.",
  "features": [
    {
      "type": "Feature",
      "id": "way/93549089",
      "properties": {
        "name": "글로벌공학교육센터"
      },
      "geometry": {
        "type": "Polygon",
        "coordinates": [
          [
            [126.9501728, 37.4545968],
            [126.9509837, 37.4546782],
            [126.9509124, 37.4551259],
            [126.9508022, 37.4551149],
            [126.9505453, 37.4550891],
            [126.9501015, 37.4550446],
            [126.9501728, 37.4545968]
          ]
        ]
      }
    },
    {
      "type": "Feature",
      "id": "way/146155734",
      "properties": {
        "name": "사범대학"
      },
      "geometry": {
        "type": "Polygon",
        "coordinates": [
          [
            [126.9553263, 37.4600893],
            [126.9553466, 37.4600793],
            [126.9555185, 37.4599958],
            [126.9550838, 37.459433],
            [126.9548916, 37.4595266],
            [126.9553263, 37.4600893]
          ]
        ]
      }
    },
    {
      "type": "Feature",
      "id": "way/148286666",
      "properties": {
        "name": "사범대학"
      },
      "geometry": {
        "type": "Polygon",
        "coordinates": [
          [
            [126.9544847, 37.4599413],
            [126.9547959, 37.4603419],
            [126.9549581, 37.4605494],
            [126.9550563, 37.4605012],
            [126.9551468, 37.4604568],
            [126.955102, 37.4603992],
            [126.9546734, 37.4598488],
            [126.9544847, 37.4599413]
          ]
        ]
      }
    },
    {
      "type": "Feature",
      "id": "way/148286730",
      "properties": {
        "name": "중앙도서관"
      },
      "geometry": {
        "type": "Polygon",
        "coordinates": [
          [
            [126.9514427, 37.4592051],
            [126.9516028, 37.4590676],
            [126.9515462, 37.4590261],
            [126.9518019, 37.4588066],
            [126.9518468, 37.4588395],
            [126.9519754, 37.4587291],
            [126.9527119, 37.4592693],
            [126.9525051, 37.4594469],
            [126.9525862, 37.4595064],
            [126.9523964, 37.4596695],
            [126.9523313, 37.4596218],
            [126.9521829, 37.4597493],
            [126.9517214, 37.45941],
            [126.9514427, 37.4592051]
          ]
        ]
      }
    },
    {
      "type": "Feature",
      "id": "way/161950628",
      "properties": {
        "name": "27동"
      },
      "geometry": {
        "type": "Polygon",
        "coordinates": [
          [
            [126.9497268, 37.4577483],
            [126.9498455, 37.4577045],
            [126.9499574, 37.4576631],
            [126.9502112, 37.4581823],
            [126.9503008, 37.4583657],
            [126.9500916, 37.4584381],
            [126.9500582, 37.4583749],
            [126.9500338, 37.4583287],
            [126.949833, 37.4579492],
            [126.9497268, 37.4577483]
          ]
        ]
      }
    },
    {
      "type": "Feature",
      "id": "way/161957771",
      "properties": {
        "name": "자연과학대학"
      },
      "geometry": {
        "type": "Polygon",
        "coordinates": [
          [
            [126.9508318, 37.4587659],
            [126.9507808, 37.4586772],
            [126.9507298, 37.4585884],
            [126.9510913, 37.4584575],
            [126.9512753, 37.4583909],
            [126.9512994, 37.4584328],
            [126.9513773, 37.4585685],
            [126.9508318, 37.4587659]
          ]
        ]
      }
    },
    {
      "type": "Feature",
      "id": "way/161957772",
      "properties": {
        "name": "25동"
      },
      "geometry": {
        "type": "Polygon",
        "coordinates": [
          [
            [126.9500326, 37.459128],
            [126.9496624, 37.4584041],
            [126.9497796, 37.4583686],
            [126.9498877, 37.4583359],
            [126.9499226, 37.4584056],
            [126.9501424, 37.4588444],
            [126.9502525, 37.4590641],
            [126.9501377, 37.4590975],
            [126.9500326, 37.459128]
          ]
        ]
      }
    },
    {
      "type": "Feature",
      "id": "way/162045723",
      "properties": {
        "name": "멀티미디어강의동 (이공계)"
      },
      "geometry": {
        "type": "Polygon",
        "coordinates": [
          [
            [126.9512208, 37.4568554],
            [126.9512468, 37.45668],
            [126.9512851, 37.456421],
            [126.9514339, 37.4564299],
            [126.9515694, 37.4564381],
            [126.951548, 37.4566638],
            [126.9514579, 37.4567877],
            [126.951387, 37.4568852],
            [126.9512208, 37.4568554]
          ]
        ]
      }
    },
    {
      "type": "Feature",
      "id": "way/167595745",
      "properties": {
        "name": "자연과학대학"
      },
      "geometry": {
        "type": "Polygon",
        "coordinates": [
          [
            [126.9511568, 37.4574338],
            [126.9513177, 37.457387],
            [126.9513687, 37.4574934],
            [126.9514116, 37.4574871],
            [126.9514328, 37.457532],
            [126.9515711, 37.4578247],
            [126.9515886, 37.4578618],
            [126.9515618, 37.4578746],
            [126.9516154, 37.4579874],
            [126.9514599, 37.4580449],
            [126.9514035, 37.4579342],
            [126.9513713, 37.4579427],
            [126.9513625, 37.457925],
            [126.9512887, 37.4577759],
            [126.951198, 37.4575928],
            [126.9511836, 37.4575637],
            [126.9512131, 37.4575531],
            [126.9511568, 37.4574338]
          ]
        ]
      }
    },
    {
      "type": "Feature",
      "id": "way/167598052",
      "properties": {
        "name": "약학대학"
      },
      "geometry": {
        "type": "Polygon",
        "coordinates": [
          [
            [126.9519159, 37.45747],
            [126.9520119, 37.4574389],
            [126.952137, 37.4573984],
            [126.9525281, 37.4581588],
            [126.9524698, 37.4581777],
            [126.9523609, 37.458213],
            [126.9523072, 37.4582304],
            [126.9519159, 37.45747]
          ]
        ]
      }
    },
    {
      "type": "Feature",
      "id": "way/167598095",
      "properties": {
        "name": "약학대학"
      },
      "geometry": {
        "type": "Polygon",
        "coordinates": [
          [
            [126.9523769, 37.4584207],
            [126.9524465, 37.4583629],
            [126.9525246, 37.4582946],
            [126.952537, 37.4582841],
            [126.9525778, 37.4583142],
            [126.9527393, 37.4584335],
            [126.953061, 37.4586711],
            [126.9533254, 37.4588664],
            [126.9532352, 37.4589433],
            [126.9531653, 37.4590029],
            [126.9525954, 37.4585821],
            [126.9523769, 37.4584207]
          ]
        ]
      }
    },
    {
      "type": "Feature",
      "id": "way/167605495",
      "properties": {
        "name": "자연과학대학"
      },
      "geometry": {
        "type": "Polygon",
        "coordinates": [
          [
            [126.9506476, 37.4575631],
            [126.9507516, 37.4575267],
            [126.9508533, 37.4574911],
            [126.9509126, 37.4575993],
            [126.9510556, 37.45786],
            [126.9511503, 37.4580326],
            [126.9512503, 37.458215],
            [126.951148, 37.4582608],
            [126.9510411, 37.4583087],
            [126.9509272, 37.4580929],
            [126.9506476, 37.4575631]
          ]
        ]
      }
    },
    {
      "type": "Feature",
      "id": "way/167606938",
      "properties": {
        "name": "상산수리과학관"
      },
      "geometry": {
        "type": "Polygon",
        "coordinates": [
          [
            [126.9494366, 37.457621],
            [126.9494547, 37.4576046],
            [126.9494741, 37.4575869],
            [126.9495331, 37.4575869],
            [126.9495975, 37.4575528],
            [126.9496619, 37.4575315],
            [126.9497316, 37.457523],
            [126.949737, 37.4576423],
            [126.9496351, 37.4576891],
            [126.9495814, 37.4576593],
            [126.9495575, 37.4576854],
            [126.9495385, 37.4577061],
            [126.9495868, 37.4577274],
            [126.9495385, 37.4579787],
            [126.9494473, 37.4579702],
            [126.9493561, 37.4579702],
            [126.9493508, 37.4578978],
            [126.9493829, 37.4576806],
            [126.9494312, 37.4576763],
            [126.9494366, 37.457621]
          ]
        ]
      }
    },
    {
      "type": "Feature",
      "id": "way/167607356",
      "properties": {
        "name": "학생회관(63)"
      },
      "geometry": {
        "type": "Polygon",
        "coordinates": [
          [
            [126.9503245, 37.4590768],
            [126.9506384, 37.4589747],
            [126.9509456, 37.4588747],
            [126.9509973, 37.4589748],
            [126.9510627, 37.459093],
            [126.9506725, 37.459229],
            [126.9508256, 37.4595059],
            [126.950556, 37.4595999],
            [126.9503324, 37.4596798],
            [126.9502466, 37.4596415],
            [126.9500993, 37.459356],
            [126.9502128, 37.4593216],
            [126.9504156, 37.4592531],
            [126.9503804, 37.459185],
            [126.9503245, 37.4590768]
          ]
        ]
      }
    },
    {
      "type": "Feature",
      "id": "way/167608115",
      "properties": {
        "name": "자연과학대학"
      },
      "geometry": {
        "type": "Polygon",
        "coordinates": [
          [
            [126.9500642, 37.4576699],
            [126.9499998, 37.4575464],
            [126.950115, 37.4575024],
            [126.9501447, 37.4574911],
            [126.9502681, 37.4575242],
            [126.9505094, 37.457589],
            [126.9505363, 37.4576742],
            [126.9505041, 37.4577168],
            [126.9503199, 37.457782],
            [126.9502841, 37.4577934],
            [126.9501983, 37.4577764],
            [126.9501554, 37.457704],
            [126.9500642, 37.4576699]
          ]
        ]
      }
    },
    {
      "type": "Feature",
      "id": "way/167609164",
      "properties": {
        "name": "인문대학"
      },
      "geometry": {
        "type": "Polygon",
        "coordinates": [
          [
            [126.9552645, 37.4606733],
            [126.9553989, 37.4608521],
            [126.9548627, 37.4611061],
            [126.9547283, 37.4609272],
            [126.9552645, 37.4606733]
          ]
        ]
      }
    },
    {
      "type": "Feature",
      "id": "way/167609409",
      "properties": {
        "name": "행정관"
      },
      "geometry": {
        "type": "Polygon",
        "coordinates": [
          [
            [126.9508366, 37.4597947],
            [126.9510082, 37.4596534],
            [126.9517108, 37.4601907],
            [126.9515391, 37.4603321],
            [126.951259, 37.4601179],
            [126.9510757, 37.4599776],
            [126.9508366, 37.4597947]
          ]
        ]
      }
    },
    {
      "type": "Feature",
      "id": "way/167656591",
      "properties": {
        "name": "25-1동"
      },
      "geometry": {
        "type": "Polygon",
        "coordinates": [
          [
            [126.9490011, 37.4589681],
            [126.9494429, 37.4588201],
            [126.9494196, 37.4587381],
            [126.9494536, 37.4586838],
            [126.9495376, 37.4586402],
            [126.9496127, 37.4586529],
            [126.9496789, 37.4587307],
            [126.9497272, 37.4587179],
            [126.9498216, 37.4589084],
            [126.9496755, 37.4589539],
            [126.9490942, 37.4591352],
            [126.9490011, 37.4589681]
          ]
        ]
      }
    },
    {
      "type": "Feature",
      "id": "way/167659979",
      "properties": {
        "name": "교수회관"
      },
      "geometry": {
        "type": "Polygon",
        "coordinates": [
          [
            [126.9535976, 37.4577768],
            [126.9539866, 37.4574404],
            [126.9542655, 37.4576299],
            [126.9538444, 37.4580046],
            [126.9537666, 37.4579535],
            [126.9537264, 37.4579769],
            [126.9537371, 37.4580238],
            [126.9536727, 37.4580749],
            [126.9535762, 37.4580749],
            [126.9535199, 37.4580344],
            [126.9534957, 37.4579663],
            [126.9535172, 37.4579088],
            [126.9535628, 37.4578684],
            [126.9536218, 37.4578875],
            [126.9536701, 37.4578407],
            [126.9535976, 37.4577768]
          ]
        ]
      }
    },
    {
      "type": "Feature",
      "id": "way/167660634",
      "properties": {
        "name": "제3식당 (전망대)"
      },
      "geometry": {
        "type": "Polygon",
        "coordinates": [
          [
            [126.9482723, 37.4566224],
            [126.9487017, 37.4566551],
            [126.9487144, 37.4565313],
            [126.9487168, 37.4565098],
            [126.948754, 37.4561839],
            [126.9486224, 37.4561989],
            [126.9484038, 37.4563262],
            [126.9482911, 37.4564667],
            [126.9482723, 37.4566224]
          ]
        ]
      }
    },
    {
      "type": "Feature",
      "id": "way/167663455",
      "properties": {
        "name": "멀티미디어강의동 (인문사회계)"
      },
      "geometry": {
        "type": "Polygon",
        "coordinates": [
          [
            [126.951318, 37.4632326],
            [126.9514903, 37.4631972],
            [126.9515431, 37.4633592],
            [126.9516506, 37.4632216],
            [126.9517442, 37.4632677],
            [126.9518301, 37.4633507],
            [126.9518703, 37.4634508],
            [126.951867, 37.4635143],
            [126.9518649, 37.4635551],
            [126.9518499, 37.4635932],
            [126.9516101, 37.4635338],
            [126.9516982, 37.463804],
            [126.9515166, 37.4638413],
            [126.9513724, 37.4633993],
            [126.951318, 37.4632326]
          ]
        ]
      }
    },
    {
      "type": "Feature",
      "id": "way/167663930",
      "properties": {
        "name": "동원생활관"
      },
      "geometry": {
        "type": "Polygon",
        "coordinates": [
          [
            [126.9514888, 37.4651642],
            [126.9514746, 37.4650253],
            [126.9514653, 37.4649346],
            [126.9515508, 37.4649276],
            [126.9516742, 37.4649175],
            [126.9520125, 37.4648899],
            [126.9520312, 37.4649857],
            [126.9519505, 37.464995],
            [126.9517737, 37.4650155],
            [126.9517737, 37.4650858],
            [126.9516451, 37.4651382],
            [126.9515753, 37.4651667],
            [126.9514888, 37.4651642]
          ]
        ]
      }
    },
    {
      "type": "Feature",
      "id": "way/167665986",
      "properties": {
        "name": "자하연식당"
      },
      "geometry": {
        "type": "Polygon",
        "coordinates": [
          [
            [126.9522075, 37.4609821],
            [126.9526028, 37.460786],
            [126.952681, 37.4608944],
            [126.9527466, 37.4609674],
            [126.9525161, 37.4610838],
            [126.9524433, 37.4610094],
            [126.9523253, 37.4610839],
            [126.9522933, 37.4611033],
            [126.9522352, 37.4610255],
            [126.9522075, 37.4609821]
          ]
        ]
      }
    },
    {
      "type": "Feature",
      "id": "way/167666702",
      "properties": {
        "name": "신양학술정보관 Ⅱ"
      },
      "geometry": {
        "type": "Polygon",
        "coordinates": [
          [
            [126.9530705, 37.4608758],
            [126.9531635, 37.4607892],
            [126.9532194, 37.4607821],
            [126.9533025, 37.4607675],
            [126.9533549, 37.4607432],
            [126.9534138, 37.460816],
            [126.9534769, 37.4608938],
            [126.9531786, 37.4610432],
            [126.9530705, 37.4608758]
          ]
        ]
      }
    },
    {
      "type": "Feature",
      "id": "way/167983080",
      "properties": {
        "name": "인문대학"
      },
      "geometry": {
        "type": "Polygon",
        "coordinates": [
          [
            [126.9525532, 37.4603308],
            [126.9525923, 37.4603106],
            [126.9527177, 37.4602798],
            [126.9527401, 37.4603182],
            [126.9527453, 37.4603358],
            [126.9532158, 37.46019],
            [126.9532535, 37.4602915],
            [126.9532989, 37.4603589],
            [126.9532656, 37.4603873],
            [126.9532354, 37.4603965],
            [126.9526776, 37.4605414],
            [126.9526638, 37.4605557],
            [126.9526412, 37.4604646],
            [126.9525532, 37.4603308]
          ]
        ]
      }
    },
    {
      "type": "Feature",
      "id": "way/167983609",
      "properties": {
        "name": "인문대학"
      },
      "geometry": {
        "type": "Polygon",
        "coordinates": [
          [
            [126.9534467, 37.4604189],
            [126.9532485, 37.4605132],
            [126.9534641, 37.4608044],
            [126.9536409, 37.4610332],
            [126.9537421, 37.4609831],
            [126.9538392, 37.4609389],
            [126.953696, 37.4607505],
            [126.9534467, 37.4604189]
          ]
        ]
      }
    },
    {
      "type": "Feature",
      "id": "way/167983611",
      "properties": {
        "name": "인문대학"
      },
      "geometry": {
        "type": "Polygon",
        "coordinates": [
          [
            [126.9536097, 37.4603613],
            [126.9536484, 37.4603667],
            [126.9538029, 37.4602655],
            [126.9539031, 37.4603967],
            [126.9542558, 37.4608585],
            [126.9542696, 37.4608765],
            [126.9541807, 37.4609194],
            [126.9540711, 37.4609723],
            [126.9538987, 37.4607325],
            [126.9537211, 37.4605088],
            [126.9536097, 37.4603613]
          ]
        ]
      }
    },
    {
      "type": "Feature",
      "id": "way/167983986",
      "properties": {
        "name": "제4식당"
      },
      "geometry": {
        "type": "Polygon",
        "coordinates": [
          [
            [126.9554706, 37.4606997],
            [126.9555958, 37.460639],
            [126.9557871, 37.4605464],
            [126.9558364, 37.4606174],
            [126.9559052, 37.4607167],
            [126.9555994, 37.4608785],
            [126.9554706, 37.4606997]
          ]
        ]
      }
    },
    {
      "type": "Feature",
      "id": "way/167984624",
      "properties": {
        "name": "인문대학"
      },
      "geometry": {
        "type": "Polygon",
        "coordinates": [
          [
            [126.9519763, 37.4602743],
            [126.9526052, 37.4600836],
            [126.952679, 37.4601853],
            [126.95269, 37.4602598],
            [126.9520611, 37.4604506],
            [126.9520184, 37.4603829],
            [126.9519763, 37.4602743]
          ]
        ]
      }
    },
    {
      "type": "Feature",
      "id": "way/179742149",
      "properties": {
        "name": "농업생명과학대학"
      },
      "geometry": {
        "type": "Polygon",
        "coordinates": [
          [
            [126.9488371, 37.4581437],
            [126.9487935, 37.4581368],
            [126.9480865, 37.4580256],
            [126.9481261, 37.4578664],
            [126.9481591, 37.4577338],
            [126.948332, 37.4577609],
            [126.9483975, 37.4574974],
            [126.9482366, 37.4574722],
            [126.9482702, 37.4573373],
            [126.9483052, 37.4571967],
            [126.948995, 37.4573049],
            [126.9490438, 37.4573125],
            [126.9489461, 37.457705],
            [126.9488371, 37.4581437]
          ]
        ]
      }
    },
    {
      "type": "Feature",
      "id": "way/179742150",
      "properties": {
        "name": "자연과학대학 (502)"
      },
      "geometry": {
        "type": "Polygon",
        "coordinates": [
          [
            [126.948309, 37.4597681],
            [126.9476319, 37.4596872],
            [126.9476801, 37.4594328],
            [126.9483572, 37.4595137],
            [126.948309, 37.4597681]
          ]
        ]
      }
    },
    {
      "type": "Feature",
      "id": "way/179742151",
      "properties": {
        "name": "26동"
      },
      "geometry": {
        "type": "Polygon",
        "coordinates": [
          [
            [126.9502342, 37.4589094],
            [126.9501849, 37.4588151],
            [126.9501483, 37.4587451],
            [126.9504406, 37.4586488],
            [126.9505265, 37.4588131],
            [126.9502342, 37.4589094]
          ]
        ]
      }
    },
    {
      "type": "Feature",
      "id": "way/179742153",
      "properties": {
        "name": "자연과학대학"
      },
      "geometry": {
        "type": "Polygon",
        "coordinates": [
          [
            [126.9484561, 37.4588862],
            [126.9477907, 37.4588],
            [126.947838, 37.4585697],
            [126.9485034, 37.4586559],
            [126.9484796, 37.4587718],
            [126.9484561, 37.4588862]
          ]
        ]
      }
    },
    {
      "type": "Feature",
      "id": "way/179742154",
      "properties": {
        "name": "공과대학"
      },
      "geometry": {
        "type": "Polygon",
        "coordinates": [
          [
            [126.9511307, 37.4551846],
            [126.9511417, 37.4551025],
            [126.9512196, 37.455109],
            [126.9512248, 37.4550706],
            [126.9511289, 37.4550626],
            [126.9511632, 37.4548053],
            [126.9512651, 37.4548139],
            [126.9512688, 37.4547855],
            [126.9511605, 37.4547764],
            [126.9511924, 37.4545373],
            [126.9513313, 37.454549],
            [126.951338, 37.4544984],
            [126.9512098, 37.4544876],
            [126.9512297, 37.454338],
            [126.9514985, 37.4543606],
            [126.9518876, 37.4543933],
            [126.9518681, 37.4545396],
            [126.9516924, 37.4545249],
            [126.951683, 37.4545954],
            [126.9518519, 37.4546096],
            [126.9518297, 37.4547759],
            [126.9516691, 37.4547624],
            [126.9516555, 37.4548643],
            [126.951829, 37.4548789],
            [126.951807, 37.4550433],
            [126.9516309, 37.4550285],
            [126.9516233, 37.4550862],
            [126.9517856, 37.4550999],
            [126.9517672, 37.4552381],
            [126.9511307, 37.4551846]
          ]
        ]
      }
    },
    {
      "type": "Feature",
      "id": "way/179742155",
      "properties": {
        "name": "자연과학대학"
      },
      "geometry": {
        "type": "Polygon",
        "coordinates": [
          [
            [126.94838, 37.4593397],
            [126.9476671, 37.459246],
            [126.9477165, 37.4590089],
            [126.9484295, 37.4591025],
            [126.9484402, 37.4591153],
            [126.94838, 37.4593397]
          ]
        ]
      }
    },
    {
      "type": "Feature",
      "id": "way/180954536",
      "properties": {
        "name": "사범대학"
      },
      "geometry": {
        "type": "Polygon",
        "coordinates": [
          [
            [126.9552198, 37.4604591],
            [126.9551612, 37.4603853],
            [126.9550971, 37.4603046],
            [126.955226, 37.4602402],
            [126.9555273, 37.4600891],
            [126.955599, 37.4601793],
            [126.9556501, 37.4602436],
            [126.9552198, 37.4604591]
          ]
        ]
      }
    },
    {
      "type": "Feature",
      "id": "way/185936758",
      "properties": {
        "name": "법과대학"
      },
      "geometry": {
        "type": "Polygon",
        "coordinates": [
          [
            [126.9514357, 37.4620165],
            [126.9513027, 37.4621276],
            [126.9514511, 37.4622388],
            [126.9519341, 37.46261],
            [126.9519917, 37.4625626],
            [126.9520672, 37.4625006],
            [126.9515344, 37.4620922],
            [126.9514357, 37.4620165]
          ]
        ]
      }
    },
    {
      "type": "Feature",
      "id": "way/185936759",
      "properties": {
        "name": "경영대학 (SK경영관)"
      },
      "geometry": {
        "type": "Polygon",
        "coordinates": [
          [
            [126.9517037, 37.465136],
            [126.95187, 37.4650892],
            [126.952031, 37.4650892],
            [126.9520417, 37.4652254],
            [126.9519237, 37.4653361],
            [126.951972, 37.4653361],
            [126.9519771, 37.4653816],
            [126.9519996, 37.4655828],
            [126.9520241, 37.4655946],
            [126.9520701, 37.4655824],
            [126.9520653, 37.4655182],
            [126.9526875, 37.4654732],
            [126.9526786, 37.465551],
            [126.9526999, 37.4656726],
            [126.9520659, 37.4657048],
            [126.9520685, 37.465813],
            [126.9518647, 37.465796],
            [126.9518432, 37.4657704],
            [126.9517735, 37.465779],
            [126.9517565, 37.465622],
            [126.9517084, 37.4651791],
            [126.9517037, 37.465136]
          ]
        ]
      }
    },
    {
      "type": "Feature",
      "id": "way/193893586",
      "properties": {
        "name": "버들골 풍산마당"
      },
      "geometry": {
        "type": "Polygon",
        "coordinates": [
          [
            [126.9552298, 37.4584994],
            [126.9553613, 37.4585676],
            [126.9555195, 37.4585804],
            [126.9556751, 37.4585675],
            [126.9557851, 37.4584824],
            [126.9557905, 37.4583312],
            [126.9557153, 37.458246],
            [126.9556081, 37.4581992],
            [126.9555088, 37.4581736],
            [126.9553855, 37.4581779],
            [126.9552835, 37.4582119],
            [126.9551816, 37.4582652],
            [126.9551629, 37.458346],
            [126.9551601, 37.4584334],
            [126.9552298, 37.4584994]
          ]
        ]
      }
    },
    {
      "type": "Feature",
      "id": "way/193893590",
      "properties": {
        "name": "정보화본부(102동)"
      },
      "geometry": {
        "type": "Polygon",
        "coordinates": [
          [
            [126.9490152, 37.4592659],
            [126.9493666, 37.4591509],
            [126.949403, 37.4592377],
            [126.949439, 37.4593234],
            [126.9492915, 37.4593787],
            [126.9494755, 37.459734],
            [126.9495517, 37.4598812],
            [126.949434, 37.4599264],
            [126.9493317, 37.4599642],
            [126.9490152, 37.459334],
            [126.9490452, 37.4593257],
            [126.9490152, 37.4592659]
          ]
        ]
      }
    },
    {
      "type": "Feature",
      "id": "way/193893591",
      "properties": {
        "name": "교수학습개발센터 및 기초교육원"
      },
      "geometry": {
        "type": "Polygon",
        "coordinates": [
          [
            [126.9535911, 37.4600728],
            [126.9539639, 37.4598876],
            [126.9539746, 37.4598599],
            [126.9541409, 37.4597662],
            [126.9540739, 37.4596619],
            [126.9539317, 37.4596342],
            [126.953819, 37.4596917],
            [126.9537654, 37.4597151],
            [126.9534274, 37.4595831],
            [126.9533765, 37.4596768],
            [126.9532906, 37.4597215],
            [126.9533336, 37.4597492],
            [126.9535451, 37.460015],
            [126.9535911, 37.4600728]
          ]
        ]
      }
    },
    {
      "type": "Feature",
      "id": "way/228476658",
      "properties": {
        "name": "제1공학관"
      },
      "geometry": {
        "type": "Polygon",
        "coordinates": [
          [
            [126.9522037, 37.4492634],
            [126.9522493, 37.4492634],
            [126.9524049, 37.4492618],
            [126.952657, 37.4492591],
            [126.9526704, 37.4497595],
            [126.9525953, 37.4497595],
            [126.9526301, 37.4504856],
            [126.9524317, 37.4504835],
            [126.9522332, 37.4504814],
            [126.9522241, 37.4501791],
            [126.9522211, 37.4500777],
            [126.9522117, 37.4497659],
            [126.9523673, 37.449768],
            [126.95237, 37.4496956],
            [126.9522144, 37.4496935],
            [126.9522091, 37.4494785],
            [126.9522073, 37.449335],
            [126.9522069, 37.4493073],
            [126.9522037, 37.4492634]
          ]
        ]
      }
    },
    {
      "type": "Feature",
      "id": "way/230089557",
      "properties": {
        "name": "국제백신연구소"
      },
      "geometry": {
        "type": "Polygon",
        "coordinates": [
          [
            [126.9594484, 37.4647633],
            [126.9595128, 37.4646973],
            [126.9596281, 37.4647676],
            [126.959722, 37.4646952],
            [126.9596201, 37.4645909],
            [126.9595128, 37.4645228],
            [126.9595771, 37.4645015],
            [126.9596361, 37.4644376],
            [126.9597649, 37.4643993],
            [126.9598159, 37.464461],
            [126.9600036, 37.4646249],
            [126.9604945, 37.4648825],
            [126.9603496, 37.4650678],
            [126.9600626, 37.4649102],
            [126.9600278, 37.4649485],
            [126.9600841, 37.4649847],
            [126.9600063, 37.4650529],
            [126.9594484, 37.4647633]
          ]
        ]
      }
    },
    {
      "type": "Feature",
      "id": "way/231167704",
      "properties": {
        "name": "사회과학관 (이희건관)"
      },
      "geometry": {
        "type": "Polygon",
        "coordinates": [
          [
            [126.9510651, 37.464347],
            [126.95131, 37.4642902],
            [126.9512908, 37.464238],
            [126.9512239, 37.4640492],
            [126.951244, 37.4640434],
            [126.95132, 37.464024],
            [126.9510905, 37.4634007],
            [126.9510957, 37.4633538],
            [126.9511017, 37.4633003],
            [126.9514884, 37.4629774],
            [126.9512727, 37.4628147],
            [126.9511895, 37.4628842],
            [126.9508939, 37.4631361],
            [126.9509386, 37.4631631],
            [126.9508391, 37.4632472],
            [126.9508093, 37.4632672],
            [126.9509418, 37.4634592],
            [126.9505844, 37.4637799],
            [126.9508749, 37.4639543],
            [126.9509158, 37.4639883],
            [126.9510651, 37.464347]
          ]
        ]
      }
    },
    {
      "type": "Feature",
      "id": "way/231168241",
      "properties": {
        "name": "아시아연구소"
      },
      "geometry": {
        "type": "Polygon",
        "coordinates": [
          [
            [126.9501283, 37.463537],
            [126.9504083, 37.4632976],
            [126.9504826, 37.4632363],
            [126.9502808, 37.4630865],
            [126.9502006, 37.4631546],
            [126.9501089, 37.4630865],
            [126.9500188, 37.4631629],
            [126.9498348, 37.4633191],
            [126.9501283, 37.463537]
          ]
        ]
      }
    },
    {
      "type": "Feature",
      "id": "way/231168242",
      "properties": {
        "name": "두레학생문예관"
      },
      "geometry": {
        "type": "Polygon",
        "coordinates": [
          [
            [126.9493515, 37.4636495],
            [126.949435, 37.46352],
            [126.9494722, 37.4634622],
            [126.9496304, 37.4633642],
            [126.9496546, 37.4633621],
            [126.949737, 37.4634278],
            [126.9499028, 37.46356],
            [126.9496734, 37.4637412],
            [126.9496225, 37.4637006],
            [126.9496037, 37.4637155],
            [126.9495848, 37.4637304],
            [126.9495312, 37.4637219],
            [126.9494534, 37.4636687],
            [126.9494078, 37.4636921],
            [126.9493515, 37.4636495]
          ]
        ]
      }
    },
    {
      "type": "Feature",
      "id": "way/238935654",
      "properties": {
        "name": "신양학술정보관 Ⅲ"
      },
      "geometry": {
        "type": "Polygon",
        "coordinates": [
          [
            [126.9510028, 37.4629427],
            [126.9511223, 37.4628361],
            [126.9511854, 37.4627793],
            [126.9509743, 37.4626307],
            [126.95088, 37.4625643],
            [126.9508232, 37.4626151],
            [126.9506974, 37.4627277],
            [126.9508084, 37.4628058],
            [126.9510028, 37.4629427]
          ]
        ]
      }
    },
    {
      "type": "Feature",
      "id": "way/238935744",
      "properties": {
        "name": "법학도서관 (국산도서관, 서암관)"
      },
      "geometry": {
        "type": "Polygon",
        "coordinates": [
          [
            [126.9519794, 37.4621496],
            [126.9522974, 37.4618834],
            [126.9518818, 37.4615706],
            [126.9515638, 37.4618368],
            [126.9516228, 37.4618812],
            [126.9519794, 37.4621496]
          ]
        ]
      }
    },
    {
      "type": "Feature",
      "id": "way/238935767",
      "properties": {
        "name": "근대법학교육100주년기념관"
      },
      "geometry": {
        "type": "Polygon",
        "coordinates": [
          [
            [126.9520264, 37.462166],
            [126.9522196, 37.4620127],
            [126.9522703, 37.462071],
            [126.9523, 37.4621149],
            [126.9523293, 37.462186],
            [126.9523429, 37.4622639],
            [126.9523185, 37.4623691],
            [126.9522649, 37.4624457],
            [126.9521927, 37.4624981],
            [126.9519835, 37.4623491],
            [126.952012, 37.4623323],
            [126.9520372, 37.462315],
            [126.9520694, 37.462281],
            [126.9520747, 37.4622426],
            [126.952064, 37.4622086],
            [126.9520264, 37.462166]
          ]
        ]
      }
    },
    {
      "type": "Feature",
      "id": "way/238935852",
      "properties": {
        "name": "규장각한국학연구원"
      },
      "geometry": {
        "type": "Polygon",
        "coordinates": [
          [
            [126.9496798, 37.4623445],
            [126.9498485, 37.4624683],
            [126.9498753, 37.4624555],
            [126.9500094, 37.4625535],
            [126.9500631, 37.4625072],
            [126.9501593, 37.4625775],
            [126.9502562, 37.4624939],
            [126.9502854, 37.4625309],
            [126.9503532, 37.4624727],
            [126.9503959, 37.4625041],
            [126.9507001, 37.4622429],
            [126.9504109, 37.4620306],
            [126.9502138, 37.461886],
            [126.9496798, 37.4623445]
          ]
        ]
      }
    },
    {
      "type": "Feature",
      "id": "way/238935911",
      "properties": {
        "name": "법과대학"
      },
      "geometry": {
        "type": "Polygon",
        "coordinates": [
          [
            [126.9514741, 37.4629367],
            [126.9517315, 37.4627185],
            [126.9517981, 37.462768],
            [126.951835, 37.4627367],
            [126.9519452, 37.4626433],
            [126.9520087, 37.4626905],
            [126.9520826, 37.4627454],
            [126.9518656, 37.4629293],
            [126.9518062, 37.4628852],
            [126.9516187, 37.4630442],
            [126.9514741, 37.4629367]
          ]
        ]
      }
    },
    {
      "type": "Feature",
      "id": "way/238936704",
      "properties": {
        "name": "기초사범교육협력센터"
      },
      "geometry": {
        "type": "Polygon",
        "coordinates": [
          [
            [126.9547644, 37.4598236],
            [126.9549023, 37.4597043],
            [126.9549291, 37.4596846],
            [126.9548242, 37.4595573],
            [126.9547921, 37.4595064],
            [126.954795, 37.4594486],
            [126.9548504, 37.4593583],
            [126.9548737, 37.4593699],
            [126.9549116, 37.4594324],
            [126.9549757, 37.4593953],
            [126.954932, 37.4593259],
            [126.9547309, 37.459245],
            [126.9545997, 37.4594324],
            [126.9545706, 37.4594948],
            [126.9545881, 37.4595689],
            [126.954648, 37.4596555],
            [126.9547644, 37.4598236]
          ]
        ]
      }
    },
    {
      "type": "Feature",
      "id": "way/238936948",
      "properties": {
        "name": "인문대학"
      },
      "geometry": {
        "type": "Polygon",
        "coordinates": [
          [
            [126.95436, 37.4609354],
            [126.9543, 37.4608527],
            [126.9542366, 37.4607651],
            [126.9543388, 37.4607101],
            [126.9545068, 37.4606182],
            [126.9546872, 37.4605224],
            [126.9547527, 37.4606077],
            [126.9548213, 37.460697],
            [126.95436, 37.4609354]
          ]
        ]
      }
    },
    {
      "type": "Feature",
      "id": "way/238937021",
      "properties": {
        "name": "인문대학"
      },
      "geometry": {
        "type": "Polygon",
        "coordinates": [
          [
            [126.9545068, 37.4606182],
            [126.9544738, 37.4605778],
            [126.9541744, 37.4601797],
            [126.9540381, 37.4599986],
            [126.9541051, 37.4599612],
            [126.9542366, 37.4598879],
            [126.954364, 37.4600633],
            [126.9547044, 37.4605141],
            [126.9546959, 37.4605183],
            [126.9546872, 37.4605224],
            [126.9545068, 37.4606182]
          ]
        ]
      }
    },
    {
      "type": "Feature",
      "id": "way/238937058",
      "properties": {
        "name": "두산인문관"
      },
      "geometry": {
        "type": "Polygon",
        "coordinates": [
          [
            [126.953935, 37.4602964],
            [126.9540973, 37.4602173],
            [126.9541744, 37.4601797],
            [126.9540381, 37.4599986],
            [126.9538036, 37.460126],
            [126.9539079, 37.4602613],
            [126.953935, 37.4602964]
          ]
        ]
      }
    },
    {
      "type": "Feature",
      "id": "way/238937145",
      "properties": {
        "name": "교육정보관"
      },
      "geometry": {
        "type": "Polygon",
        "coordinates": [
          [
            [126.9562161, 37.4600199],
            [126.9557435, 37.4602695],
            [126.9556396, 37.4601308],
            [126.9557654, 37.4600668],
            [126.9557261, 37.4600178],
            [126.9556689, 37.459939],
            [126.9556284, 37.4599888],
            [126.9555133, 37.459922],
            [126.955626, 37.4598155],
            [126.9557654, 37.4597559],
            [126.9559449, 37.4597631],
            [126.9560337, 37.4598411],
            [126.9560659, 37.459824],
            [126.9562161, 37.4600199]
          ]
        ]
      }
    },
    {
      "type": "Feature",
      "id": "way/238937635",
      "properties": {
        "name": "24동"
      },
      "geometry": {
        "type": "Polygon",
        "coordinates": [
          [
            [126.9499665, 37.4598156],
            [126.9500912, 37.4597736],
            [126.9502103, 37.4597334],
            [126.9501529, 37.4596211],
            [126.9499727, 37.4592687],
            [126.9498538, 37.4590363],
            [126.949737, 37.4590795],
            [126.9496234, 37.4591215],
            [126.9499665, 37.4598156]
          ]
        ]
      }
    },
    {
      "type": "Feature",
      "id": "way/238937965",
      "properties": {
        "name": "수의과대학"
      },
      "geometry": {
        "type": "Polygon",
        "coordinates": [
          [
            [126.9529884, 37.467616],
            [126.9531626, 37.4672572],
            [126.9532632, 37.467288],
            [126.9533676, 37.467073],
            [126.9535987, 37.4671437],
            [126.9535233, 37.4672991],
            [126.9537792, 37.4673774],
            [126.9538557, 37.4672199],
            [126.9538933, 37.4672454],
            [126.9539318, 37.4671812],
            [126.9540086, 37.4672103],
            [126.9539857, 37.4672485],
            [126.9540692, 37.4672801],
            [126.9537876, 37.4677491],
            [126.9537026, 37.467717],
            [126.9536167, 37.467734],
            [126.9535768, 37.4676797],
            [126.9537323, 37.4675094],
            [126.9535011, 37.4674387],
            [126.9533598, 37.4677297],
            [126.9529884, 37.467616]
          ]
        ]
      }
    },
    {
      "type": "Feature",
      "id": "way/251646340",
      "properties": {
        "name": "사범대학"
      },
      "geometry": {
        "type": "Polygon",
        "coordinates": [
          [
            [126.9543186, 37.459454],
            [126.9543504, 37.4593929],
            [126.9543987, 37.4592999],
            [126.9536918, 37.4590468],
            [126.953422, 37.4589502],
            [126.9533728, 37.4590472],
            [126.9533389, 37.459114],
            [126.9539779, 37.4593358],
            [126.9543186, 37.459454]
          ]
        ]
      }
    },
    {
      "type": "Feature",
      "id": "way/252233408",
      "properties": {
        "name": "서울대학교 미술관"
      },
      "geometry": {
        "type": "Polygon",
        "coordinates": [
          [
            [126.949763, 37.4661502],
            [126.9494273, 37.4666214],
            [126.949666, 37.4667285],
            [126.9500016, 37.4662573],
            [126.949763, 37.4661502]
          ]
        ]
      }
    },
    {
      "type": "Feature",
      "id": "way/262983332",
      "properties": {
        "name": "공과대학"
      },
      "geometry": {
        "type": "Polygon",
        "coordinates": [
          [
            [126.9505528, 37.4560337],
            [126.9507038, 37.4560478],
            [126.9508468, 37.4560611],
            [126.950869, 37.455911],
            [126.9509339, 37.4554731],
            [126.9509441, 37.4554042],
            [126.9509496, 37.4553671],
            [126.9506555, 37.4553396],
            [126.9505528, 37.4560337]
          ]
        ]
      }
    },
    {
      "type": "Feature",
      "id": "way/297044753",
      "properties": {
        "name": "IBK 커뮤니케이션센터"
      },
      "geometry": {
        "type": "Polygon",
        "coordinates": [
          [
            [126.9494833, 37.4638413],
            [126.9494878, 37.4638442],
            [126.9494933, 37.4638399],
            [126.9492974, 37.4636906],
            [126.9492937, 37.4636941],
            [126.9492976, 37.463697],
            [126.9491402, 37.4638261],
            [126.94908, 37.4638755],
            [126.9492666, 37.4640187],
            [126.9494833, 37.4638413]
          ]
        ]
      }
    },
    {
      "type": "Feature",
      "id": "way/297046999",
      "properties": {
        "name": "종합교육연구동"
      },
      "geometry": {
        "type": "Polygon",
        "coordinates": [
          [
            [126.9537092, 37.4648211],
            [126.95364, 37.4647248],
            [126.9535764, 37.4646363],
            [126.9537732, 37.4645532],
            [126.9539991, 37.464463],
            [126.9539523, 37.4643906],
            [126.9538453, 37.4642254],
            [126.9536503, 37.4639241],
            [126.9536127, 37.463866],
            [126.9540499, 37.4636752],
            [126.9541532, 37.463818],
            [126.953927, 37.4639211],
            [126.9540005, 37.4640225],
            [126.9540344, 37.4640694],
            [126.954249, 37.4639716],
            [126.954349, 37.4641099],
            [126.9541163, 37.464216],
            [126.9542361, 37.4643816],
            [126.9544821, 37.4642695],
            [126.9547195, 37.4645977],
            [126.9544709, 37.464711],
            [126.9543616, 37.4645599],
            [126.9542523, 37.4646097],
            [126.9537092, 37.4648211]
          ]
        ]
      }
    },
    {
      "type": "Feature",
      "id": "way/297047243",
      "properties": {
        "name": "보건대학원"
      },
      "geometry": {
        "type": "Polygon",
        "coordinates": [
          [
            [126.9547169, 37.4652385],
            [126.9544793, 37.4648955],
            [126.954398, 37.464778],
            [126.9547835, 37.4646098],
            [126.9548552, 37.4645785],
            [126.9549602, 37.4647301],
            [126.9547074, 37.4648403],
            [126.9549214, 37.4651493],
            [126.9547169, 37.4652385]
          ]
        ]
      }
    },
    {
      "type": "Feature",
      "id": "way/297047483",
      "properties": {
        "name": "환경대학원"
      },
      "geometry": {
        "type": "Polygon",
        "coordinates": [
          [
            [126.9537309, 37.4623748],
            [126.9542339, 37.462462],
            [126.9542812, 37.4622902],
            [126.9543568, 37.4620156],
            [126.9543655, 37.4619839],
            [126.9540832, 37.4619349],
            [126.9540041, 37.4622251],
            [126.9539981, 37.462244],
            [126.9537775, 37.4622057],
            [126.9537309, 37.4623748]
          ]
        ]
      }
    },
    {
      "type": "Feature",
      "id": "way/297047750",
      "properties": {
        "name": "자연과학대학"
      },
      "geometry": {
        "type": "Polygon",
        "coordinates": [
          [
            [126.9484774, 37.4604094],
            [126.9484204, 37.4602745],
            [126.948371, 37.4602852],
            [126.9482446, 37.4599398],
            [126.9483244, 37.4599231],
            [126.9485227, 37.4598953],
            [126.9486026, 37.4598762],
            [126.9487001, 37.4601815],
            [126.9486131, 37.4602392],
            [126.9486474, 37.460348],
            [126.9486088, 37.4603562],
            [126.9485521, 37.4603683],
            [126.9485617, 37.4603925],
            [126.9484774, 37.4604094]
          ]
        ]
      }
    },
    {
      "type": "Feature",
      "id": "way/300587512",
      "properties": {
        "name": null
      },
      "geometry": {
        "type": "Polygon",
        "coordinates": [
          [
            [126.9533254, 37.4588664],
            [126.953422, 37.4589502],
            [126.9533728, 37.4590472],
            [126.9532352, 37.4589433],
            [126.9533254, 37.4588664]
          ]
        ]
      }
    },
    {
      "type": "Feature",
      "id": "way/310022287",
      "properties": {
        "name": "BK국제관"
      },
      "geometry": {
        "type": "Polygon",
        "coordinates": [
          [
            [126.9583656, 37.4648503],
            [126.9583642, 37.464886],
            [126.9581155, 37.46488],
            [126.9580073, 37.4648777],
            [126.9580022, 37.4650295],
            [126.9580469, 37.4650305],
            [126.9582439, 37.4650358],
            [126.9582307, 37.4653446],
            [126.9582253, 37.4654854],
            [126.9580143, 37.4654803],
            [126.9580078, 37.4656509],
            [126.9584385, 37.4656612],
            [126.9584693, 37.4648528],
            [126.9583656, 37.4648503]
          ]
        ]
      }
    },
    {
      "type": "Feature",
      "id": "way/313338192",
      "properties": {
        "name": "SK텔레콤 연구동"
      },
      "geometry": {
        "type": "Polygon",
        "coordinates": [
          [
            [126.9603267, 37.4660966],
            [126.9602657, 37.4660522],
            [126.9603613, 37.4659696],
            [126.960976, 37.4664177],
            [126.96071, 37.4666476],
            [126.9604538, 37.4664609],
            [126.9605424, 37.4663843],
            [126.9602448, 37.4661673],
            [126.9603267, 37.4660966]
          ]
        ]
      }
    },
    {
      "type": "Feature",
      "id": "way/320669392",
      "properties": {
        "name": "해동학술관"
      },
      "geometry": {
        "type": "Polygon",
        "coordinates": [
          [
            [126.9497024, 37.4560368],
            [126.9496668, 37.4562806],
            [126.9496553, 37.4562847],
            [126.9496686, 37.4563081],
            [126.9496829, 37.4563333],
            [126.9497965, 37.4562925],
            [126.949867, 37.456299],
            [126.9498738, 37.4562521],
            [126.9498932, 37.4561195],
            [126.9498375, 37.4561144],
            [126.9498469, 37.4560501],
            [126.9497024, 37.4560368]
          ]
        ]
      }
    },
    {
      "type": "Feature",
      "id": "way/320674219",
      "properties": {
        "name": "I"
      },
      "geometry": {
        "type": "Polygon",
        "coordinates": [
          [
            [126.9567149, 37.4683334],
            [126.9572622, 37.4685584],
            [126.9573301, 37.4684544],
            [126.9567827, 37.4682295],
            [126.9567149, 37.4683334]
          ]
        ]
      }
    },
    {
      "type": "Feature",
      "id": "way/329398175",
      "properties": {
        "name": "관정도서관"
      },
      "geometry": {
        "type": "Polygon",
        "coordinates": [
          [
            [126.9518425, 37.458584],
            [126.9528919, 37.4593724],
            [126.9529427, 37.4593299],
            [126.9529954, 37.4592857],
            [126.9519808, 37.4585234],
            [126.951946, 37.4584972],
            [126.9518425, 37.458584]
          ]
        ]
      }
    },
    {
      "type": "Feature",
      "id": "way/329398248",
      "properties": {
        "name": "자연과학대학"
      },
      "geometry": {
        "type": "Polygon",
        "coordinates": [
          [
            [126.9483244, 37.4599231],
            [126.948309, 37.4597681],
            [126.9483572, 37.4595137],
            [126.94838, 37.4593397],
            [126.9484402, 37.4591153],
            [126.9484295, 37.4591025],
            [126.9484561, 37.4588862],
            [126.9484796, 37.4587718],
            [126.9485034, 37.4586559],
            [126.9487306, 37.4586211],
            [126.9485318, 37.4594722],
            [126.9484636, 37.4597507],
            [126.948493, 37.4598227],
            [126.9485227, 37.4598953],
            [126.9483244, 37.4599231]
          ]
        ]
      }
    },
    {
      "type": "Feature",
      "id": "way/347804717",
      "properties": {
        "name": "공과대학"
      },
      "geometry": {
        "type": "Polygon",
        "coordinates": [
          [
            [126.9510505, 37.4563408],
            [126.9510714, 37.4561713],
            [126.9504705, 37.4561245],
            [126.9504632, 37.4561842],
            [126.9500022, 37.4561484],
            [126.9499934, 37.4562195],
            [126.9504416, 37.4562544],
            [126.9504369, 37.456293],
            [126.9510505, 37.4563408]
          ]
        ]
      }
    },
    {
      "type": "Feature",
      "id": "way/347806719",
      "properties": {
        "name": "공학관7"
      },
      "geometry": {
        "type": "Polygon",
        "coordinates": [
          [
            [126.9510516, 37.4556078],
            [126.951068, 37.4554841],
            [126.9510776, 37.4554112],
            [126.9510822, 37.455376],
            [126.951758, 37.4554322],
            [126.9517274, 37.455664],
            [126.9514988, 37.455645],
            [126.9510516, 37.4556078]
          ]
        ]
      }
    },
    {
      "type": "Feature",
      "id": "way/347806720",
      "properties": {
        "name": "공학관5"
      },
      "geometry": {
        "type": "Polygon",
        "coordinates": [
          [
            [126.951331, 37.4562137],
            [126.9514663, 37.4562271],
            [126.9516281, 37.4562431],
            [126.951668, 37.4558691],
            [126.9516767, 37.4557875],
            [126.9514797, 37.4557707],
            [126.9513898, 37.455763],
            [126.9513371, 37.4561672],
            [126.951331, 37.4562137]
          ]
        ]
      }
    },
    {
      "type": "Feature",
      "id": "way/347806722",
      "properties": {
        "name": "신양학술정보관 I"
      },
      "geometry": {
        "type": "Polygon",
        "coordinates": [
          [
            [126.9519383, 37.4554404],
            [126.9521361, 37.4554458],
            [126.952156, 37.4549865],
            [126.9519582, 37.454981],
            [126.9519527, 37.455135],
            [126.9519383, 37.4554404]
          ]
        ]
      }
    },
    {
      "type": "Feature",
      "id": "way/347806723",
      "properties": {
        "name": "대학신문"
      },
      "geometry": {
        "type": "Polygon",
        "coordinates": [
          [
            [126.9490928, 37.4562652],
            [126.949117, 37.4562661],
            [126.9491572, 37.4562678],
            [126.9491534, 37.4563274],
            [126.9492614, 37.4563318],
            [126.9492858, 37.4559553],
            [126.9492907, 37.4558793],
            [126.9489098, 37.4558638],
            [126.9488816, 37.4562988],
            [126.9490901, 37.4563073],
            [126.9490928, 37.4562652]
          ]
        ]
      }
    },
    {
      "type": "Feature",
      "id": "way/347806730",
      "properties": {
        "name": "A"
      },
      "geometry": {
        "type": "Polygon",
        "coordinates": [
          [
            [126.9568517, 37.4668954],
            [126.9573731, 37.4672481],
            [126.9574542, 37.4671726],
            [126.9569328, 37.4668199],
            [126.9568517, 37.4668954]
          ]
        ]
      }
    },
    {
      "type": "Feature",
      "id": "way/347806732",
      "properties": {
        "name": "B"
      },
      "geometry": {
        "type": "Polygon",
        "coordinates": [
          [
            [126.9574219, 37.4672744],
            [126.9575292, 37.4671765],
            [126.9576043, 37.467219],
            [126.9576364, 37.4674234],
            [126.9574219, 37.4672744]
          ]
        ]
      }
    },
    {
      "type": "Feature",
      "id": "way/347806733",
      "properties": {
        "name": "C"
      },
      "geometry": {
        "type": "Polygon",
        "coordinates": [
          [
            [126.956585, 37.4671424],
            [126.956644, 37.4670402],
            [126.9569552, 37.4671467],
            [126.9572878, 37.4673681],
            [126.9571805, 37.4674788],
            [126.9568425, 37.4672701],
            [126.956585, 37.4671424]
          ]
        ]
      }
    },
    {
      "type": "Feature",
      "id": "way/377154957",
      "properties": {
        "name": "공대간이식당"
      },
      "geometry": {
        "type": "Polygon",
        "coordinates": [
          [
            [126.9506284, 37.4572856],
            [126.9506316, 37.4572612],
            [126.9506354, 37.4572318],
            [126.950765, 37.457242],
            [126.9508035, 37.4572346],
            [126.9508327, 37.457217],
            [126.9508514, 37.4571976],
            [126.9509121, 37.4572198],
            [126.9508911, 37.4572476],
            [126.9508467, 37.4572745],
            [126.9507977, 37.4572893],
            [126.9507416, 37.4572958],
            [126.9506284, 37.4572856]
          ]
        ]
      }
    },
    {
      "type": "Feature",
      "id": "way/386889980",
      "properties": {
        "name": "국제대학원"
      },
      "geometry": {
        "type": "Polygon",
        "coordinates": [
          [
            [126.9546435, 37.464192],
            [126.9550256, 37.4647477],
            [126.9550964, 37.4646877],
            [126.9550582, 37.4644339],
            [126.9548529, 37.4641],
            [126.9547584, 37.4639469],
            [126.9547346, 37.4639084],
            [126.9544427, 37.4640233],
            [126.9544007, 37.4639788],
            [126.9543002, 37.4640214],
            [126.9544357, 37.4642457],
            [126.954579, 37.4641829],
            [126.9547743, 37.4640974],
            [126.9547929, 37.4641289],
            [126.9546435, 37.464192]
          ]
        ]
      }
    },
    {
      "type": "Feature",
      "id": "way/386890380",
      "properties": {
        "name": "예술관"
      },
      "geometry": {
        "type": "Polygon",
        "coordinates": [
          [
            [126.9540636, 37.4635954],
            [126.9542835, 37.463951],
            [126.9543989, 37.4639063],
            [126.9542433, 37.4636614],
            [126.9542996, 37.4636295],
            [126.9543425, 37.4635912],
            [126.9543671, 37.4635522],
            [126.9543935, 37.4635103],
            [126.9544016, 37.4634272],
            [126.9543613, 37.4633336],
            [126.9543291, 37.4633144],
            [126.9542835, 37.4633485],
            [126.9543801, 37.4631952],
            [126.9543157, 37.4631079],
            [126.9540985, 37.4632122],
            [126.9539483, 37.4630696],
            [126.953959, 37.4629865],
            [126.9539778, 37.4629354],
            [126.9538544, 37.4628396],
            [126.9538115, 37.4628907],
            [126.9538624, 37.462944],
            [126.9538369, 37.4629836],
            [126.9538034, 37.4630355],
            [126.9537793, 37.4631356],
            [126.9538812, 37.4632527],
            [126.953967, 37.4633336],
            [126.954069, 37.4633123],
            [126.9541253, 37.4632846],
            [126.9541655, 37.4633357],
            [126.9542192, 37.463374],
            [126.9542567, 37.4634145],
            [126.9542648, 37.4634656],
            [126.9542594, 37.4635018],
            [126.9542433, 37.4635294],
            [126.9541923, 37.4635571],
            [126.9540636, 37.4635954]
          ]
        ]
      }
    },
    {
      "type": "Feature",
      "id": "way/386890466",
      "properties": {
        "name": "엔지니어하우스"
      },
      "geometry": {
        "type": "Polygon",
        "coordinates": [
          [
            [126.9508161, 37.4482865],
            [126.9510986, 37.4482828],
            [126.951101, 37.4484904],
            [126.951136, 37.4484941],
            [126.951136, 37.4485803],
            [126.951136, 37.4486665],
            [126.951094, 37.448661],
            [126.951108, 37.44885],
            [126.9508138, 37.4488556],
            [126.9508114, 37.4487054],
            [126.9507741, 37.4487073],
            [126.9507764, 37.448457],
            [126.9508114, 37.4484533],
            [126.9508161, 37.4482865]
          ]
        ]
      }
    },
    {
      "type": "Feature",
      "id": "way/386890828",
      "properties": {
        "name": "생활과학대학"
      },
      "geometry": {
        "type": "Polygon",
        "coordinates": [
          [
            [126.9529621, 37.4642899],
            [126.9534153, 37.4640902],
            [126.9535165, 37.4642349],
            [126.9532813, 37.4643385],
            [126.9533448, 37.4644293],
            [126.9535002, 37.4646515],
            [126.9533796, 37.4647046],
            [126.9532822, 37.4647475],
            [126.9532539, 37.4647082],
            [126.9531417, 37.4645527],
            [126.953038, 37.464401],
            [126.9529621, 37.4642899]
          ]
        ]
      }
    },
    {
      "type": "Feature",
      "id": "way/386890861",
      "properties": {
        "name": "행정대학원(57-1동)"
      },
      "geometry": {
        "type": "Polygon",
        "coordinates": [
          [
            [126.9532192, 37.4652301],
            [126.9535991, 37.4650788],
            [126.9535762, 37.4650426],
            [126.9535341, 37.4649759],
            [126.9533488, 37.4650497],
            [126.9532839, 37.4649471],
            [126.9535996, 37.4648213],
            [126.9536527, 37.4648002],
            [126.9537176, 37.4649029],
            [126.9538844, 37.4651668],
            [126.953321, 37.4653911],
            [126.9532678, 37.465307],
            [126.9532192, 37.4652301]
          ]
        ]
      }
    },
    {
      "type": "Feature",
      "id": "way/386890918",
      "properties": {
        "name": "폐기물보관소"
      },
      "geometry": {
        "type": "Polygon",
        "coordinates": [
          [
            [126.9514806, 37.4572108],
            [126.9515367, 37.457321],
            [126.9515675, 37.4573111],
            [126.9516125, 37.4572967],
            [126.951644, 37.4573584],
            [126.9518185, 37.4573024],
            [126.9517309, 37.4571305],
            [126.9514806, 37.4572108]
          ]
        ]
      }
    },
    {
      "type": "Feature",
      "id": "way/386891006",
      "properties": {
        "name": "종합체육관"
      },
      "geometry": {
        "type": "Polygon",
        "coordinates": [
          [
            [126.952202, 37.4670127],
            [126.9521741, 37.4670683],
            [126.9521147, 37.4670495],
            [126.9520797, 37.4671191],
            [126.9520426, 37.4671073],
            [126.9518671, 37.4674535],
            [126.9516963, 37.4673989],
            [126.9517592, 37.4672748],
            [126.9516952, 37.4672543],
            [126.9514809, 37.4676758],
            [126.9515623, 37.4677797],
            [126.9525024, 37.4680756],
            [126.9529205, 37.4672389],
            [126.952202, 37.4670127]
          ]
        ]
      }
    },
    {
      "type": "Feature",
      "id": "way/386891016",
      "properties": {
        "name": "입학본부"
      },
      "geometry": {
        "type": "Polygon",
        "coordinates": [
          [
            [126.9502264, 37.4667933],
            [126.9502007, 37.4671105],
            [126.950308, 37.467116],
            [126.9502941, 37.4672862],
            [126.9504266, 37.4672929],
            [126.9504662, 37.4668056],
            [126.9502264, 37.4667933]
          ]
        ]
      }
    },
    {
      "type": "Feature",
      "id": "way/389628347",
      "properties": {
        "name": "공과대학"
      },
      "geometry": {
        "type": "Polygon",
        "coordinates": [
          [
            [126.9507859, 37.4565147],
            [126.9509161, 37.4565241],
            [126.9510515, 37.4565338],
            [126.950971, 37.4571406],
            [126.9506947, 37.4571172],
            [126.950777, 37.4565738],
            [126.9507859, 37.4565147]
          ]
        ]
      }
    },
    {
      "type": "Feature",
      "id": "way/389628348",
      "properties": {
        "name": "공과대학"
      },
      "geometry": {
        "type": "Polygon",
        "coordinates": [
          [
            [126.9502012, 37.4572386],
            [126.9502146, 37.4571555],
            [126.9503055, 37.4571641],
            [126.9503259, 37.4571665],
            [126.9503514, 37.4569426],
            [126.950237, 37.4569336],
            [126.9500179, 37.4569163],
            [126.9496513, 37.4568873],
            [126.9496433, 37.4569597],
            [126.9495655, 37.4569533],
            [126.9495306, 37.4571768],
            [126.9502012, 37.4572386]
          ]
        ]
      }
    },
    {
      "type": "Feature",
      "id": "way/391747018",
      "properties": {
        "name": "918"
      },
      "geometry": {
        "type": "Polygon",
        "coordinates": [
          [
            [126.9583119, 37.4601988],
            [126.9584225, 37.4601648],
            [126.9585236, 37.460372],
            [126.9586171, 37.4604107],
            [126.9587432, 37.4606915],
            [126.9589729, 37.4607801],
            [126.9589222, 37.4608628],
            [126.9586619, 37.4607624],
            [126.9585318, 37.4604817],
            [126.9584342, 37.4604494],
            [126.9583708, 37.4605425],
            [126.9582102, 37.460476],
            [126.9582739, 37.4603641],
            [126.9584286, 37.4604308],
            [126.9583119, 37.4601988]
          ]
        ]
      }
    },
    {
      "type": "Feature",
      "id": "way/409030550",
      "properties": {
        "name": "935"
      },
      "geometry": {
        "type": "Polygon",
        "coordinates": [
          [
            [126.9594011, 37.4673238],
            [126.9594595, 37.4672035],
            [126.9596687, 37.4672675],
            [126.9596808, 37.4672426],
            [126.9599423, 37.4673225],
            [126.9598859, 37.4674387],
            [126.9596391, 37.4673633],
            [126.959625, 37.4673923],
            [126.9594011, 37.4673238]
          ]
        ]
      }
    },
    {
      "type": "Feature",
      "id": "way/424324200",
      "properties": {
        "name": "호암교수회관"
      },
      "geometry": {
        "type": "Polygon",
        "coordinates": [
          [
            [126.9588298, 37.4676922],
            [126.9590432, 37.4676809],
            [126.9590961, 37.468123],
            [126.9588827, 37.4681375],
            [126.9588766, 37.4680778],
            [126.9588176, 37.468081],
            [126.9588054, 37.4679794],
            [126.9587302, 37.4679875],
            [126.9587139, 37.4678632],
            [126.9587729, 37.4678552],
            [126.9587648, 37.4677729],
            [126.9588339, 37.4677664],
            [126.9588298, 37.4676922]
          ]
        ]
      }
    },
    {
      "type": "Feature",
      "id": "way/424946985",
      "properties": {
        "name": "코웨이 R&D 센터"
      },
      "geometry": {
        "type": "Polygon",
        "coordinates": [
          [
            [126.9601714, 37.4652453],
            [126.9604737, 37.4650306],
            [126.9607402, 37.465267],
            [126.960438, 37.4654817],
            [126.9601714, 37.4652453]
          ]
        ]
      }
    },
    {
      "type": "Feature",
      "id": "way/424949442",
      "properties": {
        "name": "유전공학연구소"
      },
      "geometry": {
        "type": "Polygon",
        "coordinates": [
          [
            [126.9532612, 37.4541216],
            [126.9533147, 37.4540959],
            [126.9535157, 37.4539992],
            [126.9535962, 37.4541133],
            [126.9537674, 37.4543559],
            [126.9538192, 37.4544293],
            [126.9535624, 37.4545497],
            [126.9533739, 37.4542817],
            [126.9532612, 37.4541216]
          ]
        ]
      }
    },
    {
      "type": "Feature",
      "id": "way/430040354",
      "properties": {
        "name": "반도체공동연구소"
      },
      "geometry": {
        "type": "Polygon",
        "coordinates": [
          [
            [126.952777, 37.4544317],
            [126.9527313, 37.4549336],
            [126.9528166, 37.4549376],
            [126.9527883, 37.4552975],
            [126.9530534, 37.4553063],
            [126.9531175, 37.454447],
            [126.9529471, 37.4544393],
            [126.952777, 37.4544317]
          ]
        ]
      }
    },
    {
      "type": "Feature",
      "id": "way/430040355",
      "properties": {
        "name": "선형수조실험공장동"
      },
      "geometry": {
        "type": "Polygon",
        "coordinates": [
          [
            [126.9526414, 37.4542282],
            [126.9525564, 37.4554099],
            [126.9528087, 37.4554173],
            [126.9528021, 37.4555057],
            [126.952328, 37.4554914],
            [126.9523469, 37.4551451],
            [126.9523487, 37.4551112],
            [126.952438, 37.4551136],
            [126.952512, 37.4542185],
            [126.9526414, 37.4542282]
          ]
        ]
      }
    },
    {
      "type": "Feature",
      "id": "way/430040357",
      "properties": {
        "name": "선박실험공장동"
      },
      "geometry": {
        "type": "Polygon",
        "coordinates": [
          [
            [126.9524108, 37.4556504],
            [126.9524161, 37.4555394],
            [126.9527594, 37.455552],
            [126.9527523, 37.4556616],
            [126.9524108, 37.4556504]
          ]
        ]
      }
    },
    {
      "type": "Feature",
      "id": "way/430040359",
      "properties": {
        "name": "뉴미디어통신공동연구소"
      },
      "geometry": {
        "type": "Polygon",
        "coordinates": [
          [
            [126.9536459, 37.4547531],
            [126.953954, 37.4546064],
            [126.9540761, 37.4547888],
            [126.9541881, 37.4549561],
            [126.9538862, 37.4551004],
            [126.9537396, 37.4548886],
            [126.9536459, 37.4547531]
          ]
        ]
      }
    },
    {
      "type": "Feature",
      "id": "way/430163191",
      "properties": {
        "name": "화학공정신기술연구소"
      },
      "geometry": {
        "type": "Polygon",
        "coordinates": [
          [
            [126.9516657, 37.4486063],
            [126.9518167, 37.4486063],
            [126.9518059, 37.4488827],
            [126.9517582, 37.4488839],
            [126.9517489, 37.4491395],
            [126.951507, 37.4491407],
            [126.9515148, 37.4486796],
            [126.9516642, 37.4486772],
            [126.9516657, 37.4486063]
          ]
        ]
      }
    },
    {
      "type": "Feature",
      "id": "way/430289140",
      "properties": {
        "name": "정밀기계설계공동연구소"
      },
      "geometry": {
        "type": "Polygon",
        "coordinates": [
          [
            [126.9514631, 37.4512441],
            [126.951638, 37.4512065],
            [126.9516199, 37.4511407],
            [126.9520418, 37.4510624],
            [126.9521071, 37.4512988],
            [126.9515104, 37.4514166],
            [126.9514631, 37.4512441]
          ]
        ]
      }
    },
    {
      "type": "Feature",
      "id": "way/430289533",
      "properties": {
        "name": "차세대자동차기술연구센터"
      },
      "geometry": {
        "type": "Polygon",
        "coordinates": [
          [
            [126.9519841, 37.4514264],
            [126.9521627, 37.4513869],
            [126.9522684, 37.4513635],
            [126.952309, 37.4514594],
            [126.9523627, 37.4514465],
            [126.9526148, 37.45201],
            [126.9523463, 37.4520915],
            [126.9522681, 37.4519192],
            [126.952358, 37.4518914],
            [126.9522366, 37.4516003],
            [126.9520661, 37.4516439],
            [126.9519841, 37.4514264]
          ]
        ]
      }
    },
    {
      "type": "Feature",
      "id": "way/430289534",
      "properties": {
        "name": "유회진학술정보관 (300동)"
      },
      "geometry": {
        "type": "Polygon",
        "coordinates": [
          [
            [126.9523883, 37.4506937],
            [126.9525856, 37.4506724],
            [126.9526116, 37.4506502],
            [126.9526794, 37.450627],
            [126.9527549, 37.4506466],
            [126.9527919, 37.4506812],
            [126.9528163, 37.4507405],
            [126.952831, 37.4508817],
            [126.9529378, 37.4508803],
            [126.9529472, 37.4512094],
            [126.952782, 37.4512097],
            [126.9527806, 37.4512679],
            [126.9526122, 37.4512706],
            [126.9526093, 37.4512258],
            [126.9526057, 37.4510592],
            [126.9526057, 37.4509702],
            [126.9525254, 37.4508311],
            [126.9523988, 37.4507523],
            [126.9523883, 37.4506937]
          ]
        ]
      }
    },
    {
      "type": "Feature",
      "id": "way/430291668",
      "properties": {
        "name": "언어교육원 CJ어학관"
      },
      "geometry": {
        "type": "Polygon",
        "coordinates": [
          [
            [126.953272, 37.4662807],
            [126.9535265, 37.4663604],
            [126.9534588, 37.4664956],
            [126.9533444, 37.4664604],
            [126.9532977, 37.4665531],
            [126.9531529, 37.4665105],
            [126.953272, 37.4662807]
          ]
        ]
      }
    },
    {
      "type": "Feature",
      "id": "way/430291669",
      "properties": {
        "name": "언어교육원"
      },
      "geometry": {
        "type": "Polygon",
        "coordinates": [
          [
            [126.9530528, 37.4666407],
            [126.9533611, 37.4667333],
            [126.9534124, 37.4666295],
            [126.9535899, 37.4666796],
            [126.9534685, 37.4669187],
            [126.9529828, 37.4667778],
            [126.9530528, 37.4666407]
          ]
        ]
      }
    },
    {
      "type": "Feature",
      "id": "way/430291671",
      "properties": {
        "name": "파워플랜트"
      },
      "geometry": {
        "type": "Polygon",
        "coordinates": [
          [
            [126.9552412, 37.465821],
            [126.9553527, 37.4659401],
            [126.9554072, 37.4659983],
            [126.9554257, 37.4660181],
            [126.9548676, 37.4663492],
            [126.9549237, 37.4664073],
            [126.9544707, 37.4666865],
            [126.9543272, 37.4665342],
            [126.9547878, 37.4662432],
            [126.9547055, 37.4661539],
            [126.9552412, 37.465821]
          ]
        ]
      }
    },
    {
      "type": "Feature",
      "id": "way/430291672",
      "properties": {
        "name": "신림변전소"
      },
      "geometry": {
        "type": "Polygon",
        "coordinates": [
          [
            [126.9550343, 37.466427],
            [126.95519, 37.4665899],
            [126.9547016, 37.4668891],
            [126.9546204, 37.4668031],
            [126.9545477, 37.4667262],
            [126.9550343, 37.466427]
          ]
        ]
      }
    },
    {
      "type": "Feature",
      "id": "way/434754623",
      "properties": {
        "name": "약학대학 신약개발센터"
      },
      "geometry": {
        "type": "Polygon",
        "coordinates": [
          [
            [126.9528679, 37.4582902],
            [126.952753, 37.4581959],
            [126.9526825, 37.4580168],
            [126.9528181, 37.4579583],
            [126.9528325, 37.4580104],
            [126.9529059, 37.4581792],
            [126.9530219, 37.4582604],
            [126.9530611, 37.4582148],
            [126.9530814, 37.4581912],
            [126.9531237, 37.45822],
            [126.9530633, 37.4582915],
            [126.9532576, 37.4584254],
            [126.9533282, 37.458366],
            [126.9533918, 37.4584199],
            [126.953251, 37.4585677],
            [126.9528679, 37.4582902]
          ]
        ]
      }
    },
    {
      "type": "Feature",
      "id": "way/435329614",
      "properties": {
        "name": null
      },
      "geometry": {
        "type": "Polygon",
        "coordinates": [
          [
            [126.9523609, 37.458213],
            [126.9524465, 37.4583629],
            [126.9525246, 37.4582946],
            [126.9524698, 37.4581777],
            [126.9523609, 37.458213]
          ]
        ]
      }
    },
    {
      "type": "Feature",
      "id": "way/435330210",
      "properties": {
        "name": "약학대학"
      },
      "geometry": {
        "type": "Polygon",
        "coordinates": [
          [
            [126.9534529, 37.4566024],
            [126.9534205, 37.456445],
            [126.9537879, 37.4563974],
            [126.9538749, 37.4568207],
            [126.9536584, 37.4568488],
            [126.9536037, 37.4565829],
            [126.9534529, 37.4566024]
          ]
        ]
      }
    },
    {
      "type": "Feature",
      "id": "way/435330211",
      "properties": {
        "name": "약학대학"
      },
      "geometry": {
        "type": "Polygon",
        "coordinates": [
          [
            [126.9536202, 37.455729],
            [126.9536592, 37.4555885],
            [126.9538644, 37.4556082],
            [126.953829, 37.4557515],
            [126.9536202, 37.455729]
          ]
        ]
      }
    },
    {
      "type": "Feature",
      "id": "way/436516327",
      "properties": {
        "name": "학생군사교육단"
      },
      "geometry": {
        "type": "Polygon",
        "coordinates": [
          [
            [126.9538132, 37.4563829],
            [126.953979, 37.4563533],
            [126.9540503, 37.4566364],
            [126.9543152, 37.4565961],
            [126.9543279, 37.4566557],
            [126.9543362, 37.4566942],
            [126.9543439, 37.4567304],
            [126.9541377, 37.4567597],
            [126.9541434, 37.456794],
            [126.9540695, 37.4568058],
            [126.9540461, 37.4567059],
            [126.9539026, 37.45673],
            [126.9538132, 37.4563829]
          ]
        ]
      }
    },
    {
      "type": "Feature",
      "id": "way/436516328",
      "properties": {
        "name": "학생군사교육단"
      },
      "geometry": {
        "type": "Polygon",
        "coordinates": [
          [
            [126.9544531, 37.4564454],
            [126.9546053, 37.4564215],
            [126.9546619, 37.4567235],
            [126.9545115, 37.4567446],
            [126.9544968, 37.4566696],
            [126.9544891, 37.4566301],
            [126.9544531, 37.4564454]
          ]
        ]
      }
    },
    {
      "type": "Feature",
      "id": "way/436516329",
      "properties": {
        "name": null
      },
      "geometry": {
        "type": "Polygon",
        "coordinates": [
          [
            [126.9543362, 37.4566942],
            [126.9544968, 37.4566696],
            [126.9544891, 37.4566301],
            [126.9543279, 37.4566557],
            [126.9543362, 37.4566942]
          ]
        ]
      }
    },
    {
      "type": "Feature",
      "id": "way/436516336",
      "properties": {
        "name": "컴퓨터연구소"
      },
      "geometry": {
        "type": "Polygon",
        "coordinates": [
          [
            [126.9546448, 37.4560121],
            [126.954846, 37.455996],
            [126.9548298, 37.4558023],
            [126.9547647, 37.4557007],
            [126.9545371, 37.4555425],
            [126.9544171, 37.4556571],
            [126.9545859, 37.455762],
            [126.9546326, 37.4558508],
            [126.9546448, 37.4560121]
          ]
        ]
      }
    },
    {
      "type": "Feature",
      "id": "way/436516337",
      "properties": {
        "name": "기초과학공동기기원"
      },
      "geometry": {
        "type": "Polygon",
        "coordinates": [
          [
            [126.9537361, 37.455555],
            [126.9537503, 37.4554969],
            [126.9538154, 37.455455],
            [126.9541569, 37.4554356],
            [126.9542951, 37.4554501],
            [126.954413, 37.455484],
            [126.9543337, 37.4556196],
            [126.9541772, 37.4555728],
            [126.9538967, 37.4555728],
            [126.9539028, 37.4555002],
            [126.9538357, 37.4555018],
            [126.9538107, 37.4555236],
            [126.9538072, 37.4555518],
            [126.9537361, 37.455555]
          ]
        ]
      }
    },
    {
      "type": "Feature",
      "id": "way/436516338",
      "properties": {
        "name": "약학대학"
      },
      "geometry": {
        "type": "Polygon",
        "coordinates": [
          [
            [126.9536463, 37.4558238],
            [126.9535202, 37.4563465],
            [126.9537047, 37.4563669],
            [126.9538238, 37.4558442],
            [126.9536463, 37.4558238]
          ]
        ]
      }
    },
    {
      "type": "Feature",
      "id": "way/436516339",
      "properties": {
        "name": "자연과학대학"
      },
      "geometry": {
        "type": "Polygon",
        "coordinates": [
          [
            [126.9526736, 37.4558995],
            [126.9527642, 37.4559026],
            [126.9528614, 37.4559059],
            [126.9527997, 37.4564659],
            [126.9527707, 37.4564646],
            [126.9526119, 37.4564574],
            [126.9526422, 37.4561835],
            [126.9526736, 37.4558995]
          ]
        ]
      }
    },
    {
      "type": "Feature",
      "id": "way/436516340",
      "properties": {
        "name": "자연과학대학"
      },
      "geometry": {
        "type": "Polygon",
        "coordinates": [
          [
            [126.9527164, 37.456526],
            [126.9527834, 37.4565282],
            [126.9528129, 37.4565291],
            [126.9529095, 37.4565323],
            [126.9528559, 37.4570348],
            [126.9526574, 37.4570284],
            [126.9526873, 37.4567742],
            [126.9527164, 37.456526]
          ]
        ]
      }
    },
    {
      "type": "Feature",
      "id": "way/436516341",
      "properties": {
        "name": null
      },
      "geometry": {
        "type": "Polygon",
        "coordinates": [
          [
            [126.9527997, 37.4564659],
            [126.9528129, 37.4565291],
            [126.9527834, 37.4565282],
            [126.9527707, 37.4564646],
            [126.9527997, 37.4564659]
          ]
        ]
      }
    },
    {
      "type": "Feature",
      "id": "way/439687807",
      "properties": {
        "name": "환경안전원"
      },
      "geometry": {
        "type": "Polygon",
        "coordinates": [
          [
            [126.9504403, 37.4666769],
            [126.9504401, 37.4666111],
            [126.9504925, 37.466611],
            [126.9504923, 37.4665475],
            [126.9505915, 37.4665473],
            [126.9505916, 37.466571],
            [126.9507708, 37.4665706],
            [126.9507709, 37.4666103],
            [126.9508225, 37.4666102],
            [126.9508226, 37.4666763],
            [126.9504403, 37.4666769]
          ]
        ]
      }
    },
    {
      "type": "Feature",
      "id": "way/439687808",
      "properties": {
        "name": "방사선동위원소폐기물보관소"
      },
      "geometry": {
        "type": "Polygon",
        "coordinates": [
          [
            [126.9504598, 37.4664351],
            [126.9504647, 37.4662696],
            [126.9508767, 37.4662773],
            [126.9508717, 37.4664429],
            [126.9504598, 37.4664351]
          ]
        ]
      }
    },
    {
      "type": "Feature",
      "id": "way/439687809",
      "properties": {
        "name": "롯데국제교육관"
      },
      "geometry": {
        "type": "Polygon",
        "coordinates": [
          [
            [126.950939, 37.4666798],
            [126.9509439, 37.466424],
            [126.9514461, 37.4664268],
            [126.9514455, 37.4664897],
            [126.9514966, 37.46649],
            [126.9514955, 37.4666114],
            [126.9514454, 37.4666111],
            [126.9514449, 37.4666762],
            [126.950939, 37.4666798]
          ]
        ]
      }
    },
    {
      "type": "Feature",
      "id": "way/439687810",
      "properties": {
        "name": "CJ인터내셔널센터"
      },
      "geometry": {
        "type": "Polygon",
        "coordinates": [
          [
            [126.9510257, 37.4663194],
            [126.9510288, 37.4661889],
            [126.9516335, 37.4661979],
            [126.9516304, 37.4663284],
            [126.9510257, 37.4663194]
          ]
        ]
      }
    },
    {
      "type": "Feature",
      "id": "way/439687811",
      "properties": {
        "name": "포스코스포츠센터"
      },
      "geometry": {
        "type": "Polygon",
        "coordinates": [
          [
            [126.9511051, 37.4681104],
            [126.9514092, 37.4678449],
            [126.9521088, 37.4683276],
            [126.9518012, 37.4686012],
            [126.9511051, 37.4681104]
          ]
        ]
      }
    },
    {
      "type": "Feature",
      "id": "way/439687812",
      "properties": {
        "name": "생물공학연구소"
      },
      "geometry": {
        "type": "Polygon",
        "coordinates": [
          [
            [126.9533309, 37.4681953],
            [126.9534016, 37.467976],
            [126.9535705, 37.4680104],
            [126.9535474, 37.4680822],
            [126.9535048, 37.4680822],
            [126.9534599, 37.4682215],
            [126.9533309, 37.4681953]
          ]
        ]
      }
    },
    {
      "type": "Feature",
      "id": "way/439687813",
      "properties": {
        "name": "관악서울대학교치과병원"
      },
      "geometry": {
        "type": "Polygon",
        "coordinates": [
          [
            [126.9526622, 37.4691797],
            [126.9524709, 37.4689783],
            [126.9531617, 37.4685648],
            [126.9533531, 37.4687662],
            [126.9526622, 37.4691797]
          ]
        ]
      }
    },
    {
      "type": "Feature",
      "id": "way/439687814",
      "properties": {
        "name": "생명공학연구동"
      },
      "geometry": {
        "type": "Polygon",
        "coordinates": [
          [
            [126.954116, 37.4672423],
            [126.9539108, 37.4670195],
            [126.9543834, 37.4667453],
            [126.9544923, 37.4668635],
            [126.9544184, 37.4669063],
            [126.9545621, 37.4670624],
            [126.9542206, 37.4672605],
            [126.9541732, 37.4672091],
            [126.954116, 37.4672423]
          ]
        ]
      }
    },
    {
      "type": "Feature",
      "id": "way/439687815",
      "properties": {
        "name": "대림국제관"
      },
      "geometry": {
        "type": "Polygon",
        "coordinates": [
          [
            [126.953487, 37.4665306],
            [126.953566, 37.4663795],
            [126.9541946, 37.466412],
            [126.9541819, 37.4665666],
            [126.953487, 37.4665306]
          ]
        ]
      }
    },
    {
      "type": "Feature",
      "id": "way/439693755",
      "properties": {
        "name": "경영전문대학원 (LG경영관)"
      },
      "geometry": {
        "type": "Polygon",
        "coordinates": [
          [
            [126.9520856, 37.4650024],
            [126.9520713, 37.4648736],
            [126.953169, 37.4647969],
            [126.9531966, 37.4650453],
            [126.9528335, 37.4650707],
            [126.9528478, 37.4651995],
            [126.9528343, 37.4652478],
            [126.9528005, 37.46528],
            [126.9527363, 37.4653068],
            [126.9526586, 37.4653176],
            [126.9525978, 37.4652854],
            [126.9525817, 37.4652237],
            [126.9525183, 37.4652341],
            [126.9525065, 37.4651888],
            [126.9525268, 37.4651539],
            [126.9525226, 37.4651165],
            [126.9523421, 37.4651292],
            [126.9523305, 37.4650247],
            [126.9523262, 37.4649856],
            [126.9520856, 37.4650024]
          ]
        ]
      }
    },
    {
      "type": "Feature",
      "id": "way/439693756",
      "properties": {
        "name": "행정대학원(57동)"
      },
      "geometry": {
        "type": "Polygon",
        "coordinates": [
          [
            [126.9530402, 37.465759],
            [126.9529965, 37.465272],
            [126.9531257, 37.4653162],
            [126.9531689, 37.465331],
            [126.9532432, 37.4653819],
            [126.9532804, 37.4657145],
            [126.9532601, 37.4657735],
            [126.9531993, 37.4658031],
            [126.9531263, 37.4658072],
            [126.9531215, 37.4657544],
            [126.9530402, 37.465759]
          ]
        ]
      }
    },
    {
      "type": "Feature",
      "id": "way/439693757",
      "properties": {
        "name": "서울대학교 박물관"
      },
      "geometry": {
        "type": "Polygon",
        "coordinates": [
          [
            [126.9518268, 37.4647608],
            [126.9518056, 37.4645427],
            [126.9518, 37.4644847],
            [126.9517387, 37.4644728],
            [126.9517072, 37.4644355],
            [126.9516991, 37.4644094],
            [126.9517145, 37.4643714],
            [126.9517444, 37.4643573],
            [126.9517366, 37.4642813],
            [126.951947, 37.4642677],
            [126.9519418, 37.4642173],
            [126.9524521, 37.4641844],
            [126.9524593, 37.464255],
            [126.9525372, 37.46425],
            [126.9525493, 37.4643712],
            [126.9525039, 37.4643741],
            [126.9525196, 37.4645349],
            [126.952703, 37.4645237],
            [126.9527207, 37.4647061],
            [126.9518268, 37.4647608]
          ]
        ]
      }
    },
    {
      "type": "Feature",
      "id": "way/439693758",
      "properties": {
        "name": "예술계복합교육연구동"
      },
      "geometry": {
        "type": "Polygon",
        "coordinates": [
          [
            [126.9529259, 37.4621165],
            [126.9528064, 37.4620154],
            [126.9527268, 37.4619482],
            [126.9525788, 37.461823],
            [126.9526886, 37.4617217],
            [126.9527525, 37.4617553],
            [126.9529524, 37.4618603],
            [126.9530892, 37.4618545],
            [126.9533219, 37.4618446],
            [126.9533782, 37.4620005],
            [126.9532448, 37.4620347],
            [126.9529259, 37.4621165]
          ]
        ]
      }
    },
    {
      "type": "Feature",
      "id": "way/439693759",
      "properties": {
        "name": "미술대학"
      },
      "geometry": {
        "type": "Polygon",
        "coordinates": [
          [
            [126.9523447, 37.4627678],
            [126.9524938, 37.4627036],
            [126.952556, 37.4627216],
            [126.952622, 37.4627406],
            [126.952565, 37.462865],
            [126.9525321, 37.4629368],
            [126.9524693, 37.4629587],
            [126.9525056, 37.4630242],
            [126.9523942, 37.463063],
            [126.9524294, 37.4631266],
            [126.9523269, 37.4631624],
            [126.9522334, 37.463195],
            [126.9521698, 37.4630801],
            [126.9522462, 37.4630534],
            [126.9521997, 37.4629693],
            [126.9522845, 37.4629397],
            [126.9522511, 37.4628793],
            [126.9523447, 37.4627678]
          ]
        ]
      }
    },
    {
      "type": "Feature",
      "id": "way/439693760",
      "properties": {
        "name": "미술대학"
      },
      "geometry": {
        "type": "Polygon",
        "coordinates": [
          [
            [126.9521013, 37.463281],
            [126.9524629, 37.4631487],
            [126.9525097, 37.4632293],
            [126.9524563, 37.4632488],
            [126.9525486, 37.4634077],
            [126.9524244, 37.4634532],
            [126.9523484, 37.4633223],
            [126.9521644, 37.4633896],
            [126.9521013, 37.463281]
          ]
        ]
      }
    },
    {
      "type": "Feature",
      "id": "way/439693761",
      "properties": {
        "name": "미술대학"
      },
      "geometry": {
        "type": "Polygon",
        "coordinates": [
          [
            [126.9523726, 37.4635063],
            [126.9524395, 37.4635091],
            [126.9524414, 37.4634805],
            [126.9524435, 37.4634482],
            [126.9525217, 37.4634516],
            [126.9525489, 37.4634503],
            [126.9527271, 37.4634535],
            [126.9528067, 37.4634587],
            [126.9527921, 37.463676],
            [126.9527448, 37.4636738],
            [126.9526646, 37.4636702],
            [126.9526669, 37.4636386],
            [126.95254, 37.4636329],
            [126.9525416, 37.4636103],
            [126.9524229, 37.463605],
            [126.9523675, 37.4635822],
            [126.9523726, 37.4635063]
          ]
        ]
      }
    },
    {
      "type": "Feature",
      "id": "way/439693762",
      "properties": {
        "name": "미술대학"
      },
      "geometry": {
        "type": "Polygon",
        "coordinates": [
          [
            [126.9529199, 37.4635813],
            [126.9529295, 37.4634318],
            [126.9530551, 37.463354],
            [126.9531252, 37.4633566],
            [126.9531211, 37.4634257],
            [126.9531596, 37.4634271],
            [126.9533271, 37.4634333],
            [126.9533296, 37.463391],
            [126.9534277, 37.4633946],
            [126.9535256, 37.4634757],
            [126.953515, 37.463545],
            [126.9535661, 37.4635822],
            [126.9535595, 37.4636802],
            [126.9534296, 37.4636746],
            [126.9534324, 37.4636332],
            [126.9534024, 37.4636323],
            [126.9534028, 37.4636174],
            [126.9534037, 37.4635785],
            [126.9532916, 37.4635738],
            [126.9532875, 37.4636343],
            [126.9531814, 37.4636299],
            [126.9531841, 37.4635892],
            [126.9531473, 37.4635877],
            [126.9531438, 37.4636405],
            [126.9530474, 37.4636365],
            [126.952979, 37.4636337],
            [126.9529822, 37.4635838],
            [126.9529199, 37.4635813]
          ]
        ]
      }
    },
    {
      "type": "Feature",
      "id": "way/439693763",
      "properties": {
        "name": "미술대학"
      },
      "geometry": {
        "type": "Polygon",
        "coordinates": [
          [
            [126.9529423, 37.4637156],
            [126.9529616, 37.4637579],
            [126.9529447, 37.4638109],
            [126.9533797, 37.4640168],
            [126.953502, 37.4638664],
            [126.9534798, 37.463833],
            [126.9535232, 37.4637743],
            [126.9535074, 37.4637075],
            [126.9534147, 37.4636882],
            [126.9533014, 37.4638288],
            [126.9532112, 37.4638116],
            [126.9531235, 37.4637654],
            [126.9531207, 37.4637101],
            [126.9530292, 37.4637129],
            [126.9529423, 37.4637156]
          ]
        ]
      }
    },
    {
      "type": "Feature",
      "id": "way/439693764",
      "properties": {
        "name": "음악대학"
      },
      "geometry": {
        "type": "Polygon",
        "coordinates": [
          [
            [126.9532679, 37.4629821],
            [126.9534229, 37.4628845],
            [126.9534536, 37.4629152],
            [126.9537452, 37.4632068],
            [126.9536939, 37.4632391],
            [126.9537316, 37.4632768],
            [126.9537283, 37.4633637],
            [126.9536541, 37.4633619],
            [126.9536345, 37.4633614],
            [126.9536337, 37.4633801],
            [126.9535868, 37.463379],
            [126.9535376, 37.4633243],
            [126.953579, 37.4633009],
            [126.9535559, 37.4632752],
            [126.9535189, 37.4632962],
            [126.9534554, 37.4632257],
            [126.9534795, 37.4631937],
            [126.9532679, 37.4629821]
          ]
        ]
      }
    },
    {
      "type": "Feature",
      "id": "way/439693765",
      "properties": {
        "name": "음악대학"
      },
      "geometry": {
        "type": "Polygon",
        "coordinates": [
          [
            [126.9530095, 37.4628394],
            [126.9530415, 37.4628271],
            [126.9532123, 37.4627612],
            [126.9532158, 37.4627069],
            [126.9532275, 37.4625254],
            [126.9531522, 37.4625223],
            [126.9531581, 37.4624311],
            [126.9531605, 37.4623934],
            [126.9532065, 37.4623952],
            [126.9533778, 37.4624022],
            [126.9534617, 37.4624056],
            [126.9534545, 37.4625186],
            [126.9534011, 37.4625164],
            [126.9533868, 37.4627394],
            [126.9534453, 37.4627417],
            [126.9534374, 37.462864],
            [126.9533169, 37.4628591],
            [126.9530781, 37.4629513],
            [126.9530095, 37.4628394]
          ]
        ]
      }
    },
    {
      "type": "Feature",
      "id": "way/439693766",
      "properties": {
        "name": "음악대학"
      },
      "geometry": {
        "type": "Polygon",
        "coordinates": [
          [
            [126.9526303, 37.4625717],
            [126.9526383, 37.4624524],
            [126.9527081, 37.4624673],
            [126.9526544, 37.4623758],
            [126.9527134, 37.4622992],
            [126.9527751, 37.4623247],
            [126.9528449, 37.4622225],
            [126.9529548, 37.4622289],
            [126.9529978, 37.462329],
            [126.9529736, 37.4623524],
            [126.9530004, 37.4623928],
            [126.9530434, 37.4624065],
            [126.9530573, 37.4624077],
            [126.9530742, 37.4624092],
            [126.9531158, 37.4624077],
            [126.953156, 37.462197],
            [126.9532392, 37.4622097],
            [126.9532606, 37.4622438],
            [126.9532472, 37.4623439],
            [126.953207, 37.4623439],
            [126.9532065, 37.4623952],
            [126.9531605, 37.4623934],
            [126.9531581, 37.4624311],
            [126.9530623, 37.4624261],
            [126.953038, 37.4624248],
            [126.9530112, 37.4624439],
            [126.953046, 37.4624482],
            [126.9530353, 37.4625333],
            [126.9529763, 37.4625333],
            [126.9529146, 37.4624993],
            [126.9528844, 37.4625213],
            [126.9528502, 37.4625461],
            [126.9528797, 37.4626249],
            [126.9528207, 37.4626632],
            [126.9526303, 37.4625717]
          ]
        ]
      }
    },
    {
      "type": "Feature",
      "id": "way/439696422",
      "properties": {
        "name": "SPC 농생명과학 및 기초과학연구동"
      },
      "geometry": {
        "type": "Polygon",
        "coordinates": [
          [
            [126.9478498, 37.458418],
            [126.9479038, 37.458164],
            [126.9481163, 37.4581925],
            [126.948706, 37.4582742],
            [126.9486788, 37.4584023],
            [126.948652, 37.4585282],
            [126.9480468, 37.4584444],
            [126.9478498, 37.458418]
          ]
        ]
      }
    },
    {
      "type": "Feature",
      "id": "way/439703618",
      "properties": {
        "name": "농생명과학공동기기원"
      },
      "geometry": {
        "type": "Polygon",
        "coordinates": [
          [
            [126.9481837, 37.457012],
            [126.9481974, 37.4567398],
            [126.9482394, 37.4567411],
            [126.9482416, 37.4566969],
            [126.948733, 37.4567125],
            [126.9487243, 37.4568856],
            [126.9487173, 37.4570238],
            [126.948478, 37.4570162],
            [126.9484766, 37.4570445],
            [126.948273, 37.457038],
            [126.9482742, 37.4570149],
            [126.9481837, 37.457012]
          ]
        ]
      }
    },
    {
      "type": "Feature",
      "id": "way/439703621",
      "properties": {
        "name": "공과대학"
      },
      "geometry": {
        "type": "Polygon",
        "coordinates": [
          [
            [126.9512964, 37.4542506],
            [126.9513107, 37.4541257],
            [126.9513153, 37.4540856],
            [126.9518133, 37.4541215],
            [126.9517944, 37.4542866],
            [126.9512964, 37.4542506]
          ]
        ]
      }
    },
    {
      "type": "Feature",
      "id": "way/439703622",
      "properties": {
        "name": "신소재공동연구소"
      },
      "geometry": {
        "type": "Polygon",
        "coordinates": [
          [
            [126.9502271, 37.4545124],
            [126.9502757, 37.4541945],
            [126.9502962, 37.4540603],
            [126.9505541, 37.4540851],
            [126.9505475, 37.4541284],
            [126.9505186, 37.4543027],
            [126.9504828, 37.454537],
            [126.9502271, 37.4545124]
          ]
        ]
      }
    },
    {
      "type": "Feature",
      "id": "way/439703623",
      "properties": {
        "name": "기초전력연구원"
      },
      "geometry": {
        "type": "Polygon",
        "coordinates": [
          [
            [126.9505186, 37.4543027],
            [126.9510216, 37.4543511],
            [126.9510483, 37.4541766],
            [126.9507743, 37.4541502],
            [126.9505475, 37.4541284],
            [126.9505186, 37.4543027]
          ]
        ]
      }
    },
    {
      "type": "Feature",
      "id": "way/439703625",
      "properties": {
        "name": "풍동실험동2"
      },
      "geometry": {
        "type": "Polygon",
        "coordinates": [
          [
            [126.9519573, 37.4548802],
            [126.9519754, 37.454708],
            [126.9519862, 37.454605],
            [126.9521667, 37.454617],
            [126.9521378, 37.4548922],
            [126.9519573, 37.4548802]
          ]
        ]
      }
    },
    {
      "type": "Feature",
      "id": "way/439703626",
      "properties": {
        "name": "에너지자원신기술연구소"
      },
      "geometry": {
        "type": "Polygon",
        "coordinates": [
          [
            [126.9520041, 37.4545479],
            [126.952012, 37.454462],
            [126.9520321, 37.4542452],
            [126.9520439, 37.4541175],
            [126.9522604, 37.4541302],
            [126.9522206, 37.4545606],
            [126.9520041, 37.4545479]
          ]
        ]
      }
    },
    {
      "type": "Feature",
      "id": "way/439703629",
      "properties": {
        "name": "신소재공동연구소"
      },
      "geometry": {
        "type": "Polygon",
        "coordinates": [
          [
            [126.9504913, 37.453555],
            [126.9505154, 37.4533494],
            [126.9506667, 37.4533606],
            [126.9506599, 37.453418],
            [126.9506965, 37.4534207],
            [126.950828, 37.4534304],
            [126.9508342, 37.4533775],
            [126.950991, 37.4533891],
            [126.9509559, 37.4536879],
            [126.9505827, 37.4536604],
            [126.9505942, 37.4535626],
            [126.9505546, 37.4535594],
            [126.9504913, 37.453555]
          ]
        ]
      }
    },
    {
      "type": "Feature",
      "id": "way/439703632",
      "properties": {
        "name": "대기환경관측소"
      },
      "geometry": {
        "type": "Polygon",
        "coordinates": [
          [
            [126.9500733, 37.452923],
            [126.9500939, 37.4527219],
            [126.9502343, 37.452731],
            [126.9502137, 37.4529321],
            [126.9500733, 37.452923]
          ]
        ]
      }
    },
    {
      "type": "Feature",
      "id": "way/439703635",
      "properties": {
        "name": "제2파워플랜트"
      },
      "geometry": {
        "type": "Polygon",
        "coordinates": [
          [
            [126.9500397, 37.4499908],
            [126.9500374, 37.4494177],
            [126.9501943, 37.4494173],
            [126.9501946, 37.4494922],
            [126.9503913, 37.4494917],
            [126.9503932, 37.44999],
            [126.9500397, 37.4499908]
          ]
        ]
      }
    },
    {
      "type": "Feature",
      "id": "way/439703636",
      "properties": {
        "name": "차량정비고"
      },
      "geometry": {
        "type": "Polygon",
        "coordinates": [
          [
            [126.9500055, 37.4493633],
            [126.9500044, 37.449201],
            [126.9501159, 37.4492006],
            [126.950117, 37.4493628],
            [126.9500055, 37.4493633]
          ]
        ]
      }
    },
    {
      "type": "Feature",
      "id": "way/439703637",
      "properties": {
        "name": "대형구조실험동"
      },
      "geometry": {
        "type": "Polygon",
        "coordinates": [
          [
            [126.9501658, 37.4475242],
            [126.9500932, 37.4472891],
            [126.9504165, 37.4472262],
            [126.9504054, 37.4471902],
            [126.9508486, 37.4471041],
            [126.9508995, 37.4472692],
            [126.9510583, 37.4472383],
            [126.9511031, 37.4473835],
            [126.950493, 37.4475021],
            [126.9504809, 37.4474629],
            [126.9501658, 37.4475242]
          ]
        ]
      }
    },
    {
      "type": "Feature",
      "id": "way/439704946",
      "properties": {
        "name": "반도체공동연구소 교육관"
      },
      "geometry": {
        "type": "Polygon",
        "coordinates": [
          [
            [126.9531502, 37.4549858],
            [126.9531672, 37.4547965],
            [126.9531842, 37.4547458],
            [126.9532183, 37.454712],
            [126.9532737, 37.4546884],
            [126.953329, 37.4547019],
            [126.9533886, 37.4547391],
            [126.9534099, 37.4547898],
            [126.9534122, 37.4548256],
            [126.9534142, 37.4548574],
            [126.9534099, 37.4549047],
            [126.9534525, 37.4548844],
            [126.9537548, 37.4553035],
            [126.9535632, 37.4553914],
            [126.9532779, 37.4549926],
            [126.9531502, 37.4549858]
          ]
        ]
      }
    },
    {
      "type": "Feature",
      "id": "way/439704947",
      "properties": {
        "name": "전파천문대"
      },
      "geometry": {
        "type": "Polygon",
        "coordinates": [
          [
            [126.9550932, 37.4546858],
            [126.9551311, 37.4544756],
            [126.9553577, 37.4545013],
            [126.9553199, 37.4547115],
            [126.9550932, 37.4546858]
          ]
        ]
      }
    },
    {
      "type": "Feature",
      "id": "way/439704948",
      "properties": {
        "name": "기초과학공동기기원"
      },
      "geometry": {
        "type": "Polygon",
        "coordinates": [
          [
            [126.9540244, 37.4552799],
            [126.9543798, 37.4551272],
            [126.9545171, 37.4553285],
            [126.9543008, 37.4554215],
            [126.9542624, 37.4554249],
            [126.9541049, 37.4553979],
            [126.9540244, 37.4552799]
          ]
        ]
      }
    },
    {
      "type": "Feature",
      "id": "way/439704949",
      "properties": {
        "name": "지진관측소"
      },
      "geometry": {
        "type": "Polygon",
        "coordinates": [
          [
            [126.9540741, 37.4540056],
            [126.9540784, 37.4539482],
            [126.95404, 37.4539211],
            [126.9540911, 37.4538941],
            [126.9541124, 37.4538468],
            [126.954172, 37.4538806],
            [126.9542614, 37.4538603],
            [126.9542444, 37.4539144],
            [126.95427, 37.4539752],
            [126.9542104, 37.4539752],
            [126.9541891, 37.4540124],
            [126.9541507, 37.4539786],
            [126.9540741, 37.4540056]
          ]
        ]
      }
    },
    {
      "type": "Feature",
      "id": "way/439704950",
      "properties": {
        "name": "위험물저장고"
      },
      "geometry": {
        "type": "Polygon",
        "coordinates": [
          [
            [126.9537613, 37.4538287],
            [126.9536529, 37.4536542],
            [126.953582, 37.453682],
            [126.9536903, 37.4538565],
            [126.9537613, 37.4538287]
          ]
        ]
      }
    },
    {
      "type": "Feature",
      "id": "way/439704951",
      "properties": {
        "name": "천문대"
      },
      "geometry": {
        "type": "Polygon",
        "coordinates": [
          [
            [126.9542031, 37.4571288],
            [126.9541947, 37.4570552],
            [126.9543933, 37.4570414],
            [126.9544147, 37.4570585],
            [126.9544228, 37.4570904],
            [126.9544067, 37.4571138],
            [126.9542031, 37.4571288]
          ]
        ]
      }
    },
    {
      "type": "Feature",
      "id": "way/439707874",
      "properties": {
        "name": "국제백신연구소"
      },
      "geometry": {
        "type": "Polygon",
        "coordinates": [
          [
            [126.9594541, 37.4641462],
            [126.959701, 37.4638319],
            [126.959931, 37.4639434],
            [126.9598245, 37.4640921],
            [126.9595733, 37.4642374],
            [126.9594541, 37.4641462]
          ]
        ]
      }
    },
    {
      "type": "Feature",
      "id": "way/439707875",
      "properties": {
        "name": "연구공원"
      },
      "geometry": {
        "type": "Polygon",
        "coordinates": [
          [
            [126.9590879, 37.4657143],
            [126.9591146, 37.4653804],
            [126.9595158, 37.4654006],
            [126.9594924, 37.465694],
            [126.9597223, 37.4658934],
            [126.9599798, 37.4658554],
            [126.9600308, 37.4660733],
            [126.9594626, 37.466157],
            [126.9590879, 37.4657143]
          ]
        ]
      }
    },
    {
      "type": "Feature",
      "id": "way/439707876",
      "properties": {
        "name": "LG전자 서울대연구소"
      },
      "geometry": {
        "type": "Polygon",
        "coordinates": [
          [
            [126.9605778, 37.4656581],
            [126.9605255, 37.4656134],
            [126.9606221, 37.4655367],
            [126.9612175, 37.4659796],
            [126.9609707, 37.4662095],
            [126.9607133, 37.4660221],
            [126.9608031, 37.4659455],
            [126.9605094, 37.4657283],
            [126.9605778, 37.4656581]
          ]
        ]
      }
    },
    {
      "type": "Feature",
      "id": "way/439707877",
      "properties": {
        "name": "백학어린이집"
      },
      "geometry": {
        "type": "Polygon",
        "coordinates": [
          [
            [126.9581001, 37.4663394],
            [126.9580703, 37.4662482],
            [126.9580831, 37.4661198],
            [126.9581129, 37.4659812],
            [126.9581427, 37.4658832],
            [126.9582917, 37.4658798],
            [126.9582449, 37.4660252],
            [126.9582747, 37.4661367],
            [126.9583939, 37.4661401],
            [126.9583726, 37.4662583],
            [126.9583258, 37.4663496],
            [126.9582406, 37.4664003],
            [126.9581427, 37.4663868],
            [126.9581001, 37.4663394]
          ]
        ]
      }
    },
    {
      "type": "Feature",
      "id": "way/439707878",
      "properties": {
        "name": "느티나무 어린이집"
      },
      "geometry": {
        "type": "Polygon",
        "coordinates": [
          [
            [126.9585314, 37.4662531],
            [126.9587941, 37.4661908],
            [126.9588349, 37.4658432],
            [126.9584444, 37.4658144],
            [126.9584293, 37.4659434],
            [126.9586704, 37.4659612],
            [126.9586484, 37.4661485],
            [126.9584876, 37.4661367],
            [126.9585314, 37.4662531]
          ]
        ]
      }
    },
    {
      "type": "Feature",
      "id": "way/439707880",
      "properties": {
        "name": "직원아파트"
      },
      "geometry": {
        "type": "Polygon",
        "coordinates": [
          [
            [126.959471, 37.4670203],
            [126.9595382, 37.4668805],
            [126.9600645, 37.46704],
            [126.9599973, 37.4671797],
            [126.959471, 37.4670203]
          ]
        ]
      }
    },
    {
      "type": "Feature",
      "id": "way/439707881",
      "properties": {
        "name": "게스트하우스"
      },
      "geometry": {
        "type": "Polygon",
        "coordinates": [
          [
            [126.9599426, 37.4677406],
            [126.9600885, 37.4674564],
            [126.9603336, 37.4675357],
            [126.9601877, 37.4678199],
            [126.9599426, 37.4677406]
          ]
        ]
      }
    },
    {
      "type": "Feature",
      "id": "way/439707882",
      "properties": {
        "name": "호암컨벤션센터"
      },
      "geometry": {
        "type": "Polygon",
        "coordinates": [
          [
            [126.9594551, 37.4680451],
            [126.9595301, 37.4679],
            [126.9596968, 37.4679542],
            [126.9597989, 37.4677567],
            [126.9601824, 37.4678815],
            [126.9599651, 37.4682137],
            [126.9594551, 37.4680451]
          ]
        ]
      }
    },
    {
      "type": "Feature",
      "id": "way/439707883",
      "properties": {
        "name": "호암서관"
      },
      "geometry": {
        "type": "Polygon",
        "coordinates": [
          [
            [126.9584551, 37.4676292],
            [126.9584134, 37.4674508],
            [126.9585419, 37.4674319],
            [126.958896, 37.467236],
            [126.9591565, 37.4672092],
            [126.9591782, 37.4673426],
            [126.959014, 37.4673595],
            [126.9586385, 37.4676022],
            [126.9584551, 37.4676292]
          ]
        ]
      }
    },
    {
      "type": "Feature",
      "id": "way/439707884",
      "properties": {
        "name": "호암동관"
      },
      "geometry": {
        "type": "Polygon",
        "coordinates": [
          [
            [126.9590864, 37.4675604],
            [126.9591669, 37.4674137],
            [126.9597032, 37.4675988],
            [126.9596228, 37.4677456],
            [126.9590864, 37.4675604]
          ]
        ]
      }
    },
    {
      "type": "Feature",
      "id": "way/439707885",
      "properties": {
        "name": "Caffè Pascucci"
      },
      "geometry": {
        "type": "Polygon",
        "coordinates": [
          [
            [126.9551346, 37.4592944],
            [126.9550371, 37.4591755],
            [126.9551192, 37.459133],
            [126.9552167, 37.4592519],
            [126.9551346, 37.4592944]
          ]
        ]
      }
    },
    {
      "type": "Feature",
      "id": "way/439707886",
      "properties": {
        "name": "총장 공관"
      },
      "geometry": {
        "type": "Polygon",
        "coordinates": [
          [
            [126.9570731, 37.4667713],
            [126.9571629, 37.4666346],
            [126.9576394, 37.4668317],
            [126.9575496, 37.4669685],
            [126.9570731, 37.4667713]
          ]
        ]
      }
    },
    {
      "type": "Feature",
      "id": "way/439707887",
      "properties": {
        "name": "D"
      },
      "geometry": {
        "type": "Polygon",
        "coordinates": [
          [
            [126.9572137, 37.4674888],
            [126.9573287, 37.467384],
            [126.9576352, 37.4675817],
            [126.9576395, 37.467754],
            [126.9572137, 37.4674888]
          ]
        ]
      }
    },
    {
      "type": "Feature",
      "id": "way/439707888",
      "properties": {
        "name": "E"
      },
      "geometry": {
        "type": "Polygon",
        "coordinates": [
          [
            [126.9567517, 37.4677371],
            [126.9567773, 37.467602],
            [126.9572158, 37.4678301],
            [126.9571115, 37.4679348],
            [126.9567517, 37.4677371]
          ]
        ]
      }
    },
    {
      "type": "Feature",
      "id": "way/439707889",
      "properties": {
        "name": "F"
      },
      "geometry": {
        "type": "Polygon",
        "coordinates": [
          [
            [126.9571434, 37.4679551],
            [126.9572584, 37.467847],
            [126.9576224, 37.4680379],
            [126.9576224, 37.4682238],
            [126.9571434, 37.4679551]
          ]
        ]
      }
    },
    {
      "type": "Feature",
      "id": "way/439707890",
      "properties": {
        "name": "G"
      },
      "geometry": {
        "type": "Polygon",
        "coordinates": [
          [
            [126.9567837, 37.4680497],
            [126.9568305, 37.4678791],
            [126.9570774, 37.4679973],
            [126.956988, 37.4681376],
            [126.9567837, 37.4680497]
          ]
        ]
      }
    },
    {
      "type": "Feature",
      "id": "way/439707891",
      "properties": {
        "name": "H"
      },
      "geometry": {
        "type": "Polygon",
        "coordinates": [
          [
            [126.9570455, 37.4681545],
            [126.9571179, 37.4680295],
            [126.9576118, 37.4682761],
            [126.9576075, 37.46844],
            [126.9570455, 37.4681545]
          ]
        ]
      }
    },
    {
      "type": "Feature",
      "id": "way/439707892",
      "properties": {
        "name": "934"
      },
      "geometry": {
        "type": "Polygon",
        "coordinates": [
          [
            [126.9593137, 37.4669372],
            [126.9592468, 37.4665207],
            [126.9594366, 37.4665015],
            [126.9595036, 37.466918],
            [126.9593137, 37.4669372]
          ]
        ]
      }
    },
    {
      "type": "Feature",
      "id": "way/439707893",
      "properties": {
        "name": "933"
      },
      "geometry": {
        "type": "Polygon",
        "coordinates": [
          [
            [126.9590292, 37.4669618],
            [126.9589677, 37.4665537],
            [126.9591598, 37.4665355],
            [126.9592213, 37.4669435],
            [126.9590292, 37.4669618]
          ]
        ]
      }
    },
    {
      "type": "Feature",
      "id": "way/439707894",
      "properties": {
        "name": "932"
      },
      "geometry": {
        "type": "Polygon",
        "coordinates": [
          [
            [126.9583429, 37.4668997],
            [126.9583185, 37.4667236],
            [126.9588575, 37.4666766],
            [126.9588818, 37.4668528],
            [126.9583429, 37.4668997]
          ]
        ]
      }
    },
    {
      "type": "Feature",
      "id": "way/439707895",
      "properties": {
        "name": "931"
      },
      "geometry": {
        "type": "Polygon",
        "coordinates": [
          [
            [126.9583875, 37.4671768],
            [126.9583544, 37.4670234],
            [126.9588603, 37.4669545],
            [126.9588935, 37.467108],
            [126.9583875, 37.4671768]
          ]
        ]
      }
    },
    {
      "type": "Feature",
      "id": "way/455025059",
      "properties": {
        "name": null
      },
      "geometry": {
        "type": "Polygon",
        "coordinates": [
          [
            [126.9534125, 37.4640425],
            [126.9534779, 37.4640814],
            [126.9535713, 37.4639906],
            [126.9535027, 37.463953],
            [126.9534125, 37.4640425]
          ]
        ]
      }
    },
    {
      "type": "Feature",
      "id": "way/456300256",
      "properties": {
        "name": "919B"
      },
      "geometry": {
        "type": "Polygon",
        "coordinates": [
          [
            [126.9581364, 37.4629238],
            [126.9587067, 37.4629646],
            [126.9586631, 37.4633485],
            [126.958533, 37.4633392],
            [126.958564, 37.4630659],
            [126.9581238, 37.4630344],
            [126.9581364, 37.4629238]
          ]
        ]
      }
    },
    {
      "type": "Feature",
      "id": "way/456356711",
      "properties": {
        "name": "우정원 글로벌사회공헌센터(153동)"
      },
      "geometry": {
        "type": "Polygon",
        "coordinates": [
          [
            [126.9520543, 37.4664079],
            [126.9519668, 37.4665844],
            [126.9521419, 37.4666524],
            [126.9522683, 37.4664043],
            [126.9522833, 37.4661952],
            [126.952222, 37.4661413],
            [126.9521221, 37.4661412],
            [126.9520576, 37.4661921],
            [126.9520543, 37.4664079]
          ]
        ]
      }
    },
    {
      "type": "Feature",
      "id": "way/456356713",
      "properties": {
        "name": "체육문화교육연구동(71-1동)"
      },
      "geometry": {
        "type": "Polygon",
        "coordinates": [
          [
            [126.9522881, 37.4667147],
            [126.9527477, 37.4668609],
            [126.9530243, 37.466313],
            [126.9525646, 37.4661668],
            [126.9522881, 37.4667147]
          ]
        ]
      }
    },
    {
      "type": "Feature",
      "id": "way/460919054",
      "properties": {
        "name": "42-1동"
      },
      "geometry": {
        "type": "Polygon",
        "coordinates": [
          [
            [126.9522501, 37.4550331],
            [126.952359, 37.4550367],
            [126.9523611, 37.4549979],
            [126.9523704, 37.4548206],
            [126.9522615, 37.454817],
            [126.9522501, 37.4550331]
          ]
        ]
      }
    },
    {
      "type": "Feature",
      "id": "way/460919056",
      "properties": {
        "name": "45동"
      },
      "geometry": {
        "type": "Polygon",
        "coordinates": [
          [
            [126.9525931, 37.4540587],
            [126.9525972, 37.4539145],
            [126.9528846, 37.4539197],
            [126.9528804, 37.4540639],
            [126.9526571, 37.4540599],
            [126.9525931, 37.4540587]
          ]
        ]
      }
    },
    {
      "type": "Feature",
      "id": "way/482207537",
      "properties": {
        "name": "제2공학관"
      },
      "geometry": {
        "type": "Polygon",
        "coordinates": [
          [
            [126.9523464, 37.4484721],
            [126.9523469, 37.448363],
            [126.9522381, 37.4483641],
            [126.952234, 37.4481083],
            [126.9526872, 37.4481037],
            [126.9526913, 37.4483604],
            [126.9525478, 37.4483619],
            [126.9525473, 37.4484727],
            [126.9526559, 37.4484714],
            [126.9526619, 37.449027],
            [126.9524384, 37.4490285],
            [126.9522059, 37.4490295],
            [126.9522043, 37.4487903],
            [126.952201, 37.4484736],
            [126.9523464, 37.4484721]
          ]
        ]
      }
    },
    {
      "type": "Feature",
      "id": "way/482220667",
      "properties": {
        "name": "900"
      },
      "geometry": {
        "type": "Polygon",
        "coordinates": [
          [
            [126.9580096, 37.4612393],
            [126.957916, 37.4613989],
            [126.9578608, 37.4613785],
            [126.9578254, 37.4614388],
            [126.9580268, 37.4615132],
            [126.9580084, 37.4615445],
            [126.9580964, 37.461577],
            [126.9582251, 37.4613576],
            [126.9580768, 37.4613028],
            [126.9580955, 37.461271],
            [126.9580096, 37.4612393]
          ]
        ]
      }
    },
    {
      "type": "Feature",
      "id": "way/482220668",
      "properties": {
        "name": "922"
      },
      "geometry": {
        "type": "Polygon",
        "coordinates": [
          [
            [126.9591547, 37.4632323],
            [126.9592989, 37.4632473],
            [126.9593346, 37.4630306],
            [126.9592737, 37.4630242],
            [126.9593023, 37.4628503],
            [126.9591613, 37.4628357],
            [126.9591313, 37.4630178],
            [126.9591891, 37.4630238],
            [126.9591547, 37.4632323]
          ]
        ]
      }
    },
    {
      "type": "Feature",
      "id": "way/482220670",
      "properties": {
        "name": "924"
      },
      "geometry": {
        "type": "Polygon",
        "coordinates": [
          [
            [126.9592791, 37.4634805],
            [126.9592643, 37.4635783],
            [126.9595439, 37.4636051],
            [126.959551, 37.4635582],
            [126.9598079, 37.4635828],
            [126.9598252, 37.4634688],
            [126.959561, 37.4634435],
            [126.9595514, 37.4635065],
            [126.9592791, 37.4634805]
          ]
        ]
      }
    },
    {
      "type": "Feature",
      "id": "way/482220671",
      "properties": {
        "name": "919D"
      },
      "geometry": {
        "type": "Polygon",
        "coordinates": [
          [
            [126.9587173, 37.4626648],
            [126.9587672, 37.4626685],
            [126.9589252, 37.46268],
            [126.9589514, 37.4624534],
            [126.9587436, 37.4624382],
            [126.9587173, 37.4626648]
          ]
        ]
      }
    },
    {
      "type": "Feature",
      "id": "way/482220672",
      "properties": {
        "name": "906"
      },
      "geometry": {
        "type": "Polygon",
        "coordinates": [
          [
            [126.9583274, 37.4626504],
            [126.9584464, 37.4620853],
            [126.9583764, 37.4620761],
            [126.9582791, 37.4620631],
            [126.9581875, 37.4625051],
            [126.9581301, 37.4624977],
            [126.9579679, 37.4624769],
            [126.9579555, 37.4625387],
            [126.957943, 37.4626004],
            [126.9583274, 37.4626504]
          ]
        ]
      }
    },
    {
      "type": "Feature",
      "id": "way/482220673",
      "properties": {
        "name": "904"
      },
      "geometry": {
        "type": "Polygon",
        "coordinates": [
          [
            [126.9580385, 37.4605793],
            [126.9576127, 37.4604286],
            [126.9575791, 37.4604884],
            [126.9574357, 37.4607435],
            [126.957344, 37.460711],
            [126.9572735, 37.4606861],
            [126.9575098, 37.4602654],
            [126.9580978, 37.4604736],
            [126.9580385, 37.4605793]
          ]
        ]
      }
    },
    {
      "type": "Feature",
      "id": "way/482220675",
      "properties": {
        "name": "905"
      },
      "geometry": {
        "type": "Polygon",
        "coordinates": [
          [
            [126.9583569, 37.4608123],
            [126.9582715, 37.4609468],
            [126.9582178, 37.4609362],
            [126.9581626, 37.4610238],
            [126.9586045, 37.4611993],
            [126.9584857, 37.4613877],
            [126.958522, 37.4614021],
            [126.9584654, 37.4614917],
            [126.9585761, 37.4615358],
            [126.9588382, 37.4611215],
            [126.9585346, 37.4610005],
            [126.9585207, 37.4610223],
            [126.9584548, 37.4609959],
            [126.9585279, 37.4608807],
            [126.9583569, 37.4608123]
          ]
        ]
      }
    },
    {
      "type": "Feature",
      "id": "way/482220678",
      "properties": {
        "name": "903"
      },
      "geometry": {
        "type": "Polygon",
        "coordinates": [
          [
            [126.9574337, 37.4610288],
            [126.9575115, 37.4608814],
            [126.9574705, 37.4608678],
            [126.9575084, 37.460796],
            [126.9577275, 37.4608689],
            [126.9577442, 37.4608373],
            [126.9578221, 37.4608632],
            [126.9577458, 37.4610078],
            [126.9577856, 37.4610211],
            [126.9577454, 37.4610972],
            [126.9575323, 37.4610263],
            [126.9575165, 37.4610563],
            [126.9574337, 37.4610288]
          ]
        ]
      }
    },
    {
      "type": "Feature",
      "id": "way/482220679",
      "properties": {
        "name": "923"
      },
      "geometry": {
        "type": "Polygon",
        "coordinates": [
          [
            [126.9593062, 37.4633895],
            [126.9593303, 37.4632639],
            [126.9596522, 37.4633065],
            [126.9596307, 37.46343],
            [126.9593062, 37.4633895]
          ]
        ]
      }
    },
    {
      "type": "Feature",
      "id": "way/482220680",
      "properties": {
        "name": "902"
      },
      "geometry": {
        "type": "Polygon",
        "coordinates": [
          [
            [126.957102, 37.4615972],
            [126.9571892, 37.4614543],
            [126.9571521, 37.46144],
            [126.9571984, 37.4613641],
            [126.9574148, 37.4614473],
            [126.9574316, 37.4614199],
            [126.9574961, 37.4614447],
            [126.9574042, 37.4615953],
            [126.9574435, 37.4616105],
            [126.9574026, 37.4616775],
            [126.9571967, 37.4615983],
            [126.9571793, 37.4616269],
            [126.957102, 37.4615972]
          ]
        ]
      }
    },
    {
      "type": "Feature",
      "id": "way/482220682",
      "properties": {
        "name": "901"
      },
      "geometry": {
        "type": "Polygon",
        "coordinates": [
          [
            [126.957589, 37.4620346],
            [126.9575959, 37.4619705],
            [126.9576589, 37.4619747],
            [126.9576772, 37.4618037],
            [126.9577681, 37.4618099],
            [126.9577635, 37.4618528],
            [126.9579815, 37.4618674],
            [126.957971, 37.4619662],
            [126.9579075, 37.4619619],
            [126.9578911, 37.4621154],
            [126.9577688, 37.4621072],
            [126.9577752, 37.4620472],
            [126.957589, 37.4620346]
          ]
        ]
      }
    },
    {
      "type": "Feature",
      "id": "way/482220683",
      "properties": {
        "name": "921"
      },
      "geometry": {
        "type": "Polygon",
        "coordinates": [
          [
            [126.9587909, 37.4635706],
            [126.9589454, 37.4635791],
            [126.9589652, 37.4633522],
            [126.959038, 37.4633562],
            [126.9590534, 37.4631807],
            [126.9589246, 37.4631736],
            [126.9589088, 37.4633546],
            [126.9588102, 37.4633492],
            [126.9587909, 37.4635706]
          ]
        ]
      }
    },
    {
      "type": "Feature",
      "id": "way/482425583",
      "properties": {
        "name": "919A"
      },
      "geometry": {
        "type": "Polygon",
        "coordinates": [
          [
            [126.9580871, 37.4634905],
            [126.958538, 37.4635199],
            [126.9586462, 37.463527],
            [126.9586585, 37.4634074],
            [126.9585607, 37.4634021],
            [126.9582924, 37.4633874],
            [126.9580995, 37.463371],
            [126.9580871, 37.4634905]
          ]
        ]
      }
    },
    {
      "type": "Feature",
      "id": "way/482425584",
      "properties": {
        "name": "919C"
      },
      "geometry": {
        "type": "Polygon",
        "coordinates": [
          [
            [126.9587404, 37.4629058],
            [126.9589696, 37.4629221],
            [126.9589965, 37.4626844],
            [126.9589252, 37.46268],
            [126.9587672, 37.4626685],
            [126.9587575, 37.4627545],
            [126.9587404, 37.4629058]
          ]
        ]
      }
    },
    {
      "type": "Feature",
      "id": "way/482425585",
      "properties": {
        "name": "925"
      },
      "geometry": {
        "type": "Polygon",
        "coordinates": [
          [
            [126.9585224, 37.4643287],
            [126.9586575, 37.4643389],
            [126.9586834, 37.464122],
            [126.9586121, 37.4641166],
            [126.9586388, 37.4638936],
            [126.9584949, 37.4638828],
            [126.9584668, 37.464118],
            [126.9585468, 37.4641241],
            [126.9585224, 37.4643287]
          ]
        ]
      }
    },
    {
      "type": "Feature",
      "id": "way/482425586",
      "properties": {
        "name": "926"
      },
      "geometry": {
        "type": "Polygon",
        "coordinates": [
          [
            [126.9588045, 37.4642864],
            [126.958819, 37.4641663],
            [126.959154, 37.4641916],
            [126.9591396, 37.4643118],
            [126.9588045, 37.4642864]
          ]
        ]
      }
    },
    {
      "type": "Feature",
      "id": "way/482425587",
      "properties": {
        "name": "920"
      },
      "geometry": {
        "type": "Polygon",
        "coordinates": [
          [
            [126.9590188, 37.4637639],
            [126.9588699, 37.463847],
            [126.9588616, 37.4638821],
            [126.9588257, 37.4639018],
            [126.9588175, 37.4639915],
            [126.9588478, 37.4640243],
            [126.9589691, 37.4640309],
            [126.9590133, 37.4640068],
            [126.9590491, 37.4640068],
            [126.9590353, 37.464055],
            [126.9592008, 37.4640681],
            [126.9592228, 37.4639762],
            [126.959198, 37.4639718],
            [126.9592146, 37.4638602],
            [126.9592063, 37.4637858],
            [126.9591677, 37.4637442],
            [126.9590464, 37.4637485],
            [126.9590188, 37.4637639]
          ]
        ]
      }
    },
    {
      "type": "Feature",
      "id": "way/605434649",
      "properties": {
        "name": "저류조 입구"
      },
      "geometry": {
        "type": "Polygon",
        "coordinates": [
          [
            [126.9478074, 37.4673422],
            [126.9478065, 37.4673031],
            [126.9478059, 37.4672616],
            [126.9479942, 37.46726],
            [126.9479947, 37.4673005],
            [126.9479956, 37.4673395],
            [126.9478074, 37.4673422]
          ]
        ]
      }
    },
    {
      "type": "Feature",
      "id": "way/700872151",
      "properties": {
        "name": "삼성전자서울대연구소"
      },
      "geometry": {
        "type": "Polygon",
        "coordinates": [
          [
            [126.9596494, 37.4665282],
            [126.9599299, 37.4662838],
            [126.960807, 37.4669179],
            [126.9607229, 37.4669912],
            [126.9609569, 37.4671604],
            [126.9605929, 37.4674774],
            [126.9603052, 37.4672693],
            [126.9604727, 37.4671234],
            [126.9596494, 37.4665282]
          ]
        ]
      }
    },
    {
      "type": "Feature",
      "id": "way/777502176",
      "properties": {
        "name": "312 정밀기계설계 실험동"
      },
      "geometry": {
        "type": "Polygon",
        "coordinates": [
          [
            [126.9518286, 37.4510682],
            [126.9518057, 37.4509811],
            [126.9519144, 37.4509631],
            [126.9520091, 37.4509447],
            [126.9519788, 37.450834],
            [126.9519001, 37.4508439],
            [126.951875, 37.4507474],
            [126.9517428, 37.4507644],
            [126.9517302, 37.4507218],
            [126.9515252, 37.4507563],
            [126.9516226, 37.4511045],
            [126.9518286, 37.4510682]
          ]
        ]
      }
    },
    {
      "type": "Feature",
      "id": "way/778417387",
      "properties": {
        "name": "글로벌학생생활관(917)"
      },
      "geometry": {
        "type": "Polygon",
        "coordinates": [
          [
            [126.9573292, 37.4659217],
            [126.9573318, 37.4657748],
            [126.9573587, 37.4657791],
            [126.957356, 37.4656109],
            [126.9576322, 37.4656173],
            [126.9576376, 37.4659153],
            [126.9573292, 37.4659217]
          ]
        ]
      }
    },
    {
      "type": "Feature",
      "id": "way/778417388",
      "properties": {
        "name": "글로벌학생생활관(916)"
      },
      "geometry": {
        "type": "Polygon",
        "coordinates": [
          [
            [126.9569939, 37.4654853],
            [126.9570127, 37.4652468],
            [126.9574177, 37.465266],
            [126.9573989, 37.4654895],
            [126.9569939, 37.4654853]
          ]
        ]
      }
    },
    {
      "type": "Feature",
      "id": "way/778417389",
      "properties": {
        "name": "글로벌학생생활관(915)"
      },
      "geometry": {
        "type": "Polygon",
        "coordinates": [
          [
            [126.9573801, 37.465134],
            [126.9573801, 37.4648253],
            [126.9576966, 37.4648445],
            [126.9576778, 37.4651446],
            [126.9573801, 37.465134]
          ]
        ]
      }
    },
    {
      "type": "Feature",
      "id": "way/892896238",
      "properties": {
        "name": "공과대학"
      },
      "geometry": {
        "type": "Polygon",
        "coordinates": [
          [
            [126.9521327, 37.4568838],
            [126.9522071, 37.4568914],
            [126.9522136, 37.4568489],
            [126.9522203, 37.4568054],
            [126.9522621, 37.4565321],
            [126.9522629, 37.456527],
            [126.9522115, 37.4565211],
            [126.952217, 37.4564789],
            [126.9522819, 37.4564113],
            [126.9522687, 37.4564096],
            [126.9522283, 37.4564044],
            [126.9522357, 37.4563833],
            [126.9522236, 37.4563617],
            [126.9522576, 37.4561469],
            [126.9522457, 37.4561457],
            [126.9520581, 37.4561271],
            [126.9520575, 37.4561348],
            [126.9519695, 37.4561271],
            [126.9519272, 37.4561234],
            [126.951789, 37.456981],
            [126.9519216, 37.4569946],
            [126.951917, 37.4570219],
            [126.9521076, 37.4570418],
            [126.9521147, 37.456997],
            [126.9521327, 37.4568838]
          ]
        ]
      }
    },
    {
      "type": "Feature",
      "id": "way/905718842",
      "properties": {
        "name": "실험동물자원관리원"
      },
      "geometry": {
        "type": "Polygon",
        "coordinates": [
          [
            [126.9526109, 37.4574026],
            [126.9526715, 37.4574036],
            [126.9526739, 37.4574821],
            [126.952884, 37.4574782],
            [126.9528865, 37.4573193],
            [126.9528605, 37.4573202],
            [126.952868, 37.4571044],
            [126.9526047, 37.4571034],
            [126.9526109, 37.4574026]
          ]
        ]
      }
    },
    {
      "type": "Feature",
      "id": "way/1138173337",
      "properties": {
        "name": null
      },
      "geometry": {
        "type": "Polygon",
        "coordinates": [
          [
            [126.9474854, 37.4630381],
            [126.947458, 37.4630406],
            [126.9474153, 37.4629632],
            [126.9474305, 37.462939],
            [126.9473498, 37.4627999],
            [126.9474336, 37.4627769],
            [126.9474961, 37.4628833],
            [126.9475204, 37.4628858],
            [126.9475296, 37.4628942],
            [126.9475387, 37.46291],
            [126.9475296, 37.4629317],
            [126.947522, 37.462945],
            [126.947624, 37.46291],
            [126.9476457, 37.4629408],
            [126.9476697, 37.4629765],
            [126.9474854, 37.4630381]
          ]
        ]
      }
    },
    {
      "type": "Feature",
      "id": "way/1469808348",
      "properties": {
        "name": null
      },
      "geometry": {
        "type": "Polygon",
        "coordinates": [
          [
            [126.9507777, 37.464518],
            [126.9507857, 37.4645135],
            [126.9506323, 37.4643408],
            [126.9506245, 37.4643453],
            [126.9505535, 37.4642654],
            [126.9504795, 37.4643068],
            [126.9504587, 37.4643184],
            [126.9507464, 37.4646425],
            [126.9507684, 37.4646302],
            [126.9508412, 37.4645895],
            [126.9507777, 37.464518]
          ]
        ]
      }
    },
    {
      "type": "Feature",
      "id": "way/1469808353",
      "properties": {
        "name": null
      },
      "geometry": {
        "type": "Polygon",
        "coordinates": [
          [
            [126.9506323, 37.4643408],
            [126.9506245, 37.4643453],
            [126.9505541, 37.4643857],
            [126.9505607, 37.464403],
            [126.9505682, 37.4644204],
            [126.9505759, 37.4644356],
            [126.9505857, 37.4644524],
            [126.9505999, 37.4644693],
            [126.950614, 37.4644848],
            [126.9506271, 37.4644995],
            [126.9506411, 37.4645128],
            [126.9506612, 37.4645281],
            [126.9506817, 37.4645427],
            [126.9507067, 37.4645578],
            [126.9507777, 37.464518],
            [126.9507857, 37.4645135],
            [126.9506323, 37.4643408]
          ]
        ]
      }
    },
    {
      "type": "Feature",
      "id": "way/1469808354",
      "properties": {
        "name": null
      },
      "geometry": {
        "type": "Polygon",
        "coordinates": [
          [
            [126.9512604, 37.4652865],
            [126.9512048, 37.465288],
            [126.95121, 37.4654093],
            [126.9512655, 37.4654078],
            [126.9512604, 37.4652865]
          ]
        ]
      }
    },
    {
      "type": "Feature",
      "id": "way/1485386282",
      "properties": {
        "name": "데이터사이언스대학원"
      },
      "geometry": {
        "type": "Polygon",
        "coordinates": [
          [
            [126.9510902, 37.4572783],
            [126.9511308, 37.4569424],
            [126.9513463, 37.4569646],
            [126.9513076, 37.4572977],
            [126.9510902, 37.4572783]
          ]
        ]
      }
    },
    {
      "type": "Feature",
      "id": "way/1530459898",
      "properties": {
        "name": null
      },
      "geometry": {
        "type": "Polygon",
        "coordinates": [
          [
            [126.9494965, 37.4568401],
            [126.9495797, 37.4564977],
            [126.9498945, 37.4562809],
            [126.9504644, 37.4563172],
            [126.9503476, 37.4569358],
            [126.9494965, 37.4568401]
          ]
        ]
      }
    },
    {
      "type": "Feature",
      "id": "way/1537839925",
      "properties": {
        "name": "한국경제혁신센터"
      },
      "geometry": {
        "type": "Polygon",
        "coordinates": [
          [
            [126.9505242, 37.4638289],
            [126.9505844, 37.4637799],
            [126.9509418, 37.4634592],
            [126.9508093, 37.4632672],
            [126.9502145, 37.4637774],
            [126.9505242, 37.4638289]
          ]
        ]
      }
    },
    {
      "type": "Feature",
      "id": "way/1542788687",
      "properties": {
        "name": "우석경제관"
      },
      "geometry": {
        "type": "Polygon",
        "coordinates": [
          [
            [126.9556766, 37.4657811],
            [126.955605, 37.4657093],
            [126.9556232, 37.4656978],
            [126.9554322, 37.4655063],
            [126.9554026, 37.4655249],
            [126.9552865, 37.4654085],
            [126.9555814, 37.4652231],
            [126.9557263, 37.4653683],
            [126.9556888, 37.4653918],
            [126.9557378, 37.4654409],
            [126.9557791, 37.465415],
            [126.9558407, 37.4654767],
            [126.95579, 37.4655086],
            [126.9558254, 37.465544],
            [126.955848, 37.4655297],
            [126.9559362, 37.4656181],
            [126.9556766, 37.4657811]
          ]
        ]
      }
    },
    {
      "type": "Feature",
      "id": "relation/6808893",
      "properties": {
        "name": "우천법학관"
      },
      "geometry": {
        "type": "Polygon",
        "coordinates": [
          [
            [126.9513303, 37.4623391],
            [126.9514511, 37.4622388],
            [126.9513027, 37.4621276],
            [126.9509001, 37.4624742],
            [126.9514088, 37.4628688],
            [126.9514507, 37.4628415],
            [126.9514701, 37.462825],
            [126.9510899, 37.4625445],
            [126.9513303, 37.4623391]
          ]
        ]
      }
    },
    {
      "type": "Feature",
      "id": "way/700876324",
      "properties": {
        "name": "수의대부속 동물병원"
      },
      "geometry": {
        "type": "Polygon",
        "coordinates": [
          [
            [126.9524939, 37.4684541],
            [126.9523221, 37.4682889],
            [126.9527238, 37.4680718],
            [126.9527916, 37.4678932],
            [126.9530167, 37.4679796],
            [126.9529807, 37.4680853],
            [126.9528763, 37.4682351],
            [126.9524939, 37.4684541]
          ]
        ]
      }
    },
    {
      "type": "Feature",
      "id": "way/386891111",
      "properties": {
        "name": "수의대부속 동물병원"
      },
      "geometry": {
        "type": "Polygon",
        "coordinates": [
          [
            [126.9530768, 37.4682832],
            [126.9531393, 37.4683632],
            [126.9532557, 37.4683058],
            [126.9533329, 37.4680057],
            [126.95323, 37.4678796],
            [126.9531696, 37.4678689],
            [126.9531539, 37.4679244],
            [126.9530173, 37.4679793],
            [126.9529814, 37.4680851],
            [126.9530079, 37.468084],
            [126.952999, 37.4681266],
            [126.9530765, 37.4681373],
            [126.9531012, 37.4680541],
            [126.9531215, 37.4680751],
            [126.9530768, 37.4682832]
          ]
        ]
      }
    }
  ]
}
